"Player","Pos","Team                     Currently With","Age                     At Signing","Start","End","Yrs","Value","AAV"
"Kirill Kaprizov","LW","MIN                  MIN","28","2026","2033","8","$136,000,000","$17,000,000"
"Leon Draisaitl","C","EDM                  EDM","28","2025","2032","8","$112,000,000","$14,000,000"
"Shea Weber","D","CHI                  CHI","26","2012","2025","14","$110,000,000","$7,857,143"
"Jack Eichel","C","VGK                  VGK","28","2026","2033","8","$108,000,000","$13,500,000"
"Sidney Crosby","C","PIT                  PIT","25","2013","2024","12","$104,400,000","$8,700,000"
"Nathan MacKinnon","C","COL                  COL","27","2023","2030","8","$100,800,000","$12,600,000"
"Connor McDavid","C","EDM                  EDM","20","2018","2025","8","$100,000,000","$12,500,000"
"Kyle Connor","LW","WPG                  WPG","28","2026","2033","8","$96,000,000","$12,000,000"
"Mitchell Marner","RW","VGK                  VGK","28","2025","2032","8","$96,000,000","$12,000,000"
"Mikko Rantanen","RW","DAL                  DAL","28","2025","2032","8","$96,000,000","$12,000,000"
"Elias Pettersson","C","VAN                  VAN","25","2024","2031","8","$92,800,000","$11,600,000"
"Martin Necas","C","COL                  COL","26","2026","2033","8","$92,000,000","$11,500,000"
"Igor Shesterkin","G","NYR                  NYR","28","2025","2032","8","$92,000,000","$11,500,000"
"William Nylander","C","TOR                  TOR","27","2024","2031","8","$92,000,000","$11,500,000"
"Erik Karlsson","D","PIT                  PIT","28","2019","2026","8","$92,000,000","$11,500,000"
"David Pastrnak","RW","BOS                  BOS","26","2023","2030","8","$90,000,000","$11,250,000"
"Rasmus Dahlin","D","BUF                  BUF","23","2024","2031","8","$88,000,000","$11,000,000"
"Drew Doughty","D","LAK                  LAK","29","2019","2026","8","$88,000,000","$11,000,000"
"Adrian Kempe","LW","LAK                  LAK","29","2026","2033","8","$85,000,000","$10,625,000"
"Thomas Harley","D","DAL                  DAL","24","2026","2033","8","$84,700,000","$10,587,500"
"Jonathan Huberdeau","LW","CGY                  CGY","29","2023","2030","8","$84,000,000","$10,500,000"
"Carey Price","G","SJS                  SJS","30","2018","2025","8","$84,000,000","$10,500,000"
"Artemi Panarin","LW","LAK                  LAK","27","2019","2025","7","$81,500,000","$11,642,857"
"Logan Cooley","C","UTA                  UTA","21","2026","2033","8","$80,000,000","$10,000,000"
"Aleksander Barkov","C","FLA                  FLA","26","2022","2029","8","$80,000,000","$10,000,000"
"Jack Eichel","C","VGK                  VGK","21","2018","2025","8","$80,000,000","$10,000,000"
"Tyler Seguin","C","DAL                  DAL","26","2019","2026","8","$78,800,000","$9,850,000"
"Sebastian Aho","LW","CAR                  CAR","26","2024","2031","8","$78,000,000","$9,750,000"
"Noah Dobson","D","MTL                  MTL","25","2025","2032","8","$76,000,000","$9,500,000"
"Matthew Tkachuk","LW","FLA                  FLA","24","2022","2029","8","$76,000,000","$9,500,000"
"Charlie McAvoy","D","BOS                  BOS","24","2022","2029","8","$76,000,000","$9,500,000"
"Brayden Point","C","TBL                  TBL","25","2022","2029","8","$76,000,000","$9,500,000"
"Seth Jones","D","FLA                  FLA","26","2022","2029","8","$76,000,000","$9,500,000"
"Andrei Vasilevskiy","G","TBL                  TBL","25","2020","2027","8","$76,000,000","$9,500,000"
"Mark Stone","RW","VGK                  VGK","26","2019","2026","8","$76,000,000","$9,500,000"
"Nikita Kucherov","RW","TBL                  TBL","25","2019","2026","8","$76,000,000","$9,500,000"
"Darnell Nurse","D","EDM                  EDM","26","2022","2029","8","$74,000,000","$9,250,000"
"Mathew Barzal","C","NYI                  NYI","25","2023","2030","8","$73,200,000","$9,150,000"
"Roman Josi","D","NSH                  NSH","29","2020","2027","8","$72,472,000","$9,059,000"
"Jackson Lacombe","D","ANA                  ANA","24","2026","2033","8","$72,000,000","$9,000,000"
"Jakob Chychrun","D","WAS                  WAS","26","2025","2032","8","$72,000,000","$9,000,000"
"Lane Hutson","D","MTL                  MTL","21","2026","2033","8","$70,800,000","$8,850,000"
"Timo Meier","LW","NJD                  NJD","26","2023","2030","8","$70,400,000","$8,800,000"
"Travis Konecny","C","PHI                  PHI","27","2025","2032","8","$70,000,000","$8,750,000"
"Sergei Bobrovsky","G","FLA                  FLA","30","2019","2025","7","$70,000,000","$10,000,000"
"Dylan Larkin","C","DET                  DET","26","2023","2030","8","$69,600,000","$8,700,000"
"Sam Reinhart","C","FLA                  FLA","28","2024","2031","8","$69,000,000","$8,625,000"
"Brock Faber","D","MIN                  MIN","21","2025","2032","8","$68,000,000","$8,500,000"
"Pierre-Luc Dubois","C","WAS                  WAS","25","2023","2030","8","$68,000,000","$8,500,000"
"Bo Horvat","C","NYI                  NYI","27","2023","2030","8","$68,000,000","$8,500,000"
"Mikhail Sergachev","D","UTA                  UTA","24","2023","2030","8","$68,000,000","$8,500,000"
"Filip Forsberg","C","NSH                  NSH","27","2022","2029","8","$68,000,000","$8,500,000"
"Mika Zibanejad","C","NYR                  NYR","28","2022","2029","8","$68,000,000","$8,500,000"
"Leon Draisaitl","C","EDM                  EDM","21","2017","2024","8","$68,000,000","$8,500,000"
"Roope Hintz","LW","DAL                  DAL","26","2023","2030","8","$67,600,000","$8,450,000"
"Miro Heiskanen","D","DAL                  DAL","21","2021","2028","8","$67,600,000","$8,450,000"
"Tim Stützle","C","OTT                  OTT","20","2023","2030","8","$66,800,000","$8,350,000"
"Adam Fox","D","NYR                  NYR","23","2022","2028","7","$66,500,000","$9,500,000"
"Jake Oettinger","G","DAL                  DAL","26","2025","2032","8","$66,000,000","$8,250,000"
"Jeremy Swayman","G","BOS                  BOS","25","2024","2031","8","$66,000,000","$8,250,000"
"Ilya Sorokin","G","NYI                  NYI","27","2024","2031","8","$66,000,000","$8,250,000"
"Tomas Hertl","C","VGK                  VGK","28","2022","2029","8","$65,100,000","$8,137,500"
"Jordan Kyrou","C","STL                  STL","24","2023","2030","8","$65,000,000","$8,125,000"
"Robert Thomas","C","STL                  STL","23","2023","2030","8","$65,000,000","$8,125,000"
"Lucas Raymond","RW","DET                  DET","22","2024","2031","8","$64,600,000","$8,075,000"
"Nick Schmaltz","C","UTA                  UTA","30","2026","2033","8","$64,000,000","$8,000,000"
"Sam Bennett","C","FLA                  FLA","29","2025","2032","8","$64,000,000","$8,000,000"
"Jake Sanderson","D","OTT                  OTT","21","2024","2031","8","$64,000,000","$8,000,000"
"Jack Hughes","C","NJD                  NJD","20","2022","2029","8","$64,000,000","$8,000,000"
"Thomas Chabot","D","OTT                  OTT","22","2020","2027","8","$64,000,000","$8,000,000"
"Logan Couture","C","SJS                  SJS","29","2019","2026","8","$64,000,000","$8,000,000"
"John Carlson","D","ANA                  ANA","27","2018","2025","8","$64,000,000","$8,000,000"
"Josh Norris","C","BUF                  BUF","22","2022","2029","8","$63,600,000","$7,950,000"
"Seth Jarvis","RW","CAR                  CAR","22","2024","2031","8","$63,200,000","$7,900,000"
"Luke Hughes","D","NJD                  NJD","22","2025","2031","7","$63,000,000","$9,000,000"
"Jake Guentzel","C","TBL                  TBL","29","2024","2030","7","$63,000,000","$9,000,000"
"Jesper Bratt","LW","NJD                  NJD","24","2023","2030","8","$63,000,000","$7,875,000"
"Nick Suzuki","C","MTL                  MTL","22","2022","2029","8","$63,000,000","$7,875,000"
"Dougie Hamilton","D","NJD                  NJD","28","2021","2027","7","$63,000,000","$9,000,000"
"Victor Hedman","D","TBL                  TBL","25","2016","2024","8","$63,000,000","$7,875,000"
"Cole Caufield","RW","MTL                  MTL","22","2023","2030","8","$62,800,000","$7,850,000"
"Sean Couturier","C","PHI                  PHI","29","2022","2029","8","$62,000,000","$7,750,000"
"Andrei Svechnikov","RW","CAR                  CAR","20","2021","2028","8","$62,000,000","$7,750,000"
"Juuse Saros","G","NSH                  NSH","29","2025","2032","8","$61,920,000","$7,740,000"
"Alex Pietrangelo","D","VGK                  VGK","29","2020","2026","7","$61,600,000","$8,800,000"
"Juraj Slafkovsky","LW","MTL                  MTL","20","2025","2032","8","$60,800,000","$7,600,000"
"K'Andre Miller","D","CAR                  CAR","25","2025","2032","8","$60,000,000","$7,500,000"
"Morgan Rielly","D","TOR                  TOR","27","2022","2029","8","$60,000,000","$7,500,000"
"Moritz Seider","D","DET                  DET","23","2024","2030","7","$59,850,000","$8,550,000"
"Ivan Provorov","D","CBJ                  CBJ","28","2025","2031","7","$59,500,000","$8,500,000"
"Mark Scheifele","C","WPG                  WPG","30","2024","2030","7","$59,500,000","$8,500,000"
"Connor Hellebuyck","G","WPG                  WPG","30","2024","2030","7","$59,500,000","$8,500,000"
"Noah Hanifin","D","VGK                  VGK","27","2024","2031","8","$58,800,000","$7,350,000"
"Owen Power","D","BUF                  BUF","20","2024","2030","7","$58,450,000","$8,350,000"
"Filip Hronek","D","VAN                  VAN","26","2024","2031","8","$58,000,000","$7,250,000"
"Brady Tkachuk","LW","OTT                  OTT","21","2021","2027","7","$57,500,000","$8,214,286"
"Zachary Werenski","D","CBJ                  CBJ","24","2022","2027","6","$57,500,000","$9,583,333"
"Clayton Keller","C","UTA                  UTA","21","2020","2027","8","$57,200,000","$7,150,000"
"Dylan Guenther","RW","UTA                  UTA","21","2025","2032","8","$57,142,856","$7,142,857"
"Carter Verhaeghe","C","FLA                  FLA","29","2025","2032","8","$56,000,000","$7,000,000"
"J.T. Miller","C","NYR                  NYR","29","2023","2029","7","$56,000,000","$8,000,000"
"Gabriel Landeskog","LW","COL                  COL","28","2021","2028","8","$56,000,000","$7,000,000"
"Jacob Trouba","D","ANA                  ANA","24","2019","2025","7","$56,000,000","$8,000,000"
"Mikko Rantanen","RW","DAL                  DAL","22","2019","2024","6","$55,500,000","$9,250,000"
"Kevin Fiala","LW","LAK                  LAK","25","2022","2028","7","$55,125,000","$7,875,000"
"Elias Lindholm","C","BOS                  BOS","29","2024","2030","7","$54,250,000","$7,750,000"
"Janis Moser","D","TBL                  TBL","25","2026","2033","8","$54,000,000","$6,750,000"
"Cale Makar","D","COL                  COL","22","2021","2026","6","$54,000,000","$9,000,000"
"Jared Spurgeon","D","MIN                  MIN","30","2020","2026","7","$53,025,000","$7,575,000"
"Auston Matthews","C","TOR                  TOR","25","2024","2027","4","$53,000,000","$13,250,000"
"Dustin Wolf","G","CGY                  CGY","24","2026","2032","7","$52,500,000","$7,500,000"
"Alexis Lafrenière","LW","NYR                  NYR","23","2025","2031","7","$52,150,000","$7,450,000"
"Brandon Hagel","LW","TBL                  TBL","24","2024","2031","8","$52,000,000","$6,500,000"
"Hampus Lindholm","D","BOS                  BOS","27","2022","2029","8","$52,000,000","$6,500,000"
"Colton Parayko","D","STL                  STL","28","2022","2029","8","$52,000,000","$6,500,000"
"Brayden Schenn","C","NYI                  NYI","28","2020","2027","8","$52,000,000","$6,500,000"
"Cam Fowler","D","STL                  STL","26","2018","2025","8","$52,000,000","$6,500,000"
"Shea Theodore","D","VGK                  VGK","29","2025","2031","7","$51,975,000","$7,425,000"
"Jaccob Slavin","D","CAR                  CAR","30","2025","2032","8","$51,690,000","$6,461,250"
"John Gibson","G","DET                  DET","25","2019","2026","8","$51,200,000","$6,400,000"
"Nikolaj Ehlers","LW","CAR                  CAR","29","2025","2030","6","$51,000,000","$8,500,000"
"Devon Toews","D","COL                  COL","29","2024","2030","7","$50,750,000","$7,250,000"
"Brock Boeser","RW","VAN                  VAN","28","2025","2031","7","$50,750,000","$7,250,000"
"Nico Hischier","C","NJD                  NJD","20","2020","2026","7","$50,570,000","$7,224,286"
"Alexander Romanov","D","NYI                  NYI","25","2025","2032","8","$50,000,000","$6,250,000"
"Matthew Beniers","C","SEA                  SEA","21","2024","2030","7","$50,000,000","$7,142,857"
"Brandon Montour","D","SEA                  SEA","30","2024","2030","7","$50,000,000","$7,142,857"
"Damon Severson","D","CBJ                  CBJ","28","2023","2030","8","$50,000,000","$6,250,000"
"Travis Sanheim","D","PHI                  PHI","26","2023","2030","8","$50,000,000","$6,250,000"
"MacKenzie Weegar","D","UTA                  UTA","28","2023","2030","8","$50,000,000","$6,250,000"
"Anthony Cirelli","C","TBL                  TBL","25","2023","2030","8","$50,000,000","$6,250,000"
"Kyle Connor","LW","WPG                  WPG","22","2019","2025","7","$50,000,000","$7,142,857"
"Joshua Morrissey","D","WPG                  WPG","24","2020","2027","8","$50,000,000","$6,250,000"
"Kevin Hayes","C","PIT                  PIT","26","2019","2025","7","$50,000,000","$7,142,857"
"Ryan Ellis","D","CHI                  CHI","27","2019","2026","8","$50,000,000","$6,250,000"
"Tage Thompson","C","BUF                  BUF","25","2023","2029","7","$49,999,999","$7,142,857"
"Dylan Cozens","C","OTT                  OTT","21","2023","2029","7","$49,700,000","$7,100,000"
"Owen Tippett","RW","PHI                  PHI","24","2024","2031","8","$49,600,000","$6,200,000"
"Ryan Pulock","D","NYI                  NYI","27","2022","2029","8","$49,200,000","$6,150,000"
"Jake Walman","D","EDM                  EDM","29","2026","2032","7","$49,000,000","$7,000,000"
"Vladislav Gavrikov","D","NYR                  NYR","29","2025","2031","7","$49,000,000","$7,000,000"
"Brady Skjei","D","NSH                  NSH","30","2024","2030","7","$49,000,000","$7,000,000"
"Troy Terry","RW","ANA                  ANA","25","2023","2029","7","$49,000,000","$7,000,000"
"Matthew Boldy","LW","MIN                  MIN","21","2023","2029","7","$49,000,000","$7,000,000"
"Nazem Kadri","C","COL                  COL","31","2022","2028","7","$49,000,000","$7,000,000"
"Valeri Nichushkin","RW","COL                  COL","26","2022","2029","8","$49,000,000","$6,125,000"
"Anders Lee","C","NYI                  NYI","28","2019","2025","7","$49,000,000","$7,000,000"
"Aaron Ekblad","D","FLA                  FLA","29","2025","2032","8","$48,800,000","$6,100,000"
"Josh Doan","RW","BUF                  BUF","23","2026","2032","7","$48,650,000","$6,950,000"
"Pavel Buchnevich","LW","STL                  STL","29","2025","2030","6","$48,000,000","$8,000,000"
"Philip Broberg","D","STL                  STL","24","2026","2031","6","$48,000,000","$8,000,000"
"Logan Stankoven","C","CAR                  CAR","22","2026","2033","8","$48,000,000","$6,000,000"
"Alex Ovechkin","LW","WAS                  WAS","35","2021","2025","5","$47,500,000","$9,500,000"
"Ryan McDonagh","D","TBL                  TBL","29","2019","2025","7","$47,250,000","$6,750,000"
"William Karlsson","C","VGK                  VGK","25","2019","2026","8","$47,200,000","$5,900,000"
"Quinn Hughes","D","MIN                  MIN","21","2021","2026","6","$47,100,000","$7,850,000"
"Matthew Knies","LW","TOR                  TOR","22","2025","2030","6","$46,500,000","$7,750,000"
"Frank Nazar","C","CHI                  CHI","21","2026","2032","7","$46,199,937","$6,599,991"
"Gustav Forsling","D","FLA                  FLA","27","2024","2031","8","$46,000,000","$5,750,000"
"Adam Pelech","D","NYI                  NYI","26","2021","2028","8","$46,000,000","$5,750,000"
"Nicklas Backstrom","C","WAS                  WAS","32","2020","2024","5","$46,000,000","$9,200,000"
"Matthew Coronato","RW","CGY                  CGY","22","2025","2031","7","$45,500,000","$6,500,000"
"Thomas Wilson","RW","WAS                  WAS","29","2024","2030","7","$45,500,000","$6,500,000"
"Torey Krug","D","STL                  STL","28","2020","2026","7","$45,500,000","$6,500,000"
"Chris Kreider","LW","ANA                  ANA","28","2020","2026","7","$45,500,000","$6,500,000"
"Justin Faulk","D","DET                  DET","27","2020","2026","7","$45,500,000","$6,500,000"
"Gabe Vilardi","C","WPG                  WPG","25","2025","2030","6","$45,000,000","$7,500,000"
"Kirill Kaprizov","LW","MIN                  MIN","23","2021","2025","5","$45,000,000","$9,000,000"
"Chandler Stephenson","C","SEA                  SEA","30","2024","2030","7","$43,750,000","$6,250,000"
"Mason Mctavish","C","ANA                  ANA","22","2025","2030","6","$42,000,000","$7,000,000"
"Martin Fehervary","D","WAS                  WAS","25","2026","2032","7","$42,000,000","$6,000,000"
"Evan Bouchard","D","EDM                  EDM","25","2025","2028","4","$42,000,000","$10,500,000"
"Neal Pionk","D","WPG                  WPG","29","2025","2030","6","$42,000,000","$7,000,000"
"Wyatt Johnston","C","DAL                  DAL","21","2025","2029","5","$42,000,000","$8,400,000"
"Joel Eriksson Ek","C","MIN                  MIN","23","2021","2028","8","$42,000,000","$5,250,000"
"Jonas Brodin","D","MIN                  MIN","27","2021","2027","7","$42,000,000","$6,000,000"
"Erik Cernak","D","TBL                  TBL","25","2023","2030","8","$41,600,000","$5,200,000"
"Ryan Nugent-Hopkins","C","EDM                  EDM","27","2021","2028","8","$41,000,000","$5,125,000"
"Nick Schmaltz","C","UTA                  UTA","22","2019","2025","7","$40,950,000","$5,850,000"
"Jackson Blake","RW","CAR                  CAR","21","2026","2033","8","$40,936,016","$5,117,002"
"Niko Mikkola","D","FLA                  FLA","29","2026","2033","8","$40,000,000","$5,000,000"
"Vincent Trocheck","C","NYR                  NYR","28","2022","2028","7","$39,375,000","$5,625,000"
"Brendan Gallagher","RW","MTL                  MTL","28","2021","2026","6","$39,000,000","$6,500,000"
"Michael Matheson","D","MTL                  MTL","23","2018","2025","8","$39,000,000","$4,875,000"
"Dylan Holloway","C","STL                  STL","24","2026","2030","5","$38,750,000","$7,750,000"
"Jesperi Kotkaniemi","C","CAR                  CAR","21","2022","2029","8","$38,560,000","$4,820,000"
"John-Jason Peterka","C","UTA                  UTA","23","2025","2029","5","$38,500,000","$7,700,000"
"Jake DeBrusk","LW","VAN                  VAN","27","2024","2030","7","$38,500,000","$5,500,000"
"Zach Hyman","C","EDM                  EDM","28","2021","2027","7","$38,500,000","$5,500,000"
"Josh Anderson","RW","MTL                  MTL","25","2020","2026","7","$38,500,000","$5,500,000"
"Adin Hill","G","VGK                  VGK","28","2025","2030","6","$37,500,000","$6,250,000"
"Jaccob Slavin","D","CAR                  CAR","23","2018","2024","7","$37,100,000","$5,300,000"
"Kris Letang","D","PIT                  PIT","34","2022","2027","6","$36,600,000","$6,100,000"
"Shea Theodore","D","VGK                  VGK","22","2018","2024","7","$36,400,000","$5,200,000"
"Conor Garland","RW","CBJ                  CBJ","29","2026","2031","6","$36,000,000","$6,000,000"
"Jordan Binnington","G","STL                  STL","27","2021","2026","6","$36,000,000","$6,000,000"
"Jacob Markstrom","G","NJD                  NJD","29","2020","2025","6","$36,000,000","$6,000,000"
"Phillip Grubauer","G","SEA                  SEA","29","2021","2026","6","$35,400,000","$5,900,000"
"Logan Thompson","G","WAS                  WAS","27","2025","2030","6","$35,100,000","$5,850,000"
"Samuel Girard","D","PIT                  PIT","21","2020","2026","7","$35,000,000","$5,000,000"
"Patrik Laine","RW","MTL                  MTL","23","2022","2025","4","$34,800,000","$8,700,000"
"Esa Lindell","D","DAL                  DAL","24","2019","2024","6","$34,800,000","$5,800,000"
"Matt Roy","D","WAS                  WAS","29","2024","2029","6","$34,500,000","$5,750,000"
"Filip Gustavsson","G","MIN                  MIN","27","2026","2030","5","$34,000,000","$6,800,000"
"Kaiden Guhle","D","MTL                  MTL","22","2025","2030","6","$33,300,000","$5,550,000"
"Alex Tuch","RW","BUF                  BUF","22","2019","2025","7","$33,250,000","$4,750,000"
"Morgan Geekie","C","BOS                  BOS","26","2025","2030","6","$33,000,000","$5,500,000"
"Marcus Pettersson","D","VAN                  VAN","28","2025","2030","6","$33,000,000","$5,500,000"
"Linus Ullmark","G","OTT                  OTT","31","2025","2028","4","$33,000,000","$8,250,000"
"Brett Pesce","D","NJD                  NJD","29","2024","2029","6","$33,000,000","$5,500,000"
"Michael Anderson","D","LAK                  LAK","23","2023","2030","8","$33,000,000","$4,125,000"
"Phillip Danault","C","MTL                  MTL","27","2021","2026","6","$33,000,000","$5,500,000"
"Travis Konecny","C","PHI                  PHI","21","2019","2024","6","$33,000,000","$5,500,000"
"Lukas Dostal","G","ANA                  ANA","25","2025","2029","5","$32,500,000","$6,500,000"
"Kevin Bahl","D","CGY                  CGY","25","2025","2030","6","$32,100,000","$5,350,000"
"Victor Hedman","D","TBL                  TBL","33","2025","2028","4","$32,000,000","$8,000,000"
"Steven Stamkos","C","NSH                  NSH","34","2024","2027","4","$32,000,000","$8,000,000"
"Brad Marchand","LW","FLA                  FLA","37","2025","2030","6","$31,500,000","$5,250,000"
"Alexander Debrincat","RW","DET                  DET","25","2023","2026","4","$31,500,000","$7,875,000"
"Charlie Coyle","C","CBJ                  CBJ","27","2020","2025","6","$31,500,000","$5,250,000"
"Quinton Byfield","C","LAK                  LAK","21","2024","2028","5","$31,250,000","$6,250,000"
"Jason Robertson","LW","DAL                  DAL","22","2022","2025","4","$31,000,000","$7,750,000"
"Trent Frederic","C","EDM                  EDM","27","2025","2032","8","$30,800,000","$3,850,000"
"Bryan Rust","RW","PIT                  PIT","29","2022","2027","6","$30,750,000","$5,125,000"
"Michael Matheson","D","MTL                  MTL","31","2026","2030","5","$30,000,000","$6,000,000"
"Shane Pinto","C","OTT                  OTT","25","2026","2029","4","$30,000,000","$7,500,000"
"Anton Lundell","C","FLA                  FLA","22","2024","2029","6","$30,000,000","$5,000,000"
"Nikita Zadorov","D","BOS                  BOS","29","2024","2029","6","$30,000,000","$5,000,000"
"Mattias Samuelsson","D","BUF                  BUF","22","2023","2029","7","$30,000,000","$4,285,714"
"Ondrej Palat","LW","NYI                  NYI","30","2022","2026","5","$30,000,000","$6,000,000"
"Rickard Rakell","C","PIT                  PIT","28","2022","2027","6","$30,000,000","$5,000,000"
"Joel Farabee","LW","CGY                  CGY","21","2022","2027","6","$30,000,000","$5,000,000"
"Jean-Gabriel Pageau","C","NYI                  NYI","27","2020","2025","6","$30,000,000","$5,000,000"
"Drake Batherson","C","OTT                  OTT","22","2021","2026","6","$29,850,000","$4,975,000"
"Vince Dunn","D","SEA                  SEA","26","2023","2026","4","$29,400,000","$7,350,000"
"Blake Coleman","C","CGY                  CGY","29","2021","2026","6","$29,400,000","$4,900,000"
"Kiefer Sherwood","LW","SJS                  SJS","30","2026","2030","5","$28,750,000","$5,750,000"
"Yegor Sharangovich","C","CGY                  CGY","26","2025","2029","5","$28,750,000","$5,750,000"
"Andrew Copp","C","DET                  DET","27","2022","2026","5","$28,125,000","$5,625,000"
"Alex Vlasic","D","CHI                  CHI","22","2024","2029","6","$27,600,000","$4,600,000"
"Jakob Chychrun","D","WAS                  WAS","20","2019","2024","6","$27,600,000","$4,600,000"
"Jonathan Marchessault","C","NSH                  NSH","33","2024","2028","5","$27,500,000","$5,500,000"
"Sean Monahan","C","CBJ                  CBJ","29","2024","2028","5","$27,500,000","$5,500,000"
"Andre Burakovsky","LW","CHI                  CHI","26","2022","2026","5","$27,500,000","$5,500,000"
"Jaden Schwartz","LW","SEA                  SEA","28","2021","2025","5","$27,500,000","$5,500,000"
"Rasmus Andersson","D","VGK                  VGK","23","2020","2025","6","$27,300,000","$4,550,000"
"Chris Tanev","D","TOR                  TOR","34","2024","2029","6","$27,000,000","$4,500,000"
"Ryan Graves","D","PIT                  PIT","28","2023","2028","6","$27,000,000","$4,500,000"
"Elvis Merzlikins","G","CBJ                  CBJ","27","2022","2026","5","$27,000,000","$5,400,000"
"Oliver Bjorkstrand","RW","TBL                  TBL","25","2021","2025","5","$27,000,000","$5,400,000"
"Tristan Jarry","G","EDM                  EDM","28","2023","2027","5","$26,875,000","$5,375,000"
"John Marino","D","UTA                  UTA","23","2021","2026","6","$26,400,000","$4,400,000"
"MacKenzie Blackwood","G","COL                  COL","28","2025","2029","5","$26,250,000","$5,250,000"
"Esa Lindell","D","DAL                  DAL","30","2025","2029","5","$26,250,000","$5,250,000"
"Darcy Kuemper","G","LAK                  LAK","31","2022","2026","5","$26,250,000","$5,250,000"
"Christian Dvorak","C","PHI                  PHI","29","2026","2030","5","$25,750,000","$5,150,000"
"Cameron York","D","PHI                  PHI","24","2025","2029","5","$25,750,000","$5,150,000"
"J.T Compher","C","DET                  DET","28","2023","2027","5","$25,500,000","$5,100,000"
"Rasmus Ristolainen","D","PHI                  PHI","27","2022","2026","5","$25,500,000","$5,100,000"
"Thatcher Demko","G","VAN                  VAN","29","2026","2028","3","$25,500,000","$8,500,000"
"Adam Lowry","LW","WPG                  WPG","32","2026","2030","5","$25,000,000","$5,000,000"
"Connor McDavid","C","EDM                  EDM","28","2026","2027","2","$25,000,000","$12,500,000"
"Joey Daccord","G","SEA                  SEA","28","2025","2029","5","$25,000,000","$5,000,000"
"Alexander Killorn","LW","ANA                  ANA","33","2023","2026","4","$25,000,000","$6,250,000"
"Ivan Barbashev","C","VGK                  VGK","27","2023","2027","5","$25,000,000","$5,000,000"
"Dylan Strome","C","WAS                  WAS","25","2023","2027","5","$25,000,000","$5,000,000"
"Ryan Strome","C","CGY                  CGY","28","2022","2026","5","$25,000,000","$5,000,000"
"Jared McCann","LW","SEA                  SEA","25","2022","2026","5","$25,000,000","$5,000,000"
"Mattias Ekholm","D","EDM                  EDM","31","2022","2025","4","$25,000,000","$6,250,000"
"Thatcher Demko","G","VAN                  VAN","26","2022","2025","5","$25,000,000","$5,000,000"
"Conor Garland","RW","CBJ                  CBJ","24","2021","2025","5","$24,750,000","$4,950,000"
"Brandon Carlo","D","TOR                  TOR","24","2021","2026","6","$24,600,000","$4,100,000"
"Scott Mayfield","D","NYI                  NYI","30","2023","2029","7","$24,500,000","$3,500,000"
"Evgeni Malkin","C","PIT                  PIT","35","2022","2025","4","$24,400,000","$6,100,000"
"Tyler Toffoli","RW","SJS                  SJS","32","2024","2027","4","$24,000,000","$6,000,000"
"Sean Durzi","D","UTA                  UTA","25","2024","2027","4","$24,000,000","$6,000,000"
"Karel Vejmelka","G","UTA                  UTA","28","2025","2029","5","$23,750,000","$4,750,000"
"Ukko-Pekka Luukkonen","G","BUF                  BUF","25","2024","2028","5","$23,750,000","$4,750,000"
"Neal Pionk","D","WPG                  WPG","25","2021","2024","4","$23,500,000","$5,875,000"
"Pavel Buchnevich","LW","STL                  STL","25","2021","2024","4","$23,200,000","$5,800,000"
"Rasmus Sandin","D","WAS                  WAS","23","2024","2028","5","$23,000,000","$4,600,000"
"Jamie Oleksiak","D","SEA                  SEA","28","2021","2025","5","$23,000,000","$4,600,000"
"Igor Shesterkin","G","NYR                  NYR","25","2021","2024","4","$22,666,667","$5,666,667"
"Jake McCabe","D","TOR                  TOR","31","2025","2029","5","$22,565,510","$4,513,102"
"Brock Nelson","C","COL                  COL","33","2025","2027","3","$22,500,000","$7,500,000"
"Kevin Lankinen","G","VAN                  VAN","29","2025","2029","5","$22,500,000","$4,500,000"
"Artturi Lehkonen","LW","COL                  COL","26","2022","2026","5","$22,500,000","$4,500,000"
"Nicholas Paul","C","TBL                  TBL","26","2022","2028","7","$22,050,000","$3,150,000"
"Artemi Panarin","LW","LAK                  LAK","34","2026","2027","2","$22,000,000","$11,000,000"
"Nicolas Hague","D","NSH                  NSH","26","2025","2028","4","$22,000,000","$5,500,000"
"Tyler Bertuzzi","LW","CHI                  CHI","29","2024","2027","4","$22,000,000","$5,500,000"
"Adrian Kempe","LW","LAK                  LAK","25","2022","2025","4","$22,000,000","$5,500,000"
"Barclay Goodrow","LW","SJS                  SJS","27","2021","2026","6","$21,850,000","$3,641,667"
"Lawson Crouse","LW","UTA                  UTA","24","2022","2026","5","$21,500,000","$4,300,000"
"Jack McBain","C","UTA                  UTA","25","2025","2029","5","$21,250,000","$4,250,000"
"Adam Larsson","D","SEA                  SEA","31","2025","2028","4","$21,000,000","$5,250,000"
"Pierre Engvall","LW","NYI                  NYI","27","2023","2029","7","$21,000,000","$3,000,000"
"Trevor Moore","LW","LAK                  LAK","27","2023","2027","5","$21,000,000","$4,200,000"
"Mikael Granlund","C","ANA                  ANA","33","2025","2027","3","$21,000,000","$7,000,000"
"William Borgen","D","NYR                  NYR","28","2025","2029","5","$20,500,000","$4,100,000"
"Evander Kane","LW","VAN                  VAN","30","2022","2025","4","$20,500,000","$5,125,000"
"Marcus Pettersson","D","VAN                  VAN","23","2020","2024","5","$20,125,875","$4,025,175"
"Ryan McLeod","C","BUF                  BUF","25","2025","2028","4","$20,000,000","$5,000,000"
"Johnathan Kovacevic","D","NJD                  NJD","27","2025","2029","5","$20,000,000","$4,000,000"
"Joonas Korpisalo","G","OTT                  OTT","29","2023","2027","5","$20,000,000","$4,000,000"
"Juuse Saros","G","NSH                  NSH","25","2021","2024","4","$20,000,000","$5,000,000"
"Linus Ullmark","G","OTT                  OTT","27","2021","2024","4","$20,000,000","$5,000,000"
"Colton Sissons","C","VGK                  VGK","25","2019","2025","7","$20,000,000","$2,857,143"
"Dylan Demelo","D","WPG                  WPG","31","2024","2027","4","$19,600,000","$4,900,000"
"Sam Malinski","D","COL                  COL","27","2026","2029","4","$19,000,000","$4,750,000"
"Pavel Zacha","C","BOS                  BOS","25","2023","2026","4","$19,000,000","$4,750,000"
"Ben Chiarot","D","DET                  DET","30","2022","2025","4","$19,000,000","$4,750,000"
"Ilya Mikheyev","LW","CHI                  CHI","27","2022","2025","4","$19,000,000","$4,750,000"
"Artem Zub","D","OTT                  OTT","27","2023","2026","4","$18,400,000","$4,600,000"
"Cam Fowler","D","STL                  STL","33","2026","2028","3","$18,300,000","$6,100,000"
"Mathieu Olivier","RW","CBJ                  CBJ","28","2025","2030","6","$18,000,000","$3,000,000"
"Sean Walker","D","CAR                  CAR","29","2024","2028","5","$18,000,000","$3,600,000"
"Ryan O'Reilly","C","NSH                  NSH","32","2023","2026","4","$18,000,000","$4,500,000"
"Mason Marchment","LW","CBJ                  CBJ","26","2022","2025","4","$18,000,000","$4,500,000"
"Josh Manson","D","COL                  COL","30","2022","2025","4","$18,000,000","$4,500,000"
"Alexander Wennberg","C","SJS                  SJS","31","2026","2028","3","$18,000,000","$6,000,000"
"Cody Ceci","D","LAK                  LAK","31","2025","2028","4","$18,000,000","$4,500,000"
"Ryan Lindgren","D","SEA                  SEA","27","2025","2028","4","$18,000,000","$4,500,000"
"Matt Duchene","C","DAL                  DAL","34","2025","2028","4","$18,000,000","$4,500,000"
"Filip Chytil","LW","VAN                  VAN","23","2023","2026","4","$17,750,000","$4,437,500"
"Connor Murphy","D","EDM                  EDM","28","2022","2025","4","$17,600,000","$4,400,000"
"John Tavares","C","TOR                  TOR","34","2025","2028","4","$17,557,120","$4,389,280"
"Spencer Knight","G","CHI                  CHI","24","2026","2028","3","$17,500,000","$5,833,333"
"Sidney Crosby","C","PIT                  PIT","37","2025","2026","2","$17,400,000","$8,700,000"
"Jacob Middleton","D","MIN                  MIN","28","2025","2028","4","$17,400,000","$4,350,000"
"Dylan Samberg","D","WPG                  WPG","26","2025","2027","3","$17,250,000","$5,750,000"
"Casey Mittelstadt","C","BOS                  BOS","25","2024","2026","3","$17,250,000","$5,750,000"
"Trevor Zegras","C","PHI                  PHI","22","2023","2025","3","$17,250,000","$5,750,000"
"Jonas Siegenthaler","D","NJD                  NJD","25","2023","2027","5","$17,000,000","$3,400,000"
"Tanner Jeannot","LW","BOS                  BOS","28","2025","2029","5","$17,000,000","$3,400,000"
"Aliaksei Protas","C","WAS                  WAS","23","2024","2028","5","$16,875,000","$3,375,000"
"William Eklund","LW","SJS                  SJS","22","2026","2028","3","$16,800,000","$5,600,000"
"Zach Whitecloud","D","CGY                  CGY","25","2022","2027","6","$16,500,000","$2,750,000"
"Dante Fabbro","D","CBJ                  CBJ","27","2025","2028","4","$16,500,000","$4,125,000"
"Adam Lowry","LW","WPG                  WPG","27","2021","2025","5","$16,250,000","$3,250,000"
"Teuvo Teravainen","C","CHI                  CHI","29","2024","2026","3","$16,200,000","$5,400,000"
"Ryan Donato","C","CHI                  CHI","29","2025","2028","4","$16,000,000","$4,000,000"
"Noah Cates","LW","PHI                  PHI","26","2025","2028","4","$16,000,000","$4,000,000"
"Marcus Foligno","LW","MIN                  MIN","32","2024","2027","4","$16,000,000","$4,000,000"
"Ross Colton","C","COL                  COL","26","2023","2026","4","$16,000,000","$4,000,000"
"Erik Gudbranson","D","CBJ                  CBJ","29","2022","2025","4","$16,000,000","$4,000,000"
"Nick Leddy","D","SJS                  SJS","30","2022","2025","4","$16,000,000","$4,000,000"
"Jake McCabe","D","TOR                  TOR","27","2021","2024","4","$16,000,000","$4,000,000"
"Adam Larsson","D","SEA                  SEA","28","2021","2024","4","$16,000,000","$4,000,000"
"Alex Iafallo","C","WPG                  WPG","27","2021","2024","4","$16,000,000","$4,000,000"
"Joel Edmundson","D","LAK                  LAK","31","2024","2027","4","$15,400,000","$3,850,000"
"Ryan Poehling","C","ANA                  ANA","27","2026","2029","4","$15,000,000","$3,750,000"
"Anthony Stolarz","G","TOR                  TOR","31","2026","2029","4","$15,000,000","$3,750,000"
"Marco Rossi","C","VAN                  VAN","23","2025","2027","3","$15,000,000","$5,000,000"
"Logan O'Connor","C","COL                  COL","28","2025","2030","6","$15,000,000","$2,500,000"
"Max Domi","LW","TOR                  TOR","29","2024","2027","4","$15,000,000","$3,750,000"
"Miles Wood","LW","CBJ                  CBJ","27","2023","2028","6","$15,000,000","$2,500,000"
"Nicolas Roy","C","COL                  COL","24","2022","2026","5","$15,000,000","$3,000,000"
"Casey Cizikas","C","NYI                  NYI","29","2021","2026","6","$15,000,000","$2,500,000"
"Boone Jenner","C","CBJ                  CBJ","28","2022","2025","4","$15,000,000","$3,750,000"
"Scott Laughton","C","LAK                  LAK","26","2021","2025","5","$15,000,000","$3,000,000"
"Jean-Gabriel Pageau","C","NYI                  NYI","33","2026","2028","3","$14,550,000","$4,850,000"
"Anthony Duclair","LW","NYI                  NYI","28","2024","2027","4","$14,000,000","$3,500,000"
"Oliver Ekman-Larsson","D","TOR                  TOR","32","2024","2027","4","$14,000,000","$3,500,000"
"Yakov Trenin","C","MIN                  MIN","27","2024","2027","4","$14,000,000","$3,500,000"
"Anze Kopitar","C","LAK                  LAK","35","2024","2025","2","$14,000,000","$7,000,000"
"David Savard","D","MTL                  MTL","30","2021","2024","4","$14,000,000","$3,500,000"
"Micheal Ferland","LW","VAN                  VAN","26","2019","2022","4","$14,000,000","$3,500,000"
"Yanni Gourde","C","TBL                  TBL","33","2025","2030","6","$14,000,000","$2,333,333"
"Frank Vatrano","RW","ANA                  ANA","30","2025","2027","3","$13,710,000","$4,570,000"
"Kaapo Kakko","RW","SEA                  SEA","24","2025","2027","3","$13,575,000","$4,525,000"
"Michael Bunting","LW","DAL                  DAL","27","2023","2025","3","$13,500,000","$4,500,000"
"Spencer Knight","G","CHI                  CHI","21","2023","2025","3","$13,500,000","$4,500,000"
"Kirby Dach","C","MTL                  MTL","20","2022","2025","4","$13,450,000","$3,362,500"
"Macklin Celebrini","C","SJS                  SJS","18","2024","2026","3","$13,425,000","$4,475,000"
"Logan Cooley","C","UTA                  UTA","19","2023","2025","3","$13,350,000","$4,450,000"
"Connor Bedard","C","CHI                  CHI","18","2023","2025","3","$13,350,000","$4,450,000"
"Juraj Slafkovsky","LW","MTL                  MTL","17","2022","2024","3","$13,350,000","$4,450,000"
"Dmitry Orlov","D","SJS                  SJS","33","2025","2026","2","$13,000,000","$6,500,000"
"Kaedan Korczak","D","VGK                  VGK","24","2026","2029","4","$13,000,000","$3,250,000"
"Ridly Greig","LW","OTT                  OTT","22","2025","2028","4","$13,000,000","$3,250,000"
"Martin Necas","C","COL                  COL","25","2024","2025","2","$13,000,000","$6,500,000"
"Dakota Joshua","C","TOR                  TOR","28","2024","2027","4","$13,000,000","$3,250,000"
"Mario Ferraro","D","SJS                  SJS","23","2022","2025","4","$13,000,000","$3,250,000"
"Fabian Zetterlund","LW","OTT                  OTT","25","2025","2027","3","$12,825,000","$4,275,000"
"Michael Rasmussen","C","DET                  DET","24","2024","2027","4","$12,800,000","$3,200,000"
"Matvei Michkov","RW","PHI                  PHI","19","2024","2026","3","$12,750,000","$4,250,000"
"Artyom Levshunov","D","CHI                  CHI","18","2024","2026","3","$12,675,000","$4,225,000"
"Leo Carlsson","C","ANA                  ANA","18","2023","2025","3","$12,600,000","$4,200,000"
"Simon Nemec","D","NJD                  NJD","17","2022","2025","3","$12,600,000","$4,200,000"
"Bowen Byram","D","BUF                  BUF","24","2025","2026","2","$12,500,000","$6,250,000"
"Brett Howden","C","VGK                  VGK","26","2025","2029","5","$12,500,000","$2,500,000"
"Carter Verhaeghe","C","FLA                  FLA","26","2022","2024","3","$12,500,000","$4,166,667"
"Will Smith","C","SJS                  SJS","19","2024","2026","3","$12,450,000","$4,150,000"
"Ryan McDonagh","D","TBL                  TBL","36","2026","2028","3","$12,300,000","$4,100,000"
"Alex Laferriere","RW","LAK                  LAK","23","2025","2027","3","$12,300,000","$4,100,000"
"Beckett Sennecke","RW","ANA                  ANA","18","2024","2027","3","$12,225,000","$4,075,000"
"Nick Jensen","D","OTT                  OTT","32","2023","2025","3","$12,150,000","$4,050,000"
"Shane Wright","C","SEA                  SEA","17","2022","2026","3","$12,037,500","$4,012,500"
"Jacob Markstrom","G","NJD                  NJD","35","2026","2027","2","$12,000,000","$6,000,000"
"Mattias Ekholm","D","EDM                  EDM","35","2026","2028","3","$12,000,000","$4,000,000"
"Brian Dumoulin","D","LAK                  LAK","33","2025","2027","3","$12,000,000","$4,000,000"
"Connor Brown","RW","NJD                  NJD","31","2025","2028","4","$12,000,000","$3,000,000"
"Dawson Mercer","RW","NJD                  NJD","22","2024","2026","3","$12,000,000","$4,000,000"
"William Carrier","LW","CAR                  CAR","29","2024","2029","6","$12,000,000","$2,000,000"
"Brenden Dillon","D","NJD                  NJD","33","2024","2026","3","$12,000,000","$4,000,000"
"Nino Niederreiter","RW","WPG                  WPG","31","2024","2026","3","$12,000,000","$4,000,000"
"Ryan Hartman","RW","MIN                  MIN","29","2024","2026","3","$12,000,000","$4,000,000"
"Evan Rodrigues","LW","FLA                  FLA","29","2023","2026","4","$12,000,000","$3,000,000"
"Radko Gudas","D","ANA                  ANA","33","2023","2025","3","$12,000,000","$4,000,000"
"Alex Newhook","C","MTL                  MTL","22","2023","2026","4","$11,600,000","$2,900,000"
"Jordan Staal","C","CAR                  CAR","34","2023","2026","4","$11,600,000","$2,900,000"
"Ben Chiarot","D","DET                  DET","34","2026","2028","3","$11,550,000","$3,850,000"
"Kirill Marchenko","LW","CBJ                  CBJ","24","2024","2026","3","$11,550,000","$3,850,000"
"Jake Evans","C","MTL                  MTL","28","2025","2028","4","$11,400,000","$2,850,000"
"Connor Zary","C","CGY                  CGY","23","2025","2027","3","$11,325,000","$3,775,000"
"Alex Carrier","D","MTL                  MTL","33","2024","2026","3","$11,250,000","$3,750,000"
"Filip Gustavsson","G","MIN                  MIN","25","2023","2025","3","$11,250,000","$3,750,000"
"Jordan Eberle","RW","SEA                  SEA","35","2026","2027","2","$11,000,000","$5,500,000"
"Alex Iafallo","C","WPG                  WPG","31","2025","2027","3","$11,000,000","$3,666,667"
"Joseph Woll","G","TOR                  TOR","25","2025","2027","3","$11,000,000","$3,666,667"
"Semyon Varlamov","G","NYI                  NYI","35","2023","2026","4","$11,000,000","$2,750,000"
"Brett Kulak","D","COL                  COL","27","2022","2025","4","$11,000,000","$2,750,000"
"Brock McGinn","LW","ANA                  ANA","26","2021","2024","4","$11,000,000","$2,750,000"
"Brayden McNabb","D","VGK                  VGK","33","2025","2027","3","$10,950,000","$3,650,000"
"Frank Vatrano","RW","ANA                  ANA","27","2022","2024","3","$10,950,000","$3,650,000"
"Nick Seeler","D","PHI                  PHI","30","2024","2027","4","$10,800,000","$2,700,000"
"Nate Schmidt","D","UTA                  UTA","33","2025","2027","3","$10,500,000","$3,500,000"
"Olli Maatta","D","CGY                  CGY","30","2025","2027","3","$10,500,000","$3,500,000"
"Warren Foegele","LW","OTT                  OTT","28","2024","2026","3","$10,500,000","$3,500,000"
"Thomas Novak","C","PIT                  PIT","26","2024","2026","3","$10,500,000","$3,500,000"
"Frederick Gaudreau","C","SEA                  SEA","29","2023","2027","5","$10,500,000","$2,100,000"
"Matias Maccelli","LW","TOR                  TOR","22","2023","2025","3","$10,275,000","$3,425,000"
"Justin Holl","D","STL                  STL","31","2023","2025","3","$10,200,000","$3,400,000"
"Jake Walman","D","EDM                  EDM","27","2023","2025","3","$10,200,000","$3,400,000"
"Alexander Wennberg","C","SJS                  SJS","29","2024","2025","2","$10,000,000","$5,000,000"
"Connor Clifton","D","PIT                  PIT","28","2023","2025","3","$10,000,000","$3,333,333"
"Tucker Poolman","D","COL                  COL","27","2021","2024","4","$10,000,000","$2,500,000"
"Adin Hill","G","VGK                  VGK","27","2023","2024","2","$9,800,000","$4,900,000"
"Ilya Lyubushkin","D","DAL                  DAL","30","2024","2026","3","$9,750,000","$3,250,000"
"Carson Soucy","D","NYI                  NYI","28","2023","2025","3","$9,750,000","$3,250,000"
"Shayne Gostisbehere","D","CAR                  CAR","31","2024","2026","3","$9,600,000","$3,200,000"
"Kyle Palmieri","RW","NYI                  NYI","34","2025","2026","2","$9,500,000","$4,750,000"
"Taylor Hall","LW","CAR                  CAR","33","2025","2027","3","$9,500,000","$3,166,667"
"Jason Zucker","LW","BUF                  BUF","33","2025","2026","2","$9,500,000","$4,750,000"
"Vladimir Tarasenko","RW","MIN                  MIN","32","2024","2025","2","$9,500,000","$4,750,000"
"Jordan Eberle","RW","SEA                  SEA","33","2024","2025","2","$9,500,000","$4,750,000"
"Samuel Montembeault","G","MTL                  MTL","27","2024","2026","3","$9,450,000","$3,150,000"
"Adam Fantilli","C","CBJ                  CBJ","18","2023","2025","3","$9,450,000","$3,150,000"
"Erik Haula","C","NSH                  NSH","32","2023","2025","3","$9,450,000","$3,150,000"
"Philip Broberg","D","STL                  STL","23","2024","2025","2","$9,161,834","$4,580,917"
"Jordan Martinook","LW","CAR                  CAR","31","2024","2026","3","$9,150,000","$3,050,000"
"Jake Allen","G","NJD                  NJD","34","2025","2029","5","$9,000,000","$1,800,000"
"Henri Jokiharju","D","BOS                  BOS","26","2025","2027","3","$9,000,000","$3,000,000"
"Charlie Lindgren","G","WAS                  WAS","31","2025","2027","3","$9,000,000","$3,000,000"
"Nils Hoglander","LW","VAN                  VAN","23","2025","2027","3","$9,000,000","$3,000,000"
"Tyler Myers","D","DAL                  DAL","34","2024","2026","3","$9,000,000","$3,000,000"
"Jalen Chatfield","D","CAR                  CAR","28","2024","2026","3","$9,000,000","$3,000,000"
"Nick Foligno","LW","MIN                  MIN","36","2024","2025","2","$9,000,000","$4,500,000"
"Mikael Backlund","C","CGY                  CGY","34","2024","2025","2","$9,000,000","$4,500,000"
"Eetu Luostarinen","C","FLA                  FLA","24","2024","2026","3","$9,000,000","$3,000,000"
"Trevor Van Riemsdyk","D","WAS                  WAS","31","2023","2025","3","$9,000,000","$3,000,000"
"Jordan Greenway","LW","BUF                  BUF","24","2022","2024","3","$9,000,000","$3,000,000"
"Vasily Podkolzin","RW","EDM                  EDM","24","2026","2028","3","$8,850,000","$2,950,000"
"Morgan Frost","C","CGY                  CGY","26","2025","2026","2","$8,750,000","$4,375,000"
"Brayden McNabb","D","VGK                  VGK","30","2022","2024","3","$8,550,000","$2,850,000"
"Petr Mrazek","G","ANA                  ANA","31","2024","2025","2","$8,500,000","$4,250,000"
"Jason Dickinson","C","EDM                  EDM","29","2024","2025","2","$8,500,000","$4,250,000"
"Calle Jarnkrok","C","TOR                  TOR","30","2022","2025","4","$8,400,000","$2,100,000"
"Dmitri Voronkov","LW","CBJ                  CBJ","24","2025","2026","2","$8,350,000","$4,175,000"
"Stefan Noesen","RW","NJD                  NJD","31","2024","2026","3","$8,250,000","$2,750,000"
"Mats Zuccarello-Aasen","RW","MIN                  MIN","36","2024","2025","2","$8,250,000","$4,125,000"
"Luke Schenn","D","BUF                  BUF","33","2023","2025","3","$8,250,000","$2,750,000"
"Andrew Peeke","D","BOS                  BOS","25","2023","2025","3","$8,250,000","$2,750,000"
"Jan Rutta","D","SJS                  SJS","31","2022","2024","3","$8,250,000","$2,750,000"
"Pius Suter","C","STL                  STL","29","2025","2026","2","$8,250,000","$4,125,000"
"Karel Vejmelka","G","UTA                  UTA","25","2022","2024","3","$8,175,000","$2,725,000"
"Martin Fehervary","D","WAS                  WAS","23","2023","2025","3","$8,025,000","$2,675,000"
"Jonathan Drouin","LW","STL                  STL","30","2025","2026","2","$8,000,000","$4,000,000"
"Jordan Greenway","LW","BUF                  BUF","28","2025","2026","2","$8,000,000","$4,000,000"
"Thomas Harley","D","DAL                  DAL","23","2024","2025","2","$8,000,000","$4,000,000"
"David Perron","LW","DET                  DET","36","2024","2025","2","$8,000,000","$4,000,000"
"Viktor Arvidsson","LW","BOS                  BOS","31","2024","2025","2","$8,000,000","$4,000,000"
"Pyotr Kochetkov","G","CAR                  CAR","23","2023","2026","4","$8,000,000","$2,000,000"
"Jeremy Lauzon","D","VGK                  VGK","24","2022","2025","4","$8,000,000","$2,000,000"
"Josh Manson","D","COL                  COL","33","2026","2027","2","$7,900,000","$3,950,000"
"Michael Amadio","C","OTT                  OTT","28","2024","2026","3","$7,800,000","$2,600,000"
"Stuart Skinner","G","PIT                  PIT","24","2023","2025","3","$7,800,000","$2,600,000"
"Will Cuylle","LW","NYR                  NYR","23","2025","2026","2","$7,800,000","$3,900,000"
"Martin Pospisil","C","CGY                  CGY","25","2026","2028","3","$7,500,000","$2,500,000"
"Brandon Tanev","C","UTA                  UTA","33","2025","2027","3","$7,500,000","$2,500,000"
"Tyson Foerster","C","PHI                  PHI","23","2025","2026","2","$7,500,000","$3,750,000"
"Keegan Kolesar","RW","VGK                  VGK","27","2025","2027","3","$7,500,000","$2,500,000"
"Jake Neighbours","LW","STL                  STL","22","2025","2026","2","$7,500,000","$3,750,000"
"Shane Pinto","C","OTT                  OTT","23","2024","2025","2","$7,500,000","$3,750,000"
"Niko Mikkola","D","FLA                  FLA","27","2023","2025","3","$7,500,000","$2,500,000"
"Jacob Middleton","D","MIN                  MIN","25","2022","2024","3","$7,350,000","$2,450,000"
"Simon Holmstrom","RW","NYI                  NYI","24","2025","2026","2","$7,250,000","$3,625,000"
"Andrew Mangiapane","LW","CHI                  CHI","29","2025","2026","2","$7,200,000","$3,600,000"
"Alexander Kerfoot","C","UTA                  UTA","28","2023","2024","2","$7,000,000","$3,500,000"
"Nicolas Deslauriers","LW","CAR                  CAR","30","2022","2025","4","$7,000,000","$1,750,000"
"Eeli Tolvanen","RW","SEA                  SEA","25","2024","2025","2","$6,950,000","$3,475,000"
"Jamie Drysdale","D","PHI                  PHI","21","2023","2025","3","$6,900,000","$2,300,000"
"Parker Kelly","C","COL                  COL","26","2026","2029","4","$6,800,000","$1,700,000"
"Joel Hofer","G","STL                  STL","24","2025","2026","2","$6,800,000","$3,400,000"
"Eric Robinson","LW","CAR                  CAR","30","2025","2028","4","$6,800,000","$1,700,000"
"Janis Moser","D","TBL                  TBL","24","2024","2025","2","$6,750,000","$3,375,000"
"Blake Lizotte","C","PIT                  PIT","28","2026","2028","3","$6,750,000","$2,250,000"
"Jack Quinn","RW","BUF                  BUF","23","2025","2026","2","$6,750,000","$3,375,000"
"Daniel Vladar","G","PHI                  PHI","27","2025","2026","2","$6,700,000","$3,350,000"
"Ryan Leonard","RW","WAS                  WAS","20","2024","2026","3","$6,625,000","$2,208,333"
"Ivan Fedotov","G","CBJ                  CBJ","27","2024","2025","2","$6,550,000","$3,275,000"
"Mikael Backlund","C","CGY                  CGY","36","2026","2027","2","$6,500,000","$3,250,000"
"Cole Perfetti","C","WPG                  WPG","22","2024","2025","2","$6,500,000","$3,250,000"
"Mason Lohrei","D","BOS                  BOS","24","2025","2026","2","$6,400,000","$3,200,000"
"David Reinbacher","D","MTL                  MTL","18","2023","2027","3","$6,350,000","$2,116,667"
"Yegor Sharangovich","C","CGY                  CGY","25","2023","2024","2","$6,200,000","$3,100,000"
"Alex Nedeljkovic","G","SJS                  SJS","30","2026","2027","2","$6,000,000","$3,000,000"
"Luke Evangelista","RW","NSH                  NSH","23","2025","2026","2","$6,000,000","$3,000,000"
"Radek Faksa","C","DAL                  DAL","31","2025","2027","3","$6,000,000","$2,000,000"
"Nic Dowd","C","VGK                  VGK","34","2025","2026","2","$6,000,000","$3,000,000"
"Vladislav Namestnikov","C","WPG                  WPG","32","2025","2026","2","$6,000,000","$3,000,000"
"Adam Henrique","C","EDM                  EDM","34","2024","2025","2","$6,000,000","$3,000,000"
"Timothy Liljegren","D","WAS                  WAS","25","2024","2025","2","$6,000,000","$3,000,000"
"Noel Acciari","C","PIT                  PIT","32","2023","2025","3","$6,000,000","$2,000,000"
"Olli Maatta","D","CGY                  CGY","28","2023","2024","2","$6,000,000","$3,000,000"
"Carter Yakemchuk","D","OTT                  OTT","18","2024","2028","3","$5,925,000","$1,975,000"
"Berkly Catton","C","SEA                  SEA","18","2024","2027","3","$5,925,000","$1,975,000"
"Zayne Parekh","D","CGY                  CGY","18","2024","2027","3","$5,925,000","$1,975,000"
"Dmitri Simashev","D","UTA                  UTA","20","2025","2027","3","$5,850,000","$1,950,000"
"Connor Ingram","G","EDM                  EDM","26","2023","2025","3","$5,850,000","$1,950,000"
"Kevin Korchinski","D","CHI                  CHI","17","2022","2025","3","$5,850,000","$1,950,000"
"Matthew Savoie","C","EDM                  EDM","17","2022","2026","3","$5,850,000","$1,950,000"
"Marco Kasper","C","DET                  DET","17","2022","2026","3","$5,850,000","$1,950,000"
"Mason Appleton","C","DET                  DET","29","2025","2026","2","$5,800,000","$2,900,000"
"Cutter Gauthier","LW","ANA                  ANA","20","2023","2025","3","$5,700,000","$1,900,000"
"Brandon Bussi","G","CAR                  CAR","27","2026","2028","3","$5,700,000","$1,900,000"
"Daniil But","LW","UTA                  UTA","20","2025","2027","3","$5,600,000","$1,866,667"
"Arvid Söderblom","G","CHI                  CHI","25","2025","2026","2","$5,500,000","$2,750,000"
"Anthony Beauvillier","LW","WAS                  WAS","28","2025","2026","2","$5,500,000","$2,750,000"
"Nick Perbix","D","NSH                  NSH","27","2025","2026","2","$5,500,000","$2,750,000"
"Kent Johnson","C","CBJ                  CBJ","21","2024","2026","3","$5,400,000","$1,800,000"
"William Borgen","D","NYR                  NYR","26","2023","2024","2","$5,400,000","$2,700,000"
"Christian Dvorak","C","PHI                  PHI","29","2025","2025","1","$5,400,000","$5,400,000"
"Simon Edvinsson","D","DET                  DET","18","2022","2025","3","$5,325,000","$1,775,000"
"Dylan Guenther","RW","UTA                  UTA","17","2021","2024","3","$5,325,000","$1,775,000"
"William Eklund","LW","SJS                  SJS","18","2021","2025","3","$5,325,000","$1,775,000"
"Brandt Clarke","D","LAK                  LAK","17","2021","2025","3","$5,325,000","$1,775,000"
"Vasily Podkolzin","RW","EDM                  EDM","19","2021","2023","3","$5,325,000","$1,775,000"
"Barrett Hayton","C","UTA                  UTA","24","2024","2025","2","$5,300,000","$2,650,000"
"Sam Dickinson","D","SJS                  SJS","18","2024","2027","3","$5,275,000","$1,758,333"
"Dalibor Dvorsky","C","STL                  STL","18","2023","2027","3","$5,200,000","$1,733,333"
"Pavel Mintyukov","D","ANA                  ANA","18","2022","2025","3","$5,200,000","$1,733,333"
"Conor Geekie","C","TBL                  TBL","17","2022","2026","3","$5,150,000","$1,716,667"
"Denton Mateychuk","D","CBJ                  CBJ","17","2022","2026","3","$5,100,000","$1,700,000"
"Jake Evans","C","MTL                  MTL","25","2022","2024","3","$5,100,000","$1,700,000"
"Alexandre Texier","C","MTL                  MTL","26","2026","2027","2","$5,000,000","$2,500,000"
"Alexei Toropchenko","RW","STL                  STL","26","2026","2027","2","$5,000,000","$2,500,000"
"Cody Glass","C","NJD                  NJD","26","2025","2026","2","$5,000,000","$2,500,000"
"Joel Armia","RW","LAK                  LAK","33","2025","2026","2","$5,000,000","$2,500,000"
"Drew O'Connor","LW","VAN                  VAN","26","2025","2026","2","$5,000,000","$2,500,000"
"Cameron Talbot","G","DET                  DET","36","2024","2025","2","$5,000,000","$2,500,000"
"Anthony Stolarz","G","TOR                  TOR","30","2024","2025","2","$5,000,000","$2,500,000"
"Jason Zucker","LW","BUF                  BUF","32","2024","2024","1","$5,000,000","$5,000,000"
"Alex Nedeljkovic","G","SJS                  SJS","28","2024","2025","2","$5,000,000","$2,500,000"
"Garnet Hathaway","RW","PHI                  PHI","32","2025","2026","2","$4,800,000","$2,400,000"
"Zach Benson","LW","BUF                  BUF","18","2023","2025","3","$4,800,000","$1,600,000"
"Garnet Hathaway","RW","PHI                  PHI","31","2023","2024","2","$4,750,000","$2,375,000"
"Mark Kastelic","C","BOS                  BOS","25","2025","2027","3","$4,700,000","$1,566,667"
"MacKenzie Blackwood","G","COL                  COL","26","2023","2024","2","$4,700,000","$2,350,000"
"Frank Nazar","C","CHI                  CHI","20","2023","2025","3","$4,650,000","$1,550,000"
"Alexis Lafrenière","LW","NYR                  NYR","21","2023","2024","2","$4,650,000","$2,325,000"
"Dmitry Kulikov","D","FLA                  FLA","33","2024","2027","4","$4,600,000","$1,150,000"
"Dylan Holloway","C","STL                  STL","22","2024","2025","2","$4,580,914","$2,290,457"
"Connor Dewar","C","PIT                  PIT","26","2026","2027","2","$4,500,000","$2,250,000"
"Linus Karlsson","C","VAN                  VAN","26","2026","2027","2","$4,500,000","$2,250,000"
"Maxim Tsyplakov","RW","NJD                  NJD","26","2025","2026","2","$4,500,000","$2,250,000"
"Anton Forsberg","G","LAK                  LAK","32","2025","2026","2","$4,500,000","$2,250,000"
"Cole Sillinger","C","CBJ                  CBJ","21","2024","2025","2","$4,500,000","$2,250,000"
"Danton Heinen","C","CBJ                  CBJ","28","2024","2025","2","$4,500,000","$2,250,000"
"Alex Vlasic","D","CHI                  CHI","19","2021","2023","3","$4,475,000","$1,491,667"
"Lane Hutson","D","MTL                  MTL","20","2023","2025","3","$4,450,000","$1,483,333"
"Conor Timmins","D","BUF                  BUF","26","2025","2026","2","$4,400,000","$2,200,000"
"Ville Husso","G","ANA                  ANA","30","2025","2026","2","$4,400,000","$2,200,000"
"Jesper Wallstedt","G","MIN                  MIN","21","2025","2026","2","$4,400,000","$2,200,000"
"Braden Schneider","D","NYR                  NYR","22","2024","2025","2","$4,400,000","$2,200,000"
"Ross Johnston","LW","ANA                  ANA","27","2022","2025","4","$4,400,000","$1,100,000"
"Ryan Greene","C","CHI                  CHI","21","2025","2026","3","$4,350,000","$1,450,000"
"Mattias Janmark","C","EDM                  EDM","31","2024","2026","3","$4,350,000","$1,450,000"
"Samuel Honzek","LW","CGY                  CGY","18","2023","2027","3","$4,350,000","$1,450,000"
"Lian Bichsel","D","DAL                  DAL","18","2023","2026","3","$4,350,000","$1,450,000"
"Joakim Kemell","RW","NSH                  NSH","17","2022","2026","3","$4,350,000","$1,450,000"
"Isak Rosen","RW","WPG                  WPG","18","2022","2025","3","$4,350,000","$1,450,000"
"Liam Ohgren","LW","VAN                  VAN","17","2022","2026","3","$4,325,000","$1,441,667"
"Andrei Kuzmenko","LW","LAK                  LAK","29","2025","2025","1","$4,300,000","$4,300,000"
"Noah Ostlund","C","BUF                  BUF","17","2022","2026","3","$4,275,000","$1,425,000"
"Sam Steel","C","DAL                  DAL","27","2025","2026","2","$4,200,000","$2,100,000"
"Connor McMichael","C","WAS                  WAS","23","2024","2025","2","$4,200,000","$2,100,000"
"Yegor Chinakhov","RW","PIT                  PIT","23","2024","2025","2","$4,200,000","$2,100,000"
"Keegan Kolesar","RW","VGK                  VGK","24","2022","2024","3","$4,200,000","$1,400,000"
"Ryker Evans","D","SEA                  SEA","23","2025","2026","2","$4,100,000","$2,050,000"
"Sam Rinzel","D","CHI                  CHI","20","2025","2027","3","$4,100,000","$1,366,667"
"Oliver Moore","C","CHI                  CHI","20","2025","2027","3","$4,050,000","$1,350,000"
"Simon Benoit","D","TOR                  TOR","25","2024","2026","3","$4,050,000","$1,350,000"
"Ryan Reaves","RW","SJS                  SJS","36","2023","2025","3","$4,050,000","$1,350,000"
"Steven Lorentz","C","TOR                  TOR","29","2025","2027","3","$4,050,000","$1,350,000"
"Kaiden Guhle","D","MTL                  MTL","17","2020","2024","3","$4,035,000","$1,345,000"
"Zachary Bolduc","C","MTL                  MTL","17","2021","2025","3","$4,012,500","$1,337,500"
"Ethan Frank","C","WAS                  WAS","28","2026","2027","2","$4,000,000","$2,000,000"
"Carter Hart","G","VGK                  VGK","27","2025","2026","2","$4,000,000","$2,000,000"
"Adam Gaudette","C","SJS                  SJS","28","2025","2026","2","$4,000,000","$2,000,000"
"John Klingberg","D","SJS                  SJS","32","2025","2025","1","$4,000,000","$4,000,000"
"Nico Sturm","C","MIN                  MIN","30","2025","2026","2","$4,000,000","$2,000,000"
"Yaroslav Askarov","G","SJS                  SJS","22","2025","2026","2","$4,000,000","$2,000,000"
"Vincent Desharnais","D","SJS                  SJS","28","2024","2025","2","$4,000,000","$2,000,000"
"Kevin Stenlund","C","UTA                  UTA","27","2024","2025","2","$4,000,000","$2,000,000"
"Erik Gustafsson","D","DET                  DET","32","2024","2025","2","$4,000,000","$2,000,000"
"Ryan Lomberg","LW","CGY                  CGY","29","2024","2025","2","$4,000,000","$2,000,000"
"Sam Lafferty","C","CHI                  CHI","29","2024","2025","2","$4,000,000","$2,000,000"
"Vladislav Namestnikov","C","WPG                  WPG","30","2023","2024","2","$4,000,000","$2,000,000"
"Klim Kostin","RW","SJS                  SJS","24","2023","2024","2","$4,000,000","$2,000,000"
"Collin Graf","RW","SJS                  SJS","21","2023","2025","3","$3,850,000","$1,283,333"
"Ryan Poehling","C","ANA                  ANA","25","2024","2025","2","$3,800,000","$1,900,000"
"Brett Howden","C","VGK                  VGK","25","2023","2024","2","$3,800,000","$1,900,000"
"Mark Jankowski","C","CAR                  CAR","31","2026","2027","2","$3,700,000","$1,850,000"
"Morgan Barron","C","WPG                  WPG","26","2025","2026","2","$3,700,000","$1,850,000"
"Sean Kuraly","C","BOS                  BOS","32","2025","2026","2","$3,700,000","$1,850,000"
"Blake Lizotte","C","PIT                  PIT","26","2024","2025","2","$3,700,000","$1,850,000"
"Brandon Duhaime","RW","WAS                  WAS","27","2024","2025","2","$3,700,000","$1,850,000"
"Pavel Dorofeyev","LW","VGK                  VGK","23","2024","2025","2","$3,670,000","$1,835,000"
"Justin Danforth","RW","BUF                  BUF","32","2025","2026","2","$3,600,000","$1,800,000"
"Carl Grundstrom","RW","PHI                  PHI","26","2024","2025","2","$3,600,000","$1,800,000"
"Theodor Blueger","C","VAN                  VAN","29","2024","2025","2","$3,600,000","$1,800,000"
"Brad Lambert","C","WPG                  WPG","18","2022","2026","3","$3,600,000","$1,200,000"
"Jon Merrill","D","MIN                  MIN","29","2022","2024","3","$3,600,000","$1,200,000"
"Jake Bean","D","CGY                  CGY","26","2024","2025","2","$3,500,000","$1,750,000"
"Nils Lundkvist","D","DAL                  DAL","25","2026","2027","2","$3,500,000","$1,750,000"
"Michael Carcone","RW","UTA                  UTA","29","2026","2027","2","$3,500,000","$1,750,000"
"Nick Bjugstad","C","NJD                  NJD","32","2025","2026","2","$3,500,000","$1,750,000"
"Joel Hanley","D","CGY                  CGY","34","2025","2026","2","$3,500,000","$1,750,000"
"Jack Drury","C","COL                  COL","24","2024","2025","2","$3,450,000","$1,725,000"
"Kurtis Macdermid","F","OTT                  OTT","30","2024","2026","3","$3,450,000","$1,150,000"
"Wyatt Kaiser","D","CHI                  CHI","23","2025","2026","2","$3,400,000","$1,700,000"
"Charlie Lindgren","G","WAS                  WAS","28","2022","2024","3","$3,300,000","$1,100,000"
"Ty Dellandrea","C","SJS                  SJS","25","2026","2027","2","$3,250,000","$1,625,000"
"Alex Steeves","C","BOS                  BOS","26","2026","2027","2","$3,250,000","$1,625,000"
"Gustav Nyquist","RW","WPG                  WPG","35","2025","2025","1","$3,250,000","$3,250,000"
"Fyodor Svechkov","C","NSH                  NSH","20","2023","2025","3","$3,200,000","$1,066,667"
"Jacob Bernard-Docker","D","DET                  DET","25","2026","2027","2","$3,200,000","$1,600,000"
"Declan Chisholm","D","WAS                  WAS","25","2025","2026","2","$3,200,000","$1,600,000"
"Tyler Kleven","D","OTT                  OTT","23","2025","2026","2","$3,200,000","$1,600,000"
"Logan O'Connor","C","COL                  COL","25","2022","2024","3","$3,150,000","$1,050,000"
"Pontus Holmberg","RW","TBL                  TBL","26","2025","2026","2","$3,100,000","$1,550,000"
"Urho Vaakanainen","D","NYR                  NYR","26","2025","2026","2","$3,100,000","$1,550,000"
"Ian Cole","D","UTA                  UTA","35","2024","2024","1","$3,100,000","$3,100,000"
"Wyatt Johnston","C","DAL                  DAL","17","2021","2024","3","$3,093,750","$1,031,250"
"Brock Faber","D","MIN                  MIN","20","2022","2024","3","$3,025,000","$1,008,333"
"Taylor Raddysh","RW","NYR                  NYR","27","2025","2026","2","$3,000,000","$1,500,000"
"Justin Brazeau","RW","PIT                  PIT","27","2025","2026","2","$3,000,000","$1,500,000"
"Alex Lyon","G","BUF                  BUF","32","2025","2026","2","$3,000,000","$1,500,000"
"Patrick Kane","RW","DET                  DET","36","2025","2025","1","$3,000,000","$3,000,000"
"Ian Cole","D","UTA                  UTA","36","2025","2025","1","$3,000,000","$3,000,000"
"Alexander Kerfoot","C","UTA                  UTA","30","2025","2025","1","$3,000,000","$3,000,000"
"Jesper Boqvist","C","FLA                  FLA","26","2025","2026","2","$3,000,000","$1,500,000"
"Jordan Spence","D","OTT                  OTT","23","2024","2025","2","$3,000,000","$1,500,000"
"Bobby Brink","RW","MIN                  MIN","22","2024","2025","2","$3,000,000","$1,500,000"
"Colin Miller","D","WPG                  WPG","31","2024","2025","2","$3,000,000","$1,500,000"
"Scott Wedgewood","G","COL                  COL","31","2024","2025","2","$3,000,000","$1,500,000"
"Casey DeSmith","G","DAL                  DAL","32","2024","2026","3","$3,000,000","$1,000,000"
"Kiefer Sherwood","LW","SJS                  SJS","29","2024","2025","2","$3,000,000","$1,500,000"
"Sam Carrick","C","BUF                  BUF","32","2024","2026","3","$3,000,000","$1,000,000"
"Liam O'Brien","C","UTA                  UTA","29","2024","2026","3","$3,000,000","$1,000,000"
"Oskar Sundqvist","C","STL                  STL","29","2024","2025","2","$3,000,000","$1,500,000"
"Sacha Boisvert","C","CHI                  CHI","","2025","2027","3","$2,992,500","$997,500"
"Ivan Demidov","RW","MTL                  MTL","19","2024","2026","3","$2,925,000","$975,000"
"Igor Chernyshov","LW","SJS                  SJS","18","2024","2027","3","$2,925,000","$975,000"
"Matvei Gridin","RW","CGY                  CGY","18","2024","2027","3","$2,925,000","$975,000"
"James Hagens","C","BOS                  BOS","19","2025","2027","3","$2,925,000","$975,000"
"Anton Frondell","C","CHI                  CHI","18","2025","2027","3","$2,925,000","$975,000"
"Michael Misa","C","SJS                  SJS","18","2025","2027","3","$2,925,000","$975,000"
"Matthew Schaefer","D","NYI                  NYI","17","2025","2027","3","$2,925,000","$975,000"
"Benjamin Kindel","C","PIT                  PIT","18","2025","2027","3","$2,925,000","$975,000"
"Cole Koepke","LW","WPG                  WPG","27","2026","2027","2","$2,900,000","$1,450,000"
"Porter Martone","RW","PHI                  PHI","19","2025","2027","3","$2,900,000","$966,667"
"Michael Eyssimont","C","BOS                  BOS","28","2025","2026","2","$2,900,000","$1,450,000"
"Peyton Krebs","C","BUF                  BUF","23","2024","2025","2","$2,900,000","$1,450,000"
"Samuel Ersson","G","PHI                  PHI","23","2024","2025","2","$2,900,000","$1,450,000"
"Tom Willander","D","VAN                  VAN","20","2025","2027","3","$2,850,000","$950,000"
"Alex Bump","LW","PHI                  PHI","21","2025","2027","3","$2,850,000","$950,000"
"Jacob Fowler","G","MTL                  MTL","20","2025","2027","3","$2,850,000","$950,000"
"Gabriel Perreault","RW","NYR                  NYR","19","2024","2026","3","$2,850,000","$950,000"
"Matthew Wood","RW","NSH                  NSH","20","2024","2026","3","$2,850,000","$950,000"
"Jimmy Snuggerud","RW","STL                  STL","20","2024","2026","3","$2,850,000","$950,000"
"Brayden Yager","C","WPG                  WPG","19","2024","2027","3","$2,850,000","$950,000"
"Luca Cagnoni","D","SJS                  SJS","19","2024","2026","3","$2,850,000","$950,000"
"Adam Engstrom","D","MTL                  MTL","20","2024","2026","3","$2,850,000","$950,000"
"Nick Lardis","LW","CHI                  CHI","18","2024","2027","3","$2,850,000","$950,000"
"Ty Mueller","C","VAN                  VAN","21","2024","2026","3","$2,850,000","$950,000"
"Hunter Brzustewicz","D","CGY                  CGY","19","2024","2026","3","$2,850,000","$950,000"
"Denver Barkey","C","PHI                  PHI","18","2024","2027","3","$2,850,000","$950,000"
"Tristan Luneau","D","ANA                  ANA","19","2023","2026","3","$2,850,000","$950,000"
"Jani Nyman","RW","SEA                  SEA","18","2023","2026","3","$2,850,000","$950,000"
"Niklas Kokko","G","SEA                  SEA","19","2023","2026","3","$2,850,000","$950,000"
"Elias Pettersson","D","VAN                  VAN","19","2023","2026","3","$2,850,000","$950,000"
"Jiri Kulich","C","BUF                  BUF","17","2022","2026","3","$2,850,000","$950,000"
"Elias Salomonsson","D","WPG                  WPG","17","2022","2026","3","$2,850,000","$950,000"
"Reid Schaefer","LW","NSH                  NSH","18","2022","2026","3","$2,850,000","$950,000"
"Adam Sykora","LW","NYR                  NYR","17","2022","2026","3","$2,850,000","$950,000"
"Aiden Fink","RW","NSH                  NSH","21","2025","2027","3","$2,850,000","$950,000"
"Danila Yurov","RW","MIN                  MIN","21","2025","2027","3","$2,850,000","$950,000"
"Jayden Struble","D","MTL                  MTL","23","2025","2026","2","$2,825,000","$1,412,500"
"Nikita Okhotyuk","D","CGY                  CGY","18","2019","2023","3","$2,825,000","$941,667"
"Cole Hutson","D","WAS                  WAS","","2025","2027","3","$2,823,000","$941,000"
"Easton Cowan","RW","TOR                  TOR","18","2023","2027","3","$2,807,500","$935,833"
"Michael Kesselring","D","BUF                  BUF","24","2024","2025","2","$2,800,000","$1,400,000"
"Colton Dach","C","EDM                  EDM","17","2021","2025","3","$2,800,000","$933,333"
"Oliver Kapanen","C","MTL                  MTL","20","2024","2026","3","$2,775,000","$925,000"
"Jackson Blake","RW","CAR                  CAR","20","2023","2025","3","$2,775,000","$925,000"
"Ryan Ufko","D","NSH                  NSH","20","2024","2026","3","$2,775,000","$925,000"
"Jaroslav Chmelar","RW","NYR                  NYR","20","2024","2026","3","$2,775,000","$925,000"
"Nikita Chibrikov","RW","WPG                  WPG","20","2023","2025","3","$2,775,000","$925,000"
"William Wallinder","D","DET                  DET","20","2023","2025","3","$2,775,000","$925,000"
"Emil Andrae","D","PHI                  PHI","21","2023","2025","3","$2,775,000","$925,000"
"Josh Doan","RW","BUF                  BUF","21","2023","2025","3","$2,775,000","$925,000"
"Logan Mailloux","D","STL                  STL","18","2022","2025","3","$2,775,000","$925,000"
"Ethan Del Mastro","D","CHI                  CHI","18","2022","2025","3","$2,775,000","$925,000"
"Vincent Iorio","D","NYR                  NYR","18","2021","2025","3","$2,775,000","$925,000"
"Logan Stankoven","C","CAR                  CAR","17","2021","2025","3","$2,775,000","$925,000"
"Zack Ostapchuk","C","SJS                  SJS","17","2021","2025","3","$2,775,000","$925,000"
"Olen Zellweger","D","ANA                  ANA","17","2021","2025","3","$2,775,000","$925,000"
"Samuel Helenius","C","LAK                  LAK","18","2021","2025","3","$2,775,000","$925,000"
"Zachary L'Heureux","LW","NSH                  NSH","17","2021","2025","3","$2,775,000","$925,000"
"Ridly Greig","LW","OTT                  OTT","17","2020","2024","3","$2,775,000","$925,000"
"Jacob Perreault","C","EDM                  EDM","17","2020","2024","3","$2,775,000","$925,000"
"Jake Neighbours","LW","STL                  STL","17","2020","2024","3","$2,775,000","$925,000"
"Drew Fortescue","D","NYR                  NYR","20","2025","2027","3","$2,770,000","$923,333"
"Aydar Suniev","LW","CGY                  CGY","20","2025","2027","3","$2,770,000","$923,333"
"Frederik Andersen","G","CAR                  CAR","35","2025","2025","1","$2,750,000","$2,750,000"
"Beck Malenstyn","LW","BUF                  BUF","26","2024","2025","2","$2,700,000","$1,350,000"
"Bobby McMann","C","SEA                  SEA","27","2024","2025","2","$2,700,000","$1,350,000"
"Nikita Grebenkin","RW","PHI                  PHI","20","2023","2025","3","$2,625,000","$875,000"
"Fraser Minten","C","BOS                  BOS","17","2022","2026","3","$2,625,000","$875,000"
"Isac Lundestrom","C","CBJ                  CBJ","25","2025","2026","2","$2,600,000","$1,300,000"
"Ty Emberson","D","EDM                  EDM","24","2025","2026","2","$2,600,000","$1,300,000"
"Arber Xhekaj","D","MTL                  MTL","23","2024","2025","2","$2,600,000","$1,300,000"
"Ty Dellandrea","C","SJS                  SJS","23","2024","2025","2","$2,600,000","$1,300,000"
"Vasili Ponomarev","C","PIT                  PIT","17","2020","2024","3","$2,560,000","$853,333"
"Ryan Tverberg","C","TOR                  TOR","21","2023","2025","3","$2,555,000","$851,667"
"Zemgus Girgensons","C","TBL                  TBL","30","2024","2026","3","$2,550,000","$850,000"
"Kirill Kudryavtsev","D","VAN                  VAN","19","2023","2026","3","$2,550,000","$850,000"
"Ryan Winterton","C","SEA                  SEA","18","2022","2025","3","$2,540,000","$846,667"
"Emmitt Finnie","C","DET                  DET","18","2024","2027","3","$2,535,000","$845,000"
"Brady Stonehouse","RW","EDM                  EDM","19","2023","2026","3","$2,535,000","$845,000"
"Dennis Hildeby","G","TOR                  TOR","24","2025","2027","3","$2,525,000","$841,667"
"Jonas Johansson","G","TBL                  TBL","29","2025","2026","2","$2,500,000","$1,250,000"
"Logan Stanley","D","BUF                  BUF","26","2024","2025","2","$2,500,000","$1,250,000"
"Zach Bogosian","D","MIN                  MIN","33","2024","2025","2","$2,500,000","$1,250,000"
"Alexei Toropchenko","RW","STL                  STL","24","2023","2024","2","$2,500,000","$1,250,000"
"Fyodor Svechkov","C","NSH                  NSH","22","2026","2027","2","$2,500,000","$1,250,000"
"Justus Annunen","G","NSH                  NSH","25","2026","2027","2","$2,500,000","$1,250,000"
"Scott Wedgewood","G","COL                  COL","33","2026","2026","1","$2,500,000","$2,500,000"
"Tye Kartye","LW","NYR                  NYR","24","2025","2026","2","$2,500,000","$1,250,000"
"Anthony Mantha","RW","PIT                  PIT","30","2025","2025","1","$2,500,000","$2,500,000"
"Adam Klapka","RW","CGY                  CGY","24","2025","2026","2","$2,500,000","$1,250,000"
"Tyson Hinds","D","ANA                  ANA","21","2022","2025","3","$2,490,000","$830,000"
"Gage Goncalves","C","TBL                  TBL","24","2025","2026","2","$2,400,000","$1,200,000"
"Lukas Reichel","C","BOS                  BOS","21","2024","2025","2","$2,400,000","$1,200,000"
"Stephen Halliday","C","OTT                  OTT","21","2024","2025","2","$2,400,000","$1,200,000"
"Joey Daccord","G","SEA                  SEA","26","2023","2024","2","$2,400,000","$1,200,000"
"Brayden Pachal","D","CGY                  CGY","25","2025","2026","2","$2,375,000","$1,187,500"
"Jakob Pelletier","LW","TBL                  TBL","24","2025","2027","3","$2,325,000","$775,000"
"Tyson Kozak","C","BUF                  BUF","22","2025","2027","3","$2,325,000","$775,000"
"Jack Finley","C","STL                  STL","22","2025","2027","3","$2,325,000","$775,000"
"Maxwell Crozier","D","TBL                  TBL","25","2025","2027","3","$2,325,000","$775,000"
"Alex Turcotte","C","LAK                  LAK","23","2024","2026","3","$2,325,000","$775,000"
"Kyle MacLean","LW","NYI                  NYI","25","2024","2026","3","$2,325,000","$775,000"
"Jack St. Ivany","D","PIT                  PIT","24","2024","2026","3","$2,325,000","$775,000"
"Zack MacEwen","C","NJD                  NJD","26","2023","2025","3","$2,325,000","$775,000"
"Paul Cotter","C","NJD                  NJD","23","2023","2025","3","$2,325,000","$775,000"
"Grant Hutton","D","NYI                  NYI","26","2022","2024","3","$2,325,000","$775,000"
"Justin Barron","D","NSH                  NSH","22","2024","2025","2","$2,300,000","$1,150,000"
"Johnathan Kovacevic","D","NJD                  NJD","24","2022","2024","3","$2,300,000","$766,667"
"Joseph Woll","G","TOR                  TOR","23","2022","2024","3","$2,300,000","$766,667"
"Ryan Winterton","C","SEA                  SEA","22","2026","2027","2","$2,250,000","$1,125,000"
"Elmer Soderblom","RW","PIT                  PIT","23","2025","2026","2","$2,250,000","$1,125,000"
"Albert Johansson","D","DET                  DET","24","2025","2026","2","$2,250,000","$1,125,000"
"Nils Hoglander","LW","VAN                  VAN","22","2023","2024","2","$2,200,000","$1,100,000"
"Mathieu Olivier","RW","CBJ                  CBJ","26","2023","2024","2","$2,200,000","$1,100,000"
"Drew Helleson","D","ANA                  ANA","24","2025","2026","2","$2,200,000","$1,100,000"
"Emil Heineman","LW","NYI                  NYI","23","2025","2026","2","$2,200,000","$1,100,000"
"Stephen Halliday","C","OTT                  OTT","23","2026","2027","2","$2,150,000","$1,075,000"
"Max Jones","LW","EDM                  EDM","26","2024","2025","2","$2,000,000","$1,000,000"
"Vasily Podkolzin","RW","EDM                  EDM","22","2024","2025","2","$2,000,000","$1,000,000"
"Martin Pospisil","C","CGY                  CGY","24","2024","2025","2","$2,000,000","$1,000,000"
"Cole Smith","LW","VGK                  VGK","28","2024","2025","2","$2,000,000","$1,000,000"
"Victor Mancini","D","VAN                  VAN","23","2026","2027","2","$2,000,000","$1,000,000"
"Ben Meyers","LW","SEA                  SEA","27","2026","2027","2","$2,000,000","$1,000,000"
"Max Sasson","C","VAN                  VAN","25","2026","2027","2","$2,000,000","$1,000,000"
"Corey Perry","RW","TBL                  TBL","40","2025","2025","1","$2,000,000","$2,000,000"
"Parker Wotherspoon","D","PIT                  PIT","27","2025","2026","2","$2,000,000","$1,000,000"
"Brandon Saad","LW","VGK                  VGK","32","2025","2025","1","$2,000,000","$2,000,000"
"Claude Giroux","C","OTT                  OTT","37","2025","2025","1","$2,000,000","$2,000,000"
"Reilly Smith","RW","VGK                  VGK","34","2025","2025","1","$2,000,000","$2,000,000"
"Jonathan Toews","C","WPG                  WPG","37","2025","2025","1","$2,000,000","$2,000,000"
"Derek Forbort","D","VAN                  VAN","33","2025","2025","1","$2,000,000","$2,000,000"
"Viking Gustafsson Nyberg","D","MIN                  MIN","22","2025","2026","2","$1,950,000","$975,000"
"Jake Livanavage","D","PIT                  PIT","21","2025","2026","2","$1,950,000","$975,000"
"Tyson Gross","F","CGY                  CGY","23","2025","2026","2","$1,950,000","$975,000"
"Adam Edstrom","C","NYR                  NYR","24","2025","2026","2","$1,950,000","$975,000"
"Matthew Rempe","C","NYR                  NYR","22","2025","2026","2","$1,950,000","$975,000"
"Josh Samanski","C","EDM                  EDM","23","2025","2026","2","$1,950,000","$975,000"
"Jacob Christiansen","D","CBJ                  CBJ","25","2025","2026","2","$1,950,000","$975,000"
"Ben Hutton","D","VGK                  VGK","30","2024","2025","2","$1,950,000","$975,000"
"Darren Raddysh","D","TBL                  TBL","27","2024","2025","2","$1,950,000","$975,000"
"Jakub Dobes","G","MTL                  MTL","24","2025","2026","2","$1,930,000","$965,000"
"Arttu Hyry","RW","DAL                  DAL","23","2024","2025","2","$1,900,000","$950,000"
"Victor Mancini","D","VAN                  VAN","21","2024","2025","2","$1,900,000","$950,000"
"Victor Ostman","G","SEA                  SEA","23","2024","2025","2","$1,900,000","$950,000"
"Cooper Black","G","FLA                  FLA","22","2024","2025","2","$1,900,000","$950,000"
"Justin Hryckowian","C","DAL                  DAL","23","2024","2025","2","$1,900,000","$950,000"
"Emil Martinsen-Lilleberg","D","TBL                  TBL","22","2023","2024","2","$1,900,000","$950,000"
"Abram Wiebe","D","CGY                  CGY","22","2025","2026","2","$1,900,000","$950,000"
"Justin Hryckowian","C","DAL                  DAL","24","2026","2027","2","$1,900,000","$950,000"
"Haydn Fleury","D","WPG                  WPG","28","2025","2026","2","$1,900,000","$950,000"
"Marat Khusnutdinov","C","BOS                  BOS","22","2025","2026","2","$1,850,000","$925,000"
"Alexander Nikishin","D","CAR                  CAR","23","2024","2025","2","$1,850,000","$925,000"
"Ian Moore","D","ANA                  ANA","23","2024","2025","2","$1,850,000","$925,000"
"Tyler Tucker","D","STL                  STL","25","2025","2026","2","$1,850,000","$925,000"
"Jackson Lacombe","D","ANA                  ANA","23","2024","2025","2","$1,850,000","$925,000"
"Drew O'Connor","LW","VAN                  VAN","25","2023","2024","2","$1,850,000","$925,000"
"Nikolai Kovalenko","RW","SJS                  SJS","23","2023","2024","2","$1,850,000","$925,000"
"Nicholas Robertson","LW","TOR                  TOR","23","2025","2025","1","$1,825,000","$1,825,000"
"Jonatan Berggren","RW","STL                  STL","24","2025","2025","1","$1,825,000","$1,825,000"
"Dominic James","F","TBL                  TBL","23","2025","2026","2","$1,820,000","$910,000"
"Joshua Mahura","D","SEA                  SEA","27","2025","2026","2","$1,815,000","$907,500"
"Jonah Gadjovich","LW","FLA                  FLA","27","2026","2027","2","$1,810,000","$905,000"
"Landon Slaggert","C","CHI                  CHI","22","2025","2026","2","$1,800,000","$900,000"
"Ilya Samsonov","G","VGK                  VGK","27","2024","2024","1","$1,800,000","$1,800,000"
"Michael McCarron","RW","MIN                  MIN","28","2024","2025","2","$1,800,000","$900,000"
"Matt Nieto","LW","PIT                  PIT","30","2023","2024","2","$1,800,000","$900,000"
"Louis Crevier","D","CHI                  CHI","24","2025","2026","2","$1,800,000","$900,000"
"Caleb Jones","D","PIT                  PIT","28","2025","2026","2","$1,800,000","$900,000"
"Cale Fleury","D","SEA                  SEA","26","2025","2026","2","$1,780,000","$890,000"
"Jonathan Aspirot","D","BOS                  BOS","26","2026","2027","2","$1,775,000","$887,500"
"Nathan Walker","LW","STL                  STL","31","2026","2027","2","$1,775,000","$887,500"
"Nikolas Matinpalo","D","OTT                  OTT","26","2025","2026","2","$1,750,000","$875,000"
"Luke Haymes","C","TOR                  TOR","21","2025","2026","2","$1,750,000","$875,000"
"Akira Schmid","G","VGK                  VGK","24","2024","2025","2","$1,750,000","$875,000"
"Jacob Quillan","C","TOR                  TOR","22","2024","2025","2","$1,750,000","$875,000"
"Zachary L'Heureux","LW","NSH                  NSH","22","2026","2027","2","$1,750,000","$875,000"
"Taylor Ward","RW","LAK                  LAK","27","2026","2027","2","$1,750,000","$875,000"
"Uvis Balinskis","D","FLA                  FLA","29","2026","2027","2","$1,750,000","$875,000"
"Samuel Helenius","C","LAK                  LAK","23","2026","2027","2","$1,750,000","$875,000"
"Nikita Chibrikov","RW","WPG                  WPG","22","2026","2027","2","$1,750,000","$875,000"
"Anthony DeAngelo","D","NYI                  NYI","29","2025","2025","1","$1,750,000","$1,750,000"
"Noah Laba","F","NYR                  NYR","21","2025","2026","2","$1,740,000","$870,000"
"Jared Wright","F","LAK                  LAK","22","2025","2026","2","$1,735,000","$867,500"
"Arsenii Sergeev","G","CGY                  CGY","22","2025","2026","2","$1,732,500","$866,250"
"Cole O'Hara","RW","NSH                  NSH","22","2025","2026","2","$1,720,000","$860,000"
"Dominic Toninato","C","CHI                  CHI","31","2025","2026","2","$1,700,000","$850,000"
"Philippe Myers","D","TOR                  TOR","27","2025","2026","2","$1,700,000","$850,000"
"Alexei Toropchenko","RW","STL                  STL","25","2025","2025","1","$1,700,000","$1,700,000"
"Dustin Wolf","G","CGY                  CGY","23","2024","2025","2","$1,700,000","$850,000"
"Arturs Silovs","G","PIT                  PIT","23","2024","2025","2","$1,700,000","$850,000"
"A.J. Greer","LW","FLA                  FLA","27","2024","2025","2","$1,700,000","$850,000"
"Uvis Balinskis","D","FLA                  FLA","27","2024","2025","2","$1,700,000","$850,000"
"Justus Annunen","G","NSH                  NSH","24","2024","2025","2","$1,675,000","$837,500"
"Mark Kastelic","C","BOS                  BOS","23","2023","2024","2","$1,670,000","$835,000"
"Justin Sourdif","C","WAS                  WAS","23","2025","2026","2","$1,650,000","$825,000"
"Oskar Back","C","DAL                  DAL","24","2025","2026","2","$1,650,000","$825,000"
"Spencer Stastney","D","EDM                  EDM","24","2024","2025","2","$1,650,000","$825,000"
"Parker Kelly","C","COL                  COL","25","2024","2025","2","$1,650,000","$825,000"
"Kaedan Korczak","D","VGK                  VGK","23","2024","2025","2","$1,650,000","$825,000"
"Jet Greaves","G","CBJ                  CBJ","23","2024","2025","2","$1,625,000","$812,500"
"Cameron Crotty","D","OTT                  OTT","26","2025","2026","2","$1,625,000","$812,500"
"Yan Kuznetsov","D","CGY                  CGY","23","2025","2026","2","$1,625,000","$812,500"
"Cole Reinhardt","LW","FLA                  FLA","25","2025","2026","2","$1,625,000","$812,500"
"Michael Pezzetta","C","TOR                  TOR","27","2025","2026","2","$1,625,000","$812,500"
"Dylan McIlrath","D","WAS                  WAS","32","2025","2026","2","$1,600,000","$800,000"
"Ville Heinola","D","WPG                  WPG","23","2024","2025","2","$1,600,000","$800,000"
"Emil Martinsen-Lilleberg","D","TBL                  TBL","23","2025","2026","2","$1,600,000","$800,000"
"Mitchell Chaffee","RW","TBL                  TBL","26","2024","2025","2","$1,600,000","$800,000"
"Matthew Kessel","D","STL                  STL","23","2024","2025","2","$1,600,000","$800,000"
"Jimmy Vesey","LW","COL                  COL","29","2023","2024","2","$1,600,000","$800,000"
"Victor Olofsson","RW","CGY                  CGY","30","2025","2025","1","$1,575,000","$1,575,000"
"Jansen Harkins","C","ANA                  ANA","27","2024","2025","2","$1,575,000","$787,500"
"Troy Stecher","D","TOR                  TOR","30","2024","2025","2","$1,575,000","$787,500"
"Jonny Brodzinski","C","NYR                  NYR","30","2024","2025","2","$1,575,000","$787,500"
"Jakub Lauko","C","BOS                  BOS","23","2023","2024","2","$1,575,000","$787,500"
"Filip Hallander","C","PIT                  PIT","24","2025","2026","2","$1,550,000","$775,000"
"Jonathan Quick","G","NYR                  NYR","39","2025","2025","1","$1,550,000","$1,550,000"
"Colten Ellis","G","BUF                  BUF","24","2025","2026","2","$1,550,000","$775,000"
"Adam Wilsby","D","NSH                  NSH","24","2025","2026","2","$1,550,000","$775,000"
"Ozzy Wiesblatt","RW","NSH                  NSH","22","2025","2026","2","$1,550,000","$775,000"
"Curtis Douglas","C","VAN                  VAN","24","2024","2025","2","$1,550,000","$775,000"
"Jaret Anderson-Dolan","C","WPG                  WPG","24","2024","2025","2","$1,550,000","$775,000"
"Vincent Hinostroza","C","FLA                  FLA","30","2024","2025","2","$1,550,000","$775,000"
"Nick Blankenburg","D","COL                  COL","26","2024","2025","2","$1,550,000","$775,000"
"Jeff Malott","LW","LAK                  LAK","27","2024","2025","2","$1,550,000","$775,000"
"Kyle Capobianco","D","DAL                  DAL","26","2024","2025","2","$1,550,000","$775,000"
"Jeffrey Viel","LW","ANA                  ANA","27","2024","2025","2","$1,550,000","$775,000"
"Joshua Dunne","C","BUF                  BUF","25","2024","2025","2","$1,550,000","$775,000"
"Ethan Frank","C","WAS                  WAS","26","2024","2025","2","$1,550,000","$775,000"
"Alex Petrovic","D","DAL                  DAL","32","2024","2025","2","$1,550,000","$775,000"
"Cam Dineen","D","EDM                  EDM","26","2024","2025","2","$1,550,000","$775,000"
"Declan Carlile","D","TBL                  TBL","22","2024","2025","2","$1,550,000","$775,000"
"Ryan Schmelzer","C","NJD                  NJD","30","2024","2025","2","$1,550,000","$775,000"
"Jonah Gadjovich","LW","FLA                  FLA","25","2024","2025","2","$1,550,000","$775,000"
"Jacob Moverare","D","LAK                  LAK","25","2024","2025","2","$1,550,000","$775,000"
"Kevin Gravel","D","NSH                  NSH","31","2024","2025","2","$1,550,000","$775,000"
"Nathan Walker","LW","STL                  STL","29","2024","2025","2","$1,550,000","$775,000"
"Dylan McIlrath","D","WAS                  WAS","31","2023","2024","2","$1,550,000","$775,000"
"Mason Morelli","C","VGK                  VGK","27","2023","2024","2","$1,550,000","$775,000"
"Brayden Pachal","D","CGY                  CGY","23","2023","2024","2","$1,550,000","$775,000"
"Nikita Tolopilo","G","VAN                  VAN","25","2025","2026","2","$1,550,000","$775,000"
"Hayden Hodgson","RW","OTT                  OTT","29","2025","2026","2","$1,550,000","$775,000"
"Matt Kiersted","D","MIN                  MIN","27","2025","2026","2","$1,550,000","$775,000"
"Zach Metsa","D","BUF                  BUF","26","2025","2026","2","$1,550,000","$775,000"
"Colin Blackwell","C","DAL                  DAL","32","2025","2026","2","$1,550,000","$775,000"
"Aatu Raty","C","VAN                  VAN","22","2025","2026","2","$1,550,000","$775,000"
"Matthew Robertson","D","NYR                  NYR","24","2025","2026","2","$1,550,000","$775,000"
"Steven Santini","D","TBL                  TBL","30","2025","2026","2","$1,550,000","$775,000"
"Jack Roslovic","C","EDM                  EDM","28","2025","2025","1","$1,500,000","$1,500,000"
"Vitek Vanecek","G","UTA                  UTA","29","2025","2025","1","$1,500,000","$1,500,000"
"Max Pacioretty","LW","TOR                  TOR","35","2024","2024","1","$1,500,000","$1,500,000"
"Owen Michaels","F","EDM                  EDM","23","2025","2025","1","$1,483,571","$1,483,571"
"Jani Hakanpaa","D","TOR                  TOR","32","2024","2024","1","$1,470,000","$1,470,000"
"Arseny Gritsyuk","RW","NJD                  NJD","24","2025","2025","1","$1,425,000","$1,425,000"
"Sam Malinski","D","COL                  COL","26","2025","2025","1","$1,400,000","$1,400,000"
"Patrick Maroon","LW","CHI                  CHI","36","2024","2024","1","$1,300,000","$1,300,000"
"Jonathan Quick","G","NYR                  NYR","38","2024","2024","1","$1,300,000","$1,300,000"
"Kasperi Kapanen","RW","EDM                  EDM","28","2025","2025","1","$1,300,000","$1,300,000"
"Joel Kiviranta","LW","COL                  COL","29","2025","2025","1","$1,250,000","$1,250,000"
"Lars Eller","C","OTT                  OTT","36","2025","2025","1","$1,250,000","$1,250,000"
"Nils Lundkvist","D","DAL                  DAL","24","2025","2025","1","$1,250,000","$1,250,000"
"Sam Steel","C","DAL                  DAL","26","2024","2024","1","$1,200,000","$1,200,000"
"Philipp Kurashev","C","SJS                  SJS","25","2025","2025","1","$1,200,000","$1,200,000"
"Christian Fischer","C","CBJ                  CBJ","27","2024","2024","1","$1,125,000","$1,125,000"
"David Kampf","C","WAS                  WAS","30","2025","2025","1","$1,100,000","$1,100,000"
"Mike Reilly","D","CAR                  CAR","31","2025","2025","1","$1,100,000","$1,100,000"
"Urho Vaakanainen","D","NYR                  NYR","25","2024","2024","1","$1,100,000","$1,100,000"
"Oliver Kylington","D","ANA                  ANA","27","2024","2024","1","$1,050,000","$1,050,000"
"Daniil Tarasov","G","FLA                  FLA","26","2025","2025","1","$1,050,000","$1,050,000"
"Yegor Zamula","D","CBJ                  CBJ","25","2025","2025","1","$1,000,000","$1,000,000"
"Alexandre Texier","C","MTL                  MTL","26","2025","2025","1","$1,000,000","$1,000,000"
"Matthew Grzelcyk","D","CHI                  CHI","31","2025","2025","1","$1,000,000","$1,000,000"
"Travis Hamonic","D","DET                  DET","35","2025","2025","1","$1,000,000","$1,000,000"
"Brent Burns","D","COL                  COL","40","2025","2025","1","$1,000,000","$1,000,000"
"Evgenii Dadonov","LW","NJD                  NJD","36","2025","2025","1","$1,000,000","$1,000,000"
"Matthew Murray","G","SEA                  SEA","31","2025","2025","1","$1,000,000","$1,000,000"
"Cole Koepke","LW","WPG                  WPG","27","2025","2025","1","$1,000,000","$1,000,000"
"Tanner Pearson","LW","BUF                  BUF","32","2025","2025","1","$1,000,000","$1,000,000"
"James Van Riemsdyk","LW","DET                  DET","36","2025","2025","1","$1,000,000","$1,000,000"
"David Rittich","G","NYI                  NYI","32","2025","2025","1","$1,000,000","$1,000,000"
"Jamie Benn","LW","DAL                  DAL","35","2025","2025","1","$1,000,000","$1,000,000"
"Shakir Mukhamadullin","D","SJS                  SJS","23","2025","2025","1","$1,000,000","$1,000,000"
"Craig Smith","C","DET                  DET","34","2024","2024","1","$1,000,000","$1,000,000"
"Erik Johnson","D","COL                  COL","36","2024","2024","1","$1,000,000","$1,000,000"
"Daniel Sprong","RW","NJD                  NJD","27","2024","2024","1","$975,000","$975,000"
"Maxim Shabanov","F","NYI                  NYI","24","2025","2025","1","$975,000","$975,000"
"Max Lundgren","G","BOS                  BOS","23","2026","2026","1","$952,500","$952,500"
"Ty Emberson","D","EDM                  EDM","24","2024","2024","1","$950,000","$950,000"
"Mavrik Bourque","C","DAL                  DAL","23","2025","2025","1","$950,000","$950,000"
"Mathieu Joseph","RW","LAK                  LAK","29","2025","2025","1","$900,000","$900,000"
"Joe Veleno","C","MTL                  MTL","25","2025","2025","1","$900,000","$900,000"
"Marc Gatcomb","C","NYI                  NYI","25","2025","2025","1","$900,000","$900,000"
"Noah Juulsen","D","PHI                  PHI","28","2025","2025","1","$900,000","$900,000"
"John Beecher","C","CGY                  CGY","24","2025","2025","1","$900,000","$900,000"
"Jacob Bryson","D","WPG                  WPG","27","2025","2025","1","$900,000","$900,000"
"Ryan Shea","D","PIT                  PIT","28","2025","2025","1","$900,000","$900,000"
"Cameron Atkinson","RW","TBL                  TBL","35","2024","2024","1","$900,000","$900,000"
"Jacob Bryson","D","WPG                  WPG","26","2024","2024","1","$900,000","$900,000"
"Kevin Lankinen","G","VAN                  VAN","29","2024","2024","1","$875,000","$875,000"
"Charle-Edouard D'Astous","D","TBL                  TBL","27","2026","2026","1","$875,000","$875,000"
"Jacob Bernard-Docker","D","DET                  DET","25","2025","2025","1","$875,000","$875,000"
"Dennis Gilbert","D","OTT                  OTT","28","2025","2025","1","$875,000","$875,000"
"Zakhar Bardakov","C","COL                  COL","23","2025","2025","1","$867,500","$867,500"
"Ilya Solovyov","D","PIT                  PIT","25","2026","2026","1","$850,000","$850,000"
"Logan Mailloux","D","STL                  STL","22","2026","2026","1","$850,000","$850,000"
"James Reimer","G","OTT                  OTT","37","2025","2025","1","$850,000","$850,000"
"Alex Steeves","C","BOS                  BOS","25","2025","2025","1","$850,000","$850,000"
"Adam Boqvist","D","NYI                  NYI","24","2025","2025","1","$850,000","$850,000"
"Eric Comrie","G","WPG                  WPG","28","2024","2025","1","$825,000","$825,000"
"Cole Schwindt","RW","FLA                  FLA","24","2025","2025","1","$825,000","$825,000"
"Jordan Harris","D","BOS                  BOS","24","2025","2025","1","$825,000","$825,000"
"Nick Cousins","C","OTT                  OTT","31","2025","2025","1","$825,000","$825,000"
"Brendan Smith","D","CBJ                  CBJ","36","2025","2025","1","$800,000","$800,000"
"Marcus Johansson","C","MIN                  MIN","34","2025","2025","1","$800,000","$800,000"
"Nick DeSimone","D","UTA                  UTA","30","2025","2025","1","$800,000","$800,000"
"Rodrigo Abols","C","PHI                  PHI","29","2025","2025","1","$800,000","$800,000"
"Tyler Motte","C","DET                  DET","29","2024","2024","1","$800,000","$800,000"
"Calvin de Haan","D","NYR                  NYR","33","2024","2024","1","$800,000","$800,000"
"Trevor Lewis","C","LAK                  LAK","37","2024","2024","1","$800,000","$800,000"
"Libor Hajek","D","NYR                  NYR","23","2022","2022","1","$800,000","$800,000"
"Linus Karlsson","C","VAN                  VAN","25","2025","2025","1","$775,000","$775,000"
"Gustav Lindstrom","D","MTL                  MTL","25","2024","2024","1","$775,000","$775,000"
"Jakub Vrana","LW","NSH                  NSH","28","2024","2024","1","$775,000","$775,000"
"Robert Bortuzzo","D","UTA                  UTA","35","2024","2024","1","$775,000","$775,000"
"Adam Wilsby","D","NSH                  NSH","23","2024","2024","1","$775,000","$775,000"
"Ryan Suter","D","STL                  STL","39","2024","2024","1","$775,000","$775,000"
"Jacob Christiansen","D","CBJ                  CBJ","24","2024","2024","1","$775,000","$775,000"
"Philippe Myers","D","TOR                  TOR","27","2024","2024","1","$775,000","$775,000"
"Jack Johnson","D","CBJ                  CBJ","37","2024","2024","1","$775,000","$775,000"
"Robert Hagg","D","VGK                  VGK","29","2024","2024","1","$775,000","$775,000"
"Jesper Boqvist","C","FLA                  FLA","25","2024","2024","1","$775,000","$775,000"
"Oskar Back","C","DAL                  DAL","24","2024","2024","1","$775,000","$775,000"
"Colten Ellis","G","BUF                  BUF","23","2024","2024","1","$775,000","$775,000"
"Filip Kral","D","PIT                  PIT","24","2024","2024","1","$775,000","$775,000"
"Jerad Rosburg","D","DAL                  DAL","27","2023","2023","1","$775,000","$775,000"
"Garrett Wilson","RW","PHI                  PHI","34","2025","2025","1","$775,000","$775,000"
"Luke Glendening","C","PHI                  PHI","36","2025","2025","1","$775,000","$775,000"
"Robby Fabbri","LW","MIN                  MIN","29","2025","2025","1","$775,000","$775,000"
"Kevin Rooney","C","UTA                  UTA","32","2025","2025","1","$775,000","$775,000"
"Adam Erne","LW","DAL                  DAL","30","2025","2025","1","$775,000","$775,000"
"Noah Gregor","C","FLA                  FLA","27","2025","2025","1","$775,000","$775,000"
"Conor Sheary","LW","NYR                  NYR","33","2025","2025","1","$775,000","$775,000"
"Donovan Sebrango","D","FLA                  FLA","23","2025","2025","1","$775,000","$775,000"
"Luke Kunin","C","FLA                  FLA","27","2025","2025","1","$775,000","$775,000"
"Dylan Garand","G","NYR                  NYR","23","2025","2025","1","$775,000","$775,000"
"Daemon Hunt","D","MIN                  MIN","23","2025","2025","1","$775,000","$775,000"
"Nathan Bastian","RW","DAL                  DAL","27","2025","2025","1","$775,000","$775,000"
"William Villeneuve","D","TOR                  TOR","23","2025","2025","1","$775,000","$775,000"
"Rory Kerins","C","CGY                  CGY","23","2025","2025","1","$775,000","$775,000"
"Michael Carcone","RW","UTA                  UTA","29","2025","2025","1","$775,000","$775,000"
"Scott Sabourin","RW","TBL                  TBL","32","2025","2025","1","$775,000","$775,000"
"Mackie Samoskevich","RW","FLA                  FLA","22","2025","2025","1","$775,000","$775,000"
"Charle-Edouard D'Astous","D","TBL                  TBL","27","2025","2025","1","$775,000","$775,000"
"Jonathan Aspirot","D","BOS                  BOS","26","2025","2025","1","$775,000","$775,000"
"Alex Barre-Boulet","C","COL                  COL","28","2025","2025","1","$775,000","$775,000"
"Pierre-Olivier Joseph","D","VAN                  VAN","26","2025","2025","1","$775,000","$775,000"
"Tyson Jost","C","NSH                  NSH","27","2025","2025","1","$775,000","$775,000"
"Curtis Lazar","C","EDM                  EDM","30","2025","2025","1","$775,000","$775,000"
"Pavel Regenda","LW","SJS                  SJS","25","2025","2025","1","$775,000","$775,000"
"Taylor Ward","RW","LAK                  LAK","27","2025","2025","1","$775,000","$775,000"
"Nolan Foote","LW","FLA                  FLA","24","2025","2025","1","$775,000","$775,000"
"Dennis Cholowski","D","NJD                  NJD","27","2025","2025","1","$775,000","$775,000"
"Brandon Bussi","G","CAR                  CAR","27","2025","2025","1","$775,000","$775,000"
"Jeff Petry","D","MIN                  MIN","37","2025","2025","1","$775,000","$775,000"
"Kailer Yamamoto","C","UTA                  UTA","26","2025","2025","1","$775,000","$775,000"
"Tomas Nosek","LW","FLA                  FLA","32","2025","2025","1","$775,000","$775,000"
"Max Sasson","C","VAN                  VAN","24","2025","2025","1","$775,000","$775,000"
"Jason Polin","RW","COL                  COL","26","2025","2025","1","$775,000","$775,000"
"Lassi Thomson","D","OTT                  OTT","24","2025","2025","1","$775,000","$775,000"
"Ben Meyers","LW","SEA                  SEA","26","2025","2025","1","$775,000","$775,000"
"Laurent Dauphin","C","ARI                  ARI","26","2022","2022","1","$750,000","$750,000"

