player_name,position,stat_season,start_year,aav,cap_at_signing,aav_pct_cap,age_at_signing,gp_pct,toi_per_game,goals_per60,primaryA_per60,points_per60,xG_per60,shots_per60,hdGoals_per60,ev_goals_per60,ev_xG_per60,ev_xGF_pct,ev_corsi_pct,pp_goals_per60,pp_xG_per60,pp_toi_share,faceoff_pct,ozone_start_pct,hits_per60,takeaways_per60,penDiff_per60,position_group,pp_primaryA_per60,pk_toi_share,blocks_per60,giveaways_per60
Kirill Kaprizov,LW,2024,2026,17000000.0,,,28.0,0.5,22.467073170731705,0.027139988058405257,0.023883189491396624,0.06079357325082777,0.022124518265211963,0.15741193073875048,0.010855995223362102,0.01613915538420156,0.011283959472787592,0.5479740396421681,0.5331890331890332,0.015870916545430498,0.04324824758629811,0.13680363313973476,0.0,0.43529411764705883,0.017369592357379362,0.013027194268034522,0.003256798567008631,F,,,,
Leon Draisaitl,C,2024,2025,14000000.0,88000000.0,0.1590909090909091,28.0,0.8658536585365854,21.51737089201878,0.03403735381392913,0.019636934892651423,0.06938383662070169,0.020566416477570258,0.1577500436376331,0.009163902949903997,0.019082122263858737,0.011308231585060636,0.6028078130449948,0.5872093023255814,0.062356172518743966,0.0361665800608715,0.1469606388549485,0.5434782608695652,0.42618741976893454,0.015054983417699425,0.022909757374759993,0.007854773957060569,F,,,,
Jack Eichel,C,2024,2026,13500000.0,,,28.0,0.9390243902439024,20.533549783549784,0.017709376482369685,0.01707689875085648,0.05945290676224108,0.016646813893427502,0.1473673114425763,0.005692299583618827,0.017110591456111334,0.012790167113443222,0.5302077377549076,0.5142857142857142,0.024113817217265493,0.029515312273932965,0.13114425762926263,0.45614035087719296,0.38424821002386633,0.013914510093290465,0.017709376482369685,0.0069572550466452335,F,,,,
Sidney Crosby,C,2019,2013,8700000.0,,,25.0,0.5,20.243089430894308,0.019277882645889394,0.024097353307361742,0.05542391260693201,0.014506606691031767,0.13253544319048957,0.004819470661472348,0.014502094747019013,0.011150499516596841,0.4934093338083363,0.5298013245033113,0.02007584207004238,0.016060673656033905,0.18004739146150447,0.5569334836527621,0.46393762183235865,0.03373629463030644,0.03132655929957026,0.006024338326840435,F,,,,
Nathan MacKinnon,C,2022,2023,12600000.0,83500000.0,0.15089820359281436,27.0,0.8658536585365854,22.31737089201878,0.02650622685964322,0.02650622685964322,0.07005217098619994,0.01945683271625715,0.2309828340626052,0.007573207674183777,0.02043318348998774,0.014409480997139354,0.5371731327978123,0.5570522979397782,0.03659205952308349,0.026712203451850946,0.1724692864355436,0.4443493150684932,0.43119266055045874,0.03344833389431168,0.027137327499158533,0.010097610232245036,F,,,,
Connor McDavid,C,2019,2018,12500000.0,,,20.0,0.7804878048780488,21.838802083333334,0.024325967970808837,0.027187846555609876,0.06940055568142521,0.017715028439918436,0.15096409534825483,0.009301105400603379,0.019256338544770987,0.015148319655219844,0.4898041185334003,0.480912245909767,0.043035432506096684,0.021861999713097116,0.16625129678873374,0.47754491017964074,0.4681181959564541,0.026472376909409616,0.03791989124861377,0.0071546964620026,F,,,,
Kyle Connor,LW,2024,2026,12000000.0,,,28.0,1.0,20.39471544715447,0.024516154750752427,0.018536604811544517,0.058001634410316714,0.01805226126646868,0.1596539833768512,0.004783639951366328,0.01992617098187485,0.013411845853184995,0.5159622709958281,0.4811650485436893,0.027985074626865673,0.028731343283582088,0.12820155069661757,0.125,0.4925373134328358,0.012557054872336609,0.019732514799386102,0.0,F,,,,
Mitchell Marner,RW,2024,2025,12000000.0,88000000.0,0.13636363636363635,28.0,0.9878048780487805,21.31543209876543,0.01563812226694854,0.027221916538762273,0.05907735078625004,0.013744171903506994,0.10019982045118879,0.00695027656308824,0.012429565793834935,0.008874709976798146,0.5356502030408915,0.49957555178268254,0.02170767004341534,0.017583212735166425,0.1334066973637215,0.29411764705882354,0.33676333021515437,0.028380295965943644,0.03243462396107845,0.006371086849497554,F,,,,
Mikko Rantanen,RW,2024,2025,12000000.0,88000000.0,0.13636363636363635,28.0,1.0,21.24918699186992,0.01836512157327875,0.01951294167160867,0.050504084326516555,0.02080997838272148,0.12166893042297171,0.008608650737474412,0.009044203544825335,0.014003441821904558,0.5276910435497124,0.5389513108614232,0.03324836528870664,0.028926077801174774,0.17261301245384808,0.5294117647058824,0.4810400866738895,0.02754768235991812,0.022956401966598435,-0.0028695502458248034,F,,,,
Martin Necas,C,2024,2026,11500000.0,,,26.0,0.9634146341463414,18.998523206751056,0.01798940623854841,0.02132077776420552,0.05530076732590808,0.015384273705484546,0.129257215195496,0.006662743051314226,0.010611643330876936,0.011098010316875462,0.5422548645555132,0.5840108401084011,0.0444966318521723,0.024250664359433904,0.17968307552219248,0.37777777777777777,0.4779516358463727,0.0413090069181482,0.015324309018022718,0.009994114576971337,F,,,,
William Nylander,C,2023,2024,11500000.0,88000000.0,0.13068181818181818,27.0,1.0,19.913617886178862,0.024496044909415666,0.0220464404184741,0.06001531002806838,0.018978310793569788,0.19351875478438377,0.005511610104618525,0.018376466985006473,0.012454232852111205,0.5083698863127741,0.5054545454545455,0.03811217684050054,0.03212856507654196,0.16068384792038787,0.47058823529411764,0.41569086651053866,0.019596835927532533,0.04164327634600663,0.004899208981883133,F,,,,
David Pastrnak,RW,2022,2023,11250000.0,83500000.0,0.1347305389221557,26.0,1.0,19.56443089430894,0.038023208701704815,0.01932326999594835,0.07043643579168268,0.028274307323103775,0.253695835108096,0.01184329451364576,0.02817290429498688,0.018420107719928188,0.5260663507109005,0.5261744966442953,0.054570259208731244,0.04191678035470668,0.18276073428425985,0.42105263157894735,0.5748730964467005,0.056723147407461275,0.032413227089977875,0.006233312901918824,F,,,,
Adrian Kempe,LW,2024,2026,10625000.0,,,29.0,0.9878048780487805,19.15534979423868,0.022557602449111123,0.01740157903217144,0.04704871367957463,0.019064396584134485,0.15274719372683818,0.00837853805252699,0.01844829353284821,0.014864053646466275,0.5271627605572956,0.5146276595744681,0.02833530106257379,0.02639905548996458,0.1364734948171223,0.4583333333333333,0.3623529411764706,0.06445029271174607,0.00837853805252699,0.0012890058542349217,F,,,,
Jonathan Huberdeau,LW,2022,2023,10500000.0,83500000.0,0.12574850299401197,29.0,0.9634146341463414,16.864135021097045,0.011259007205764612,0.017263811048839072,0.04128302642113691,0.013143014411529225,0.09457566052842274,0.0045036028823058445,0.009488866396761135,0.010741396761133604,0.5528436825973436,0.5666156202143952,0.018502813969624547,0.01660627553773803,0.16226731385108087,0.3333333333333333,0.468503937007874,0.04878903122497998,0.025520416333066454,0.0030024019215372285,F,,,,
Artemi Panarin,LW,2019,2019,11642857.0,81500000.0,0.14285714110429448,27.0,0.8414634146341463,20.603864734299517,0.022508792497069167,0.02391559202813599,0.06682297772567408,0.013364595545134817,0.1463071512309496,0.007033997655334114,0.01895877219380078,0.009533554017454107,0.5136918508742989,0.5023651844843898,0.025130890052356022,0.01734031413612565,0.167936694021102,0.5,0.41496598639455784,0.017584994138335287,0.03939038686987104,0.004220398593200469,F,,,,
Logan Cooley,C,2024,2026,10000000.0,,,21.0,0.9146341463414634,17.86133333333333,0.01866228724992535,0.014929829799940281,0.04852194684980591,0.015071663183039716,0.11794565541952823,0.004478948939982084,0.017546139849233172,0.011824148687288798,0.48474932803552645,0.5039486673247778,0.040875912408759124,0.03602919708029197,0.12783666766198865,0.4473684210526316,0.46635367762128327,0.04702896386981189,0.017915795759928337,-0.0014929829799940272,F,,,,
Aleksander Barkov,C,2021,2022,10000000.0,82500000.0,0.12121212121212122,26.0,0.8170731707317073,20.30323383084577,0.028669795023217634,0.01911319668214509,0.064690819539568,0.021068623727318395,0.15731631115304034,0.012497090138325636,0.01639433848844199,0.015891578774796435,0.5714913244014935,0.5822424587364826,0.04833748352131244,0.031990625457741326,0.16728947916539041,0.5694888178913738,0.33733493397358943,0.036756147465663636,0.04337225400948309,-0.001470245898626545,F,,,,
Jack Eichel,C,2019,2018,10000000.0,,,21.0,0.8292682926829268,22.0953431372549,0.023960332338683735,0.012645730956527526,0.052579618187667085,0.015148254556345607,0.15108320669114467,0.007986777446227911,0.014830970556161395,0.010617230098146128,0.4767189108797621,0.5094810379241517,0.035556726147362876,0.015447422137354316,0.16846554038314346,0.4691075514874142,0.43301435406698563,0.02662259148742637,0.029284850636169008,0.015973554892455822,F,,,,
Tyler Seguin,C,2019,2019,9850000.0,81500000.0,0.12085889570552147,26.0,0.8414634146341463,19.198067632850243,0.012833417211877201,0.014343231001509813,0.036990437845998994,0.017257171615500753,0.18495218922999496,0.004529441368897835,0.00874069278083522,0.013285853026869536,0.5332348596750369,0.4908005967180507,0.017793594306049824,0.02716488730723606,0.1272773024660292,0.5799136069114471,0.40063424947145876,0.06794162053346753,0.025666834423754403,0.0015098137896326115,F,,,,
Sebastian Aho,LW,2023,2024,9750000.0,88000000.0,0.11079545454545454,26.0,0.9512195121951219,19.627564102564104,0.023514811065024985,0.022208432672523596,0.05813383846631177,0.01775368235409386,0.1410888663901499,0.008491459551259023,0.013556666867506175,0.012210037958667229,0.5415135929463629,0.574814126394052,0.04653327128897161,0.030572359236854352,0.14037035827427413,0.5412322274881517,0.516260162601626,0.03135308142003331,0.0326594598125347,-0.0013063783925013877,F,,,,
Matthew Tkachuk,LW,2021,2022,9500000.0,82500000.0,0.11515151515151516,24.0,1.0,17.899390243902438,0.0286152273888605,0.026571282575370465,0.07085675353432125,0.023559870550161812,0.172372679270993,0.010219724067450179,0.02177858439201452,0.017288845455814605,0.612189148455162,0.5927857453281182,0.039241334205362986,0.04129060388053194,0.15625958099131323,0.46511627906976744,0.4369747899159664,0.0633622892181911,0.02793391245103049,0.0,F,,,,
Brayden Point,C,2021,2022,9500000.0,82500000.0,0.11515151515151516,25.0,0.8048780487804879,19.461868686868687,0.021798647964810753,0.010899323982405376,0.045154342212822274,0.02057636663249815,0.1370200729216676,0.009342277699204609,0.015333764950420827,0.014311513953726105,0.50908890602622,0.5055991041433371,0.039781936054221305,0.03270959186680419,0.17612788540139357,0.5104602510460251,0.4738255033557047,0.058389235620028804,0.025691263672812673,0.0031140925664015356,F,,,,
Mark Stone,RW,2019,2019,9500000.0,81500000.0,0.1165644171779141,26.0,0.7926829268292683,19.397179487179486,0.016655871194596095,0.02220782825946146,0.04996761358378829,0.014101970944758029,0.13404010628032095,0.002379410170656585,0.014152483942373988,0.015807235911020793,0.6017863356919151,0.576271186440678,0.03861003861003861,0.011518661518661518,0.1232534468400111,0.34782608695652173,0.3514774494556765,0.04441565651892292,0.061071527713519015,0.0007931367235521954,F,,,,
Nikita Kucherov,RW,2019,2019,9500000.0,81500000.0,0.1165644171779141,25.0,0.8292682926829268,18.72598039215686,0.025130232192874535,0.02120363341273789,0.064396219994241,0.015415826810816472,0.1641318290097118,0.003926598780136646,0.020485506504148317,0.013756017617535594,0.5775933609958507,0.5473453749315819,0.017665243633151775,0.015854556160753715,0.17782257008978822,0.0,0.5050071530758226,0.02905683097301118,0.023559592680819877,0.0,F,,,,
Mathew Barzal,C,2022,2023,9150000.0,83500000.0,0.10958083832335329,25.0,0.7073170731707317,18.71609195402299,0.012896886323159124,0.02026653565067862,0.0469815144629368,0.012316526438616962,0.1280476570656513,0.0009212061659399374,0.010737080707056647,0.009233889408068718,0.5193309569509186,0.5461254612546126,0.02059732234809475,0.018331616889804326,0.17889823742553584,0.3561643835616438,0.6017130620985011,0.023030154148498433,0.04513910213105693,-0.0027636184978198112,F,,,,
Timo Meier,LW,2022,2023,8800000.0,83500000.0,0.10538922155688622,26.0,0.9512195121951219,19.388247863247862,0.02645006998247683,0.011241279742552653,0.04364261547108677,0.02569624298797624,0.21689057385631,0.007273769245181128,0.01821393089745005,0.020407881664642896,0.56825,0.5479966611018364,0.06054020490530891,0.04126047811238746,0.14199279235592976,0.3684210526315789,0.4426229508196721,0.10183276943253579,0.0383526014745914,0.004628762246933444,F,,,,
Travis Konecny,C,2024,2025,8750000.0,88000000.0,0.09943181818181818,27.0,1.0,20.602845528455287,0.014205946767160586,0.020717005702109187,0.04498549809600852,0.014643963459148037,0.11127991634275793,0.00532723003768522,0.006276396825189273,0.008716346090981602,0.5115172992632658,0.48104838709677417,0.02763915547024952,0.02657965451055662,0.1284947615571296,0.39,0.4397163120567376,0.05563995817137896,0.015389775664423969,0.0005919144486316915,F,,,,
Dylan Larkin,C,2022,2023,8700000.0,83500000.0,0.10419161676646707,26.0,0.975609756097561,19.555625,0.02045447281792323,0.015340854613442423,0.050496979769247975,0.017507750327591165,0.15596535523666463,0.008948831857841413,0.008424205550615436,0.009041980624327234,0.4934109378431803,0.49298597194388777,0.05682176905107646,0.04076014899930551,0.16873874737660732,0.5439114391143911,0.3738738738738739,0.030042506951324745,0.03579532743136565,0.0038352136533606057,F,,,,
Sam Reinhart,C,2023,2024,8625000.0,88000000.0,0.09801136363636363,28.0,1.0,20.299796747967477,0.03424280350438048,0.013216520650813518,0.05647058823529412,0.02658322903629537,0.13997496871088863,0.016220275344180225,0.01836631617613297,0.012773772900500482,0.5891564835686321,0.5761433286185761,0.08172067419556212,0.06953067362805744,0.1764305381727159,0.44150943396226416,0.3841121495327103,0.046858573216520656,0.02403003754693367,-0.001201501877346683,F,,,,
Pierre-Luc Dubois,C,2022,2023,8500000.0,83500000.0,0.10179640718562874,25.0,0.8902439024390244,18.451826484018266,0.020044791447555648,0.013363194298370433,0.04677118004429651,0.022205174525792203,0.15219193506477438,0.005939197465942414,0.012674065287685032,0.015793835204653654,0.5253638698630138,0.519979242345615,0.036857552385502694,0.038618524332810045,0.18128162931983816,0.4888663967611336,0.4980744544287548,0.05271037751023893,0.029695987329712074,0.0007423996832428038,F,,,,
Bo Horvat,C,2022,2023,8500000.0,83500000.0,0.10179640718562874,27.0,0.9634146341463414,20.654008438818565,0.023289070480081716,0.012257405515832482,0.04290091930541369,0.017810010214504596,0.14034729315628192,0.006128702757916241,0.01619663280528522,0.013792711515237623,0.4938213376096595,0.5078440161362617,0.038085565570648724,0.0253269011044814,0.16091930541368743,0.568545994065282,0.3560924369747899,0.03493360572012257,0.023289070480081716,0.006741573033707865,F,,,,
Filip Forsberg,C,2021,2022,8500000.0,82500000.0,0.10303030303030303,27.0,0.8414634146341463,18.097826086956523,0.033633633633633635,0.021621621621621623,0.06726726726726727,0.021573573573573576,0.18098098098098098,0.00880880880880881,0.02709697590800924,0.017998645151204598,0.5437174990929979,0.5268210050818747,0.04851228978007762,0.02629366106080207,0.16507173840507175,1.0,0.4850455136540962,0.08968968968968968,0.04244244244244244,0.009609609609609607,F,,,,
Mika Zibanejad,C,2021,2022,8500000.0,82500000.0,0.10303030303030303,28.0,0.9878048780487805,19.632716049382715,0.01823612639522088,0.020751454173872034,0.0509353875176859,0.01799088193680239,0.13771419588115077,0.009432479169941834,0.01066887947129775,0.009619772989953472,0.5048342541436465,0.48302469135802467,0.05548442168160478,0.04583866837387964,0.14733532463449142,0.523168908819133,0.3249138920780712,0.042131740292406857,0.03898758056909291,0.004401823612639523,F,,,,
Leon Draisaitl,C,2019,2017,8500000.0,,,21.0,0.8658536585365854,22.579107981220655,0.026822751515277535,0.024327611839437765,0.06799255616663376,0.019006726480709453,0.1359851123332675,0.009980558703359083,0.019045253177659087,0.011890862418747152,0.49380007630675316,0.4838709677419355,0.051130776794493606,0.038348082595870206,0.1585973156455654,0.5221169036334913,0.41903584672435107,0.01684219281191845,0.03742709513759656,0.006861634108559369,F,,,,
Roope Hintz,LW,2022,2023,8450000.0,83500000.0,0.10119760479041916,26.0,0.8902439024390244,17.557762557077627,0.028867534426485313,0.01872488719555804,0.05851527248611888,0.02238404223502334,0.1435574684992783,0.008582239964630768,0.022016809659438395,0.016963427632843486,0.5780260278705517,0.5473627556512379,0.03822873526600828,0.02561325262822555,0.16327061363015746,0.5198329853862212,0.4418300653594771,0.036669570757967826,0.020285294461854543,0.000780203633148251,F,,,,
Tim Stützle,C,2022,2023,8350000.0,83500000.0,0.1,20.0,0.9512195121951219,21.264957264957268,0.023512861736334403,0.018086816720257234,0.0542604501607717,0.019642282958199354,0.13745980707395497,0.009043408360128617,0.01771080780962287,0.014632500737950326,0.5447574461215595,0.551980198019802,0.034638032559750606,0.02975406996882577,0.17405546623794213,0.4156378600823045,0.43768693918245266,0.06872990353697749,0.03677652733118971,0.004823151125401926,F,,,,
Tomas Hertl,C,2021,2022,8137500.0,82500000.0,0.09863636363636363,28.0,1.0,19.940243902439022,0.01834750168185432,0.012843251177298025,0.039141336921289224,0.01774814996024708,0.12537459482600452,0.006727417283346584,0.01465440039078401,0.013026133680696899,0.48562511821448834,0.4899184899184899,0.025755494505494508,0.025343406593406594,0.11872872199457729,0.524556616643929,0.371523915461624,0.06421625588649013,0.039752920310684364,0.0006115833893951435,F,,,,
Jordan Kyrou,C,2022,2023,8125000.0,83500000.0,0.09730538922155689,24.0,0.9634146341463414,18.003586497890296,0.026014507189144217,0.01687427493349895,0.05132591958939264,0.018210155032400952,0.1912417825796548,0.006327853100062107,0.019325651874734638,0.013141443274819553,0.4311670160726765,0.47117675083373034,0.04966513657912559,0.03810670479343818,0.15572377749393582,0.35714285714285715,0.44923504867872044,0.009843327044541056,0.03796711860037264,-0.0007030947888957886,F,,,,
Robert Thomas,C,2022,2023,8125000.0,83500000.0,0.09730538922155689,23.0,0.8902439024390244,19.34337899543379,0.012747273499834759,0.02124545583305793,0.04603182097162552,0.009461309664321798,0.07506727727680469,0.003540909305509655,0.008606263447286636,0.007229261295720774,0.4406306982730881,0.4724867724867725,0.02365557483046838,0.013436366503706039,0.14968603937491148,0.5290745290745291,0.40581542351453853,0.010622727916528966,0.04744818469382938,0.002124545583305793,F,,,,
Lucas Raymond,RW,2023,2024,8075000.0,88000000.0,0.09176136363636364,22.0,1.0,17.753252032520326,0.02129462139079065,0.016486158496095988,0.049458475488287953,0.014452865614910814,0.11196849311931857,0.006869232706706661,0.014715641861672967,0.009920073866751306,0.47470398277717973,0.4924712134632418,0.023969319271332695,0.022099712368168746,0.14329219426190096,0.4,0.33951332560834296,0.04739770567627596,0.032972316992191976,0.01579923522542532,F,,,,
Nick Schmaltz,C,2024,2026,8000000.0,,,30.0,1.0,18.588211382113823,0.0131213506243576,0.013777418155575481,0.04133225446672644,0.017188969317908455,0.12202856080652569,0.00524854024974304,0.009459110843580703,0.011067159686989422,0.5403668870472111,0.5387700534759359,0.02734553030796276,0.03035353864183866,0.16794235353292367,0.4920212765957447,0.4731182795698925,0.00918494543705032,0.02033809346775428,0.00459247271852516,F,,,,
Sam Bennett,C,2024,2025,8000000.0,88000000.0,0.09090909090909091,29.0,0.926829268292683,17.453508771929826,0.01884706237121174,0.012816002412423984,0.03844800723727195,0.02477257878072071,0.18168568125848117,0.010554354927878574,0.01306599884894772,0.01676180995193579,0.5328459942704732,0.5428702430077946,0.04198320671731308,0.053618552578968415,0.12569734130773483,0.4624871531346352,0.42677824267782427,0.1093129617530281,0.02035482736090868,-0.010554354927878576,F,,,,
Jack Hughes,C,2021,2022,8000000.0,82500000.0,0.09696969696969697,20.0,0.5975609756097561,19.56530612244898,0.027120058412433503,0.021904662563888597,0.058412433503702926,0.018984040888703452,0.17210806300198184,0.008344633357671848,0.02095063506612544,0.01685216708131465,0.5424753867791843,0.5268817204301075,0.051622418879056046,0.022787610619469028,0.14144153541253782,0.34560906515580736,0.4439359267734554,0.006258475018253885,0.051110879315740064,0.016689266715343695,F,,,,
Logan Couture,C,2019,2019,8000000.0,81500000.0,0.09815950920245399,29.0,0.6341463414634146,18.451602564102565,0.01667564140422797,0.015633413816463722,0.04064687592280568,0.014090916986572635,0.13132067605829525,0.004168910351056992,0.016168940934368797,0.00821676180210196,0.4719726913402803,0.4967637540453074,0.0,0.021811367895065586,0.13905053066754677,0.4401805869074492,0.3709981167608286,0.05732251732703365,0.029182372457398947,0.009380048289878233,F,,,,
Josh Norris,C,2021,2022,7950000.0,82500000.0,0.09636363636363636,22.0,0.8048780487804879,18.579040404040406,0.028543079662376142,0.005708615932475228,0.04485341089801965,0.021342068421839534,0.1402688486265342,0.013863781550296984,0.017458672049757214,0.013279502427846581,0.475820170109356,0.49743297204791787,0.06920415224913494,0.04775086505190311,0.1649790004485341,0.5106177606177607,0.43975155279503103,0.06442580838079187,0.019572397482772213,0.008155165617821755,F,,,,
Seth Jarvis,RW,2023,2024,7900000.0,88000000.0,0.08977272727272727,22.0,0.9878048780487805,18.75,0.021728395061728394,0.01316872427983539,0.044115226337448556,0.022011522633744857,0.11720164609053497,0.010534979423868314,0.013091453151299793,0.0126332522910043,0.5768726926283196,0.585727969348659,0.0488057383716631,0.05892183687051689,0.148400548696845,0.4460227272727273,0.38090452261306534,0.0757201646090535,0.02831275720164609,0.0059259259259259265,F,,,,
Jake Guentzel,C,2023,2024,9000000.0,88000000.0,0.10227272727272728,29.0,0.8170731707317073,20.020646766169154,0.022364971484661354,0.02460146863312749,0.05740342681063081,0.028806083272243824,0.17742877377831343,0.007454990494887118,0.01813813622694945,0.020009228174571608,0.583941605839416,0.5691163604549432,0.018364067640982477,0.03457035733414952,0.1623821179627996,0.2608695652173913,0.45310435931307796,0.03578395437545817,0.02460146863312749,0.009691487643353255,F,,,,
Jesper Bratt,LW,2022,2023,7875000.0,83500000.0,0.09431137724550898,24.0,1.0,17.367479674796748,0.022469806197921542,0.01544799176107106,0.051259245389008515,0.01866398277314858,0.14886246606123021,0.006319632993165433,0.017590407364517217,0.015242087981354166,0.5772386728505172,0.5839191564147628,0.031907619843500726,0.027349388437286334,0.15404690572043817,0.5,0.4430992736077482,0.016852354648441155,0.028789439191086976,0.004213088662110289,F,,,,
Nick Suzuki,C,2021,2022,7875000.0,82500000.0,0.09545454545454546,22.0,1.0,20.510162601626014,0.012486373996630662,0.011297195520761074,0.0362699435140224,0.011184223565553464,0.11059359825587158,0.005351303141413141,0.008052610387867401,0.00824587303717622,0.42720268668510464,0.4689593568557392,0.02957538201535103,0.018167734666572774,0.14072936279853335,0.4957446808510638,0.36825053995680346,0.052918442176196616,0.02972946189673967,0.0065404816172827274,F,,,,
Cole Caufield,RW,2022,2023,7850000.0,83500000.0,0.09401197604790419,22.0,0.5609756097560976,18.04963768115942,0.03131461147800951,0.0024088162675391937,0.04335869281570548,0.018632193829415663,0.1902964851355963,0.007226448802617581,0.026435143190358945,0.014896980691978748,0.43356524690310533,0.4852817493692178,0.034678071899202405,0.029198936539128424,0.1736555794206797,0.5,0.46296296296296297,0.021679346407852743,0.02288375454162234,0.010839673203926372,F,,,,
Andrei Svechnikov,RW,2020,2021,7750000.0,81500000.0,0.0950920245398773,20.0,0.6707317073170732,17.53909090909091,0.015549681231534754,0.013476390400663453,0.04353910744829731,0.019437101539418442,0.15238687606904058,0.007256517908049552,0.009151722484910554,0.016146253241235045,0.5553374603653933,0.5469845722300141,0.02585649644473174,0.017776341305753073,0.1603690457678951,0.3333333333333333,0.4454225352112676,0.11817757735966412,0.023842844555019956,-0.0041465816617426016,F,,,,
Juraj Slafkovsky,LW,2024,2025,7600000.0,88000000.0,0.08636363636363636,20.0,0.9634146341463414,17.348945147679323,0.013133253885254275,0.011674003453559356,0.037210886008220444,0.014950020672714448,0.09704015370771214,0.0014592504316949194,0.011892781996157717,0.012953984081968715,0.46305464736104623,0.49552772808586765,0.02158273381294964,0.02594244604316547,0.16902984167132817,0.2631578947368421,0.47796143250688705,0.14154729187440718,0.011674003453559356,-0.002188875647542379,F,,,,
Mark Scheifele,C,2023,2024,8500000.0,88000000.0,0.09659090909090909,30.0,0.9024390243902439,20.185585585585585,0.016736588413817727,0.02142283316968669,0.04820137463179505,0.015103097384629116,0.1030973846291172,0.006694635365527091,0.010790321911270353,0.010599416215917108,0.4595718329794763,0.48501026694045174,0.02655063057747622,0.01805442879268383,0.15128760153530305,0.48124501197126895,0.509090909090909,0.042176202802820674,0.030125859144871907,0.00669463536552709,F,,,,
Brady Tkachuk,LW,2020,2021,8214286.0,81500000.0,0.10078878527607361,21.0,0.6829268292682927,18.211904761904762,0.016668845600732122,0.010785723624003138,0.035298731860373904,0.023130474571839456,0.21571447248006276,0.004902601647274153,0.012487512487512488,0.01735764235764236,0.5004294302891498,0.4869960988296489,0.028481913984619765,0.03691256052406722,0.17213034383579554,0.4738955823293173,0.3924050632911392,0.243169041704798,0.032357170872009414,0.006863642306183814,F,,,,
Clayton Keller,C,2019,2020,7150000.0,81500000.0,0.08773006134969324,21.0,0.8536585365853658,16.302142857142858,0.014897252771327169,0.01664987074442448,0.0385575954081409,0.015326644174736009,0.15948823555185557,0.004381544932743285,0.015440608801147017,0.014073012021616852,0.49646765479983385,0.5187611673615247,0.011220196353436185,0.01884992987377279,0.15620207685229812,0.4090909090909091,0.5287162162162162,0.01752617973097314,0.029794505542654337,0.0035052359461946285,F,,,,
Dylan Guenther,RW,2024,2025,7142857.0,88000000.0,0.08116882954545454,21.0,0.8536585365853658,16.997142857142858,0.0226928895612708,0.015128593040847202,0.05042864346949067,0.020011766683476213,0.1714573877962683,0.009245251302739956,0.012241491236205137,0.012196976722618937,0.4934079105073911,0.5291153415453528,0.048737261852015955,0.035002215330084185,0.18969574718440074,0.3448275862068966,0.5151515151515151,0.04454530173138343,0.015128593040847202,0.0,F,,,,
Carter Verhaeghe,C,2024,2025,7000000.0,88000000.0,0.07954545454545454,29.0,0.9878048780487805,17.86913580246914,0.01381788033715628,0.012436092303440652,0.03661738289346414,0.0197526599419649,0.167196352079591,0.0027635760674312557,0.01194981079466242,0.01521040202577745,0.5531153731491603,0.567485985338508,0.02589331952356292,0.02900051786639047,0.1334116346552439,0.36363636363636365,0.42025316455696204,0.06563493160149232,0.01589056238772972,-0.0048362581180046976,F,,,,
J.T. Miller,C,2022,2023,8000000.0,83500000.0,0.09580838323353294,29.0,0.9878048780487805,20.67962962962963,0.019103907346049373,0.022088892868869586,0.04895376257425152,0.014710008656458017,0.13313035431778156,0.009551953673024687,0.010522008534518033,0.009522417723738819,0.45516375431620804,0.5091083413231065,0.03270467676877794,0.02864929684944947,0.18254181467219885,0.5496613995485328,0.3702127659574468,0.11939942091280857,0.034625832064714486,0.0,F,,,,
Gabriel Landeskog,LW,2020,2021,7000000.0,81500000.0,0.08588957055214724,28.0,0.6585365853658537,19.95586419753086,0.018559475385495773,0.011135685231297463,0.048254636002289006,0.018939944630898434,0.14383593423759222,0.00649581638492352,0.010999755560987532,0.01341970178440479,0.5996361832313544,0.621326042378674,0.037429819089207735,0.03321896444167186,0.19833892695299812,0.5649606299212598,0.4946564885496183,0.07516587531125787,0.014847580308396618,-0.002783921307824365,F,,,,
Mikko Rantanen,RW,2019,2019,9250000.0,81500000.0,0.11349693251533742,22.0,0.5121951219512195,18.88531746031746,0.02395410897018344,0.02017188123804921,0.05295118824987918,0.015343237166691183,0.1348994557794541,0.008825198041646531,0.014902307097913679,0.009852080803620709,0.5200955033824114,0.5338912133891214,0.05154639175257732,0.0321060382916053,0.17120884200794267,0.5866666666666667,0.4456066945606695,0.035300792166586124,0.04286524763085458,0.006303712886890378,F,,,,
Kevin Fiala,LW,2021,2022,7875000.0,82500000.0,0.09545454545454546,25.0,1.0,17.647154471544713,0.02280475444577536,0.02142264811572837,0.058739519026997145,0.019577536165115636,0.1810559292361559,0.006219478485211463,0.021544994691812903,0.01620558296384188,0.5548807917228971,0.523331660812845,0.00980392156862745,0.022254901960784314,0.14097484566479315,0.26666666666666666,0.4427710843373494,0.03593476458122179,0.02626002027089284,0.00829263798028195,F,,,,
Elias Lindholm,C,2023,2024,7750000.0,88000000.0,0.08806818181818182,29.0,0.9146341463414634,19.693555555555555,0.010155606458965709,0.009478566028367994,0.02978977894629941,0.013879328827253134,0.1171279944934045,0.006093363875379424,0.005880047040376323,0.010005880047040377,0.45327700972862256,0.4799797263051191,0.024218939210462583,0.02838459675466215,0.139774996896898,0.563622754491018,0.3356926188068756,0.060256598323196534,0.027081617223908554,0.000677040430597714,F,,,,
Auston Matthews,C,2023,2024,13250000.0,88000000.0,0.15056818181818182,25.0,0.9878048780487805,20.966460905349795,0.040629262883107455,0.014131917524559114,0.06300479896365939,0.029894893863411095,0.21727823194009638,0.011187768040275966,0.029678998203639586,0.021298586342453987,0.5615899581589958,0.5445660672400313,0.06070570380675351,0.0376754774250664,0.15519593314817903,0.5344958301743745,0.37630662020905925,0.05240586082024005,0.05005054123281353,0.0076547886591361875,F,,,,
Alexis Lafrenière,LW,2024,2025,7450000.0,88000000.0,0.0846590909090909,23.0,1.0,17.00548780487805,0.012191186489296854,0.015059700957366704,0.03227078776578579,0.012191186489296854,0.1097206784036717,0.002868514468069848,0.012271946330688047,0.01171561809703019,0.488256549232159,0.5248256052523594,0.01670843776106934,0.007184628237259816,0.0858402954569902,0.3333333333333333,0.45925925925925926,0.08533830542507799,0.01792821542543655,0.0,F,,,,
Brandon Hagel,LW,2023,2024,6500000.0,88000000.0,0.07386363636363637,24.0,1.0,19.25589430894309,0.016466291601135753,0.02406611849396764,0.047498918080199286,0.019506222358268505,0.11653067902342225,0.005699870169623914,0.013705808844277826,0.014923207159269564,0.5467931345980126,0.5334719334719334,0.022127973446431862,0.015489581412502304,0.057241473944204604,0.4098360655737705,0.28044280442804426,0.034832539925479473,0.03419922101774348,0.0018999567232079705,F,,,,
Brayden Schenn,C,2019,2020,6500000.0,81500000.0,0.07975460122699386,28.0,0.8658536585365854,18.323708920187794,0.019216233874377073,0.016141636454476742,0.0453503119435299,0.011998616431161045,0.10453631227661128,0.004611896129850497,0.013567206124624477,0.007859288690764608,0.48664980326025864,0.49820574162679426,0.05331437711036076,0.029856051181802026,0.14417299734815972,0.4900568181818182,0.46474820143884893,0.09223792259700996,0.019984883229352157,-0.006917844194775747,F,,,,
Nikolaj Ehlers,LW,2024,2025,8500000.0,88000000.0,0.09659090909090909,29.0,0.8414634146341463,15.794927536231883,0.022021379088865443,0.02477405147497362,0.05780612010827178,0.01818598889755471,0.15965499839427447,0.005505344772216361,0.016143290925164314,0.012695545220432794,0.5432974226101186,0.5277777777777778,0.030484706838735897,0.035789045828675946,0.1504947163982811,0.2631578947368421,0.5283630470016207,0.034867183557370285,0.014680919392576961,0.0137633619305409,F,,,,
Brock Boeser,RW,2024,2025,7250000.0,88000000.0,0.08238636363636363,28.0,0.9146341463414634,18.16133333333333,0.018354012187064093,0.008809925849790765,0.036708024374128186,0.01398575728654284,0.10645327068497175,0.00587328389986051,0.014093991261725418,0.009612102040496735,0.4733996805504362,0.4819888381532217,0.03910209992758871,0.026372194062273716,0.16897927220223674,0.2727272727272727,0.44369063772048845,0.05579619704867484,0.013214888774686148,-0.0007341604874825632,F,,,,
Nico Hischier,C,2019,2020,7224286.0,81500000.0,0.08864154601226994,20.0,0.7073170731707317,18.042528735632185,0.01337835255144295,0.012422755940625597,0.03440147798942473,0.015213098044212269,0.1175383831305345,0.0028667898324520606,0.013970915094938719,0.01286594271924811,0.4953846153846154,0.4769442532690984,0.013842427038874151,0.033913946245241675,0.13806778365292732,0.516359918200409,0.38704581358609796,0.04586863731923297,0.04013505765432885,0.014333949162260304,F,,,,
Matthew Beniers,C,2023,2024,7142857.0,88000000.0,0.08116882954545454,21.0,0.9390243902439024,17.963203463203463,0.010844680081937582,0.010844680081937582,0.02675021086877937,0.011907458729967464,0.0961561633931799,0.003614893360645861,0.007118071002758252,0.008781920099652993,0.503003887383673,0.5098415746519444,0.03291880029261156,0.02595098756400878,0.13177491264007712,0.47434743474347435,0.4216710182767624,0.03759489095071695,0.032534040245812745,0.004337872032775033,F,,,,
Anthony Cirelli,C,2022,2023,6250000.0,83500000.0,0.0748502994011976,25.0,0.7073170731707317,16.560919540229886,0.011451971127151583,0.012493059411438091,0.03019156024430872,0.01879164353137146,0.11556079955580234,0.005205441421432538,0.009323181424670913,0.017381073941707917,0.5334074176969023,0.5088090204369274,0.03968253968253968,0.0634920634920635,0.02623542476401999,0.5126353790613718,0.270042194092827,0.03539700166574126,0.041643531371460304,0.009369794558578566,F,,,,
Kyle Connor,LW,2019,2019,7142857.0,81500000.0,0.08764241717791411,22.0,0.8658536585365854,21.077464788732396,0.02539258269295022,0.015369194787838289,0.04878048780487805,0.021329769462078183,0.15970598062145006,0.010023387905111928,0.01873912461517869,0.01326908490608129,0.4223879151738162,0.48390107326178255,0.04023845007451565,0.04005961251862892,0.1494598507628912,0.15384615384615385,0.45178335535006603,0.012028065486134313,0.028733711994654194,0.0,F,,,,
Kevin Hayes,C,2019,2019,7142857.0,81500000.0,0.08764241717791411,26.0,0.8414634146341463,17.6512077294686,0.018884449066725054,0.007389567026109803,0.03366358311894466,0.01738190377141606,0.1436860255076906,0.004926378017406536,0.012840862477929768,0.013429402008168216,0.4991574854180168,0.49193548387096775,0.03766478342749529,0.0288135593220339,0.08719689090809568,0.5018270401948843,0.32297297297297295,0.07225354425529586,0.035305709124746835,-0.005747441020307624,F,,,,
Tage Thompson,C,2022,2023,7142857.0,83500000.0,0.08554319760479041,25.0,0.9512195121951219,18.59017094017094,0.0324130479759086,0.018620261603181535,0.0648260959518172,0.02357187191099055,0.20344359899772418,0.011723868416818004,0.022906009009696877,0.01993739024204016,0.49015579524054104,0.5351201478743068,0.06927465362673187,0.03382233088834556,0.16923748879336106,0.43050430504305043,0.461283185840708,0.03793016252499943,0.02965449070136319,0.004827475230454473,F,,,,
Dylan Cozens,C,2022,2023,7100000.0,83500000.0,0.08502994011976048,21.0,0.9878048780487805,16.496913580246915,0.023199251637043967,0.0157156220767072,0.050888681010289996,0.019300280636108513,0.1579045837231057,0.006735266604303087,0.02164539348233152,0.017728607995052482,0.49487746082764167,0.48954423592493296,0.01850709438618137,0.021653300431832202,0.16174618023074525,0.4829642248722317,0.37988165680473374,0.0411599625818522,0.026941066417212348,0.0029934518241347043,F,,,,
Owen Tippett,RW,2023,2024,6200000.0,88000000.0,0.07045454545454545,24.0,0.9512195121951219,16.586111111111112,0.021643069708720354,0.0131404351802945,0.04096723909150638,0.018736714633549333,0.2233873980650065,0.0054107674271800885,0.017521942988789202,0.015487450719535344,0.5156179266636487,0.5178654292343388,0.025280188758742734,0.02239824724024606,0.15287994537701455,0.4222222222222222,0.4544198895027624,0.1143990827460933,0.025507903585277557,0.008502634528425854,F,,,,
Troy Terry,RW,2022,2023,7000000.0,83500000.0,0.08383233532934131,25.0,0.8536585365853658,19.367857142857144,0.01696477964226443,0.016227180527383367,0.044993546007744786,0.018690761571086116,0.13866863359763967,0.0029503964595242486,0.01182839725217233,0.01293844684045312,0.45840707964601773,0.48729227761485827,0.02699784017278618,0.037203023758099356,0.1366033560759727,1.0,0.41763005780346824,0.008851189378572745,0.03171676193988567,0.014751982297621244,F,,,,
Matthew Boldy,LW,2022,2023,7000000.0,83500000.0,0.08383233532934131,21.0,0.9878048780487805,18.499794238683126,0.02068758411282519,0.011344804190904136,0.04204250964864474,0.020093650246360208,0.17017206286356204,0.008008097075932332,0.017990465053521632,0.015570747503822972,0.5218728639781272,0.5141158989598811,0.02816075095335876,0.026999119976532707,0.18958057591564803,0.5460992907801419,0.4602272727272727,0.04337719249463346,0.03403441257271241,-0.0013346828459887203,F,,,,
Nazem Kadri,C,2021,2022,7000000.0,82500000.0,0.08484848484848485,31.0,0.8658536585365854,19.238967136150237,0.020498304009370652,0.025622880011713315,0.06369115888625881,0.021530540032699674,0.18082432465409112,0.009517069718636374,0.016266223863905926,0.012372496526483446,0.5421202082347373,0.5698267074413863,0.023370553103090105,0.042884964944170344,0.18794992557163426,0.4970263381478335,0.4497878359264498,0.038068278874545496,0.02635496229776227,0.006588740574440567,F,,,,
Valeri Nichushkin,RW,2021,2022,6125000.0,82500000.0,0.07424242424242425,26.0,0.7560975609756098,19.026075268817202,0.021193325515351035,0.01186826228859658,0.04408211707193015,0.020871186967517698,0.15259194371052745,0.006781864164912331,0.0170813642316233,0.01802653305243979,0.5748041288396966,0.5853658536585366,0.03585943103036098,0.02653597896246713,0.11820224084095116,0.0,0.3157099697885196,0.07544823883464968,0.03221385478333357,0.005086398123684248,F,,,,
Anders Lee,C,2019,2019,7000000.0,81500000.0,0.08588957055214724,28.0,0.8292682926829268,18.276960784313726,0.016092262303875553,0.008850744267131555,0.03379375083813866,0.018610701354432078,0.1552903312323991,0.004023065575968888,0.014545454545454545,0.015437575757575758,0.5131240924829665,0.5045519885002395,0.013812154696132596,0.024447513812154695,0.116507979080059,0.4494949494949495,0.4351687388987567,0.08207053774976533,0.019310714764650665,-0.0016092262303875546,F,,,,
Josh Doan,RW,2024,2026,6950000.0,,,23.0,0.6219512195121951,13.518627450980393,0.010153020523605772,0.011603452026978026,0.027558198564072812,0.020712161868155773,0.12763797229675827,0.008702589020233518,0.006605201596257052,0.01431677445988716,0.6060191518467852,0.5795454545454546,0.029027576197387515,0.04063860667634252,0.09993473058234825,0.4117647058823529,0.35858585858585856,0.06526941765175139,0.014504315033722532,0.001450431503372253,F,,,,
Pavel Buchnevich,LW,2024,2025,8000000.0,88000000.0,0.09090909090909091,29.0,0.926829268292683,19.0265350877193,0.013831099226611035,0.014522654187941587,0.03941863279584145,0.014737036225954058,0.10027546939293,0.004149329767983311,0.014364161417263925,0.012029985186958537,0.49954887218045113,0.48826291079812206,0.012354576340986308,0.011983939050756717,0.11195122232339415,0.37280701754385964,0.41735052754982416,0.03042841829854428,0.010373324419958276,-0.0013831099226611033,F,,,,
Logan Stankoven,C,2024,2026,6000000.0,,,22.0,0.9512195121951219,15.091239316239315,0.011893468503546804,0.00934486810992963,0.03228227165248418,0.01908901694819262,0.16480949212057713,0.004247667322695287,0.009986850646648579,0.0168378301902495,0.5315863868652821,0.541645885286783,0.01469327782539488,0.023215378964123914,0.11563566341484136,0.45077720207253885,0.36984126984126986,0.040777606297874754,0.01699066929078115,0.01614113582624209,F,,,,
Alex Ovechkin,LW,2020,2021,9500000.0,81500000.0,0.1165644171779141,35.0,0.5487804878048781,19.501851851851853,0.027347830215554078,0.012534422182128952,0.04785870287721964,0.020282974076535943,0.20738771246795176,0.005697464628240433,0.021361000915471468,0.016173329264571254,0.4725108634044965,0.4810855263157895,0.04400843495003209,0.025854955533143854,0.20714082233406134,0.0,0.525,0.11167030671351248,0.012534422182128952,0.007976450479536606,F,,,,
William Karlsson,C,2019,2019,5900000.0,81500000.0,0.07239263803680981,25.0,0.7682926829268293,18.86216931216931,0.01262289793685746,0.01598900405335278,0.03871022033969621,0.015155892789520191,0.11613066101908863,0.002524579587371492,0.012350530511424242,0.014596081513501375,0.5763231909997443,0.5518044237485448,0.01686814731515322,0.011807703120607253,0.09977699546978218,0.5206349206349207,0.34182908545727136,0.033661061164953224,0.045442432572686854,0.002524579587371492,F,,,,
Matthew Knies,LW,2024,2025,7750000.0,88000000.0,0.08806818181818182,22.0,0.9512195121951219,18.514957264957268,0.02008078476630121,0.011771494518176571,0.04016156953260243,0.018834391229082516,0.10525100980957876,0.004847085978072706,0.020044340510826982,0.01649102560208947,0.5505418924551896,0.49882242110221386,0.02780609880433775,0.033256094169987954,0.12451240623196769,0.0,0.39374185136897,0.12602423542989036,0.009694171956145413,0.0020773225620311607,F,,,,
Frank Nazar,C,2024,2026,6599991.0,,,21.0,0.6463414634146342,15.87138364779874,0.01426561787957441,0.009510411919716273,0.030908838739077887,0.015763507756929723,0.10818093558677261,0.0035664044698936023,0.010062531445410767,0.013986918709120968,0.43196874469169355,0.43325339728217427,0.014548981571290009,0.026915615906886518,0.08171028907689565,0.4461942257217848,0.34324324324324323,0.035664044698936026,0.009510411919716273,0.013076816389609875,F,,,,
Nicklas Backstrom,C,2019,2020,9200000.0,81500000.0,0.11288343558282209,32.0,0.7439024390243902,18.97103825136612,0.010369559581761096,0.014690209407494888,0.047527148083071694,0.01200276521588847,0.11406515539937206,0.005184779790880548,0.0058740601503759395,0.007929981203007518,0.5206094408923956,0.5235507246376812,0.009528346831824679,0.01743687470223916,0.18138087968430452,0.491412213740458,0.40809968847352024,0.025059768989255982,0.029380418814989775,0.0025923898954402745,F,,,,
Matthew Coronato,RW,2024,2025,6500000.0,88000000.0,0.07386363636363637,22.0,0.9390243902439024,17.57965367965368,0.017730059838951956,0.010342534906055308,0.034721367184614244,0.014516486493141911,0.13297544879213966,0.005171267453027654,0.013480722566729577,0.01013750337018064,0.5138448068293751,0.5317247542448614,0.02237970906378217,0.01980604252144722,0.13203969563397278,0.4276729559748428,0.3665389527458493,0.026595089758427934,0.01699130734566229,0.0029550099731586593,F,,,,
Thomas Wilson,RW,2023,2024,6500000.0,88000000.0,0.07386363636363637,29.0,0.9024390243902439,18.102027027027027,0.013437348363256317,0.0037325967675711992,0.0261281773729984,0.017886603710201187,0.12616177074390655,0.005972154828113919,0.006016444949528712,0.011611738752590414,0.4956886506641809,0.5031347962382445,0.03214400514304082,0.043072966891674704,0.11612108543914001,0.36666666666666664,0.3656998738965952,0.1702064126012467,0.034339890261655036,-0.005225635474599682,F,,,,
Chris Kreider,LW,2019,2020,6500000.0,81500000.0,0.07975460122699386,28.0,0.7682926829268293,17.186243386243387,0.02216612277569115,0.011083061387845575,0.04063789175543378,0.017695954682593436,0.14407979804199247,0.008312296040884182,0.014433196351608701,0.01134208679963917,0.4399051868377022,0.4892041949413942,0.040499493756328046,0.03953763077961525,0.18243950495659134,0.4322033898305085,0.3825701624815362,0.10713626008250723,0.02031894587771689,0.0018471768979742616,F,,,,
Gabe Vilardi,C,2024,2025,7500000.0,88000000.0,0.08522727272727272,25.0,0.8658536585365854,18.136150234741784,0.02096815946155837,0.013978772974372248,0.047372508413150397,0.016828889464147036,0.10095780481491068,0.007765984985762361,0.012325585070240033,0.012287660193100833,0.5200089176234532,0.48066037735849054,0.05873453768799502,0.041594731689952834,0.14544395547501943,0.4934210526315789,0.5222052067381318,0.016308568470100957,0.017085166968677193,0.008542583484338596,F,,,,
Kirill Kaprizov,LW,2020,2021,9000000.0,81500000.0,0.11042944785276074,23.0,0.6707317073170732,18.3,0.026825633383010434,0.01689021361152509,0.050670640834575266,0.020327868852459016,0.15598609041231992,0.00894187779433681,0.020317890325721177,0.01349869838515101,0.5155875299760192,0.4918879056047198,0.046916234972143485,0.03641872739712638,0.1694154661367776,0.125,0.5020161290322581,0.028812717337307503,0.026825633383010434,0.015896671634376552,F,,,,
Chandler Stephenson,C,2023,2024,6250000.0,88000000.0,0.07102272727272728,30.0,0.9146341463414634,18.483555555555554,0.011541790901221507,0.012984514763874194,0.03678945849764355,0.007862845051457151,0.06997210733865539,0.0036068096566317207,0.008020452152990125,0.006777282069276655,0.45145472376593654,0.462729912875121,0.014468290330359295,0.008873884735953703,0.14957439646051746,0.5257142857142857,0.43246753246753245,0.031018563047032797,0.02957583918438011,0.009377705107242474,F,,,,
Mason Mctavish,C,2024,2025,7000000.0,88000000.0,0.07954545454545454,22.0,0.926829268292683,16.875657894736843,0.017153327355658648,0.009356360375813808,0.04054422829519317,0.019819890062765588,0.14034540563720713,0.006237573583875873,0.013389441469013007,0.01476664116296863,0.4644406335115505,0.45245606128886884,0.022226338210779774,0.02750509353583997,0.1403194157472743,0.5067637877211238,0.4287812041116006,0.054578768858913884,0.014034540563720712,0.0031187867919379372,F,,,,
Wyatt Johnston,C,2024,2025,8400000.0,88000000.0,0.09545454545454546,21.0,1.0,18.92581300813008,0.021264028352037802,0.016109112387907427,0.04574987918165709,0.019253611126026953,0.130161628094292,0.0057992804596466736,0.016131200430165346,0.01439261549491419,0.5019904458598726,0.4742547425474255,0.044882692961577694,0.03990479428765725,0.1579229984427858,0.5115511551155115,0.41195652173913044,0.028996402298233366,0.018686570369972615,0.0032218224775814857,F,,,,
Joel Eriksson Ek,C,2020,2021,5250000.0,81500000.0,0.06441717791411043,23.0,0.6829268292682927,17.07470238095238,0.019870666364539578,0.009412420909518746,0.03137473636506249,0.01738160394624462,0.12549894546024995,0.009412420909518746,0.02218645321268543,0.017918823682951234,0.5769492679605039,0.4900611620795107,0.0,0.008524426719840479,0.06993080127590595,0.4701670644391408,0.21578947368421053,0.10981157727771872,0.02196231545554374,0.006274947273012499,F,,,,
Ryan Nugent-Hopkins,C,2020,2021,5125000.0,81500000.0,0.06288343558282208,27.0,0.6341463414634146,20.766666666666666,0.014816644030127177,0.009260402518829485,0.0324114088159032,0.0158908507223114,0.12501543400419807,0.005556241511297692,0.009418729817007535,0.013980086114101184,0.5544598174860171,0.5186567164179104,0.03896103896103896,0.026737012987012986,0.19014693171996544,0.45625,0.43832599118942733,0.024077046548956663,0.02037288554142487,0.0,F,,,,
Nick Schmaltz,C,2019,2019,5850000.0,81500000.0,0.07177914110429448,22.0,0.8536585365853658,15.502380952380953,0.010136691752418983,0.018430348640761787,0.04146828444171402,0.009685148210720319,0.08754415604361848,0.003686069728152357,0.010137418337463393,0.008594277990538409,0.5040764689344953,0.5048309178743962,0.0066770531938571106,0.01095036723792566,0.13801259407157118,0.42513368983957217,0.47719298245614034,0.011058209184457072,0.04791890646598065,0.001843034864076179,F,,,,
Jackson Blake,RW,2024,2026,5117002.0,,,21.0,0.975609756097561,13.845833333333335,0.01534757749021968,0.010833584110743304,0.030695154980439357,0.02108034908215468,0.12910021065302438,0.0009027986758952753,0.013044896184367867,0.01673007935645179,0.6025870901639344,0.6125356125356125,0.03165558721114277,0.03475783475783476,0.14259705085765875,0.5,0.4838160136286201,0.01715317484201023,0.018055973517905506,0.006319590731266927,F,,,,
Vincent Trocheck,C,2021,2022,5625000.0,82500000.0,0.06818181818181818,28.0,0.9878048780487805,17.8738683127572,0.014504932828346783,0.011051377393026121,0.03522626544027076,0.017329941174439086,0.11603946262677427,0.006216399783577193,0.010926428713330242,0.013399774849347726,0.5352514825389852,0.5515436944008373,0.0266390409945242,0.03360959005475803,0.1555711605097448,0.5461847389558233,0.39322033898305087,0.1277815511068645,0.03453555435320663,-0.0027628443482565317,F,,,,
Dylan Holloway,C,2024,2026,7750000.0,,,24.0,0.9390243902439024,16.824458874458873,0.020069729444608834,0.016210166089876365,0.0486304982696291,0.01570070372705168,0.13740045542847587,0.006947214038518442,0.014477017734346724,0.011319218241042345,0.5423990498812351,0.515732546705998,0.048589553246052096,0.036847077878256175,0.09531834965070951,0.42657342657342656,0.3862520458265139,0.12736559070617143,0.02624503081218078,0.00617530136757195,F,,,,
Jesperi Kotkaniemi,C,2021,2022,4820000.0,82500000.0,0.05842424242424243,21.0,0.8048780487804879,12.023232323232323,0.015122238091237503,0.008821305553221878,0.036545408720490634,0.011618919600100816,0.10207510711585314,0.003780559522809376,0.016909347111319868,0.011808360732738377,0.5533132051485778,0.5866767600302801,0.0,0.01029986962190352,0.0966563051331597,0.5116279069767442,0.39950372208436724,0.09325380156263127,0.03150466269007813,0.0025203730152062523,F,,,,
John-Jason Peterka,C,2024,2025,7700000.0,88000000.0,0.0875,23.0,0.9390243902439024,18.183982683982684,0.01928341864063802,0.012855612427092012,0.048565646946792045,0.015662421140340433,0.12355671943816211,0.0028568027615760026,0.01654133035180959,0.010292383330014856,0.45341240325660864,0.48924485125858125,0.02349808099005248,0.020114357327484924,0.15197000357100346,0.16666666666666666,0.46116504854368934,0.02142602071182002,0.015712415188668016,0.001428401380788001,F,,,,
Jake DeBrusk,LW,2023,2024,5500000.0,88000000.0,0.0625,27.0,0.975609756097561,16.832291666666666,0.014109784021288447,0.010396682963054646,0.029704808465870414,0.018669472120799557,0.13589949873135715,0.006683581904820843,0.012525291453897292,0.0158782156277098,0.5243968999017574,0.4899064500246184,0.015306122448979593,0.03206632653061225,0.09703570765517668,0.30434782608695654,0.32588699080157685,0.07946036264620336,0.026734327619283373,0.0014852404232935214,F,,,,
Zach Hyman,C,2020,2021,5500000.0,81500000.0,0.06748466257668712,28.0,0.524390243902439,19.358527131782946,0.018019821803984384,0.007207928721593753,0.038442286515166686,0.022320552607868655,0.13815196716388028,0.01081189308239063,0.01388960337465919,0.01748546735943207,0.6102808342913449,0.523037542662116,0.048154093097913325,0.06709470304975923,0.07484232655921513,0.32727272727272727,0.28820960698689957,0.08289118029832816,0.020422464711182302,-0.0024026429071979175,F,,,,
Conor Garland,RW,2024,2026,6000000.0,,,29.0,0.9878048780487805,18.654526748971193,0.012574315306471361,0.013236121375233011,0.03309030343808253,0.014897254607824754,0.11383064382700389,0.007279866756378156,0.007053533379377232,0.00951345314543504,0.5262890525781052,0.4997511199601792,0.03152443143436163,0.02963296554829993,0.14695403756852451,0.2777777777777778,0.3888888888888889,0.03242849736932088,0.013236121375233011,0.007941672825139806,F,,,,
Patrik Laine,RW,2021,2022,8700000.0,82500000.0,0.10545454545454545,23.0,0.6829268292682927,18.829464285714288,0.02465740433401299,0.014225425577315187,0.05310825548864337,0.016653231542510312,0.15837640476077575,0.006638531936080421,0.017013002794993317,0.009320695102685624,0.40316811446090955,0.4589955499046408,0.027995520716685332,0.02973124300111982,0.16937740054056616,0.3684210526315789,0.40353697749196143,0.032244297975247756,0.025605766039167338,-0.004741808525771728,F,,,,
Alex Tuch,RW,2019,2019,4750000.0,81500000.0,0.05828220858895705,22.0,0.5121951219512195,14.603968253968254,0.013042769414705722,0.009782077061029291,0.02771588500624966,0.014412260203249823,0.1614042715069833,0.0032606923536764305,0.009756732145180174,0.01291791336021855,0.49775666402744784,0.5258426966292135,0.04203643157403083,0.026062587575899115,0.1163523721536873,0.27586206896551724,0.4461538461538462,0.09456007825661648,0.04401934677463181,0.014673115591543936,F,,,,
Morgan Geekie,C,2024,2025,5500000.0,88000000.0,0.0625,26.0,0.9390243902439024,16.92034632034632,0.025328762216650466,0.010745535485851712,0.04374968019239626,0.015688481809343503,0.1151307373484112,0.007675382489894081,0.023106660939374638,0.0144238887325404,0.5265143575770279,0.5098850574712643,0.029865604778496764,0.025609756097560978,0.10279895614798137,0.46524064171123,0.52099533437014,0.08442920738883489,0.02379368571867165,0.0,F,,,,
Phillip Danault,C,2020,2021,5500000.0,81500000.0,0.06748466257668712,27.0,0.6463414634146342,16.881132075471697,0.005588465407399128,0.016765396222197384,0.026824633955515816,0.00890801385939421,0.08159159494802727,0.002235386162959651,0.005504965938023259,0.008560222033626167,0.5778858274806411,0.5861812778603269,0.0,0.025988700564971753,0.019783167542192913,0.5242825607064018,0.20970266040688576,0.08494467419246675,0.015647703140717558,-0.0044707723259193016,F,,,,
Travis Konecny,C,2019,2019,5500000.0,81500000.0,0.06748466257668712,21.0,0.8048780487804879,16.70151515151515,0.021772657171368958,0.017236686927333756,0.05443164292842239,0.014914270162387737,0.12609997278417853,0.006350358341649279,0.02050697806892623,0.013614354884648247,0.5397997496871089,0.5431873479318735,0.028037383177570093,0.02041121495327103,0.1617829387039221,0.4897959183673469,0.4316109422492401,0.05715322507484351,0.026308627415404157,0.009979134536877439,F,,,,
Steven Stamkos,C,2023,2024,8000000.0,88000000.0,0.09090909090909091,34.0,0.9634146341463414,18.22848101265823,0.027776813305093573,0.012499565987292108,0.05624804694281449,0.022401999930557966,0.1819381271483629,0.01111072532203743,0.013017604760724026,0.011529878502355567,0.48307988862711504,0.4929643527204503,0.06145688979936133,0.04558655178646743,0.1920882376769325,0.5604395604395604,0.4533169533169533,0.05416478594493247,0.015971667650428806,-0.0020832609978820166,F,,,,
Brad Marchand,LW,2024,2025,5250000.0,88000000.0,0.05965909090909091,37.0,0.8658536585365854,18.32417840375587,0.017678482212628587,0.013835333905535414,0.03920011273235034,0.02247473129988086,0.14911415431521502,0.006149037291349073,0.012927551844869378,0.013283059520603286,0.49199277543648406,0.5008121277747699,0.01872513068580791,0.033003042833736444,0.16419210617337723,0.38461538461538464,0.40710382513661203,0.062259002574909364,0.016141222889791317,0.0015372593228372665,F,,,,
Alexander Debrincat,RW,2022,2023,7875000.0,83500000.0,0.09431137724550898,25.0,1.0,19.00630081300813,0.017324165071488914,0.018607436558265873,0.04234795906363957,0.018171124252761708,0.16875020051116982,0.005774721690496305,0.010324801032480103,0.014127769412776943,0.5018990775908845,0.5039823008849558,0.036150517609683956,0.029380511584597684,0.1952390627840575,0.5263157894736842,0.5177914110429448,0.06993829602934414,0.02823197270909305,0.008341264664050219,F,,,,
Charlie Coyle,C,2019,2020,5250000.0,81500000.0,0.06441717791411043,27.0,0.8536585365853658,16.771190476190476,0.013628813583384204,0.014480614432345718,0.03151663141157597,0.014659492610627637,0.12351112309941935,0.004259004244807564,0.012672486623486343,0.011130667417628836,0.55240335146259,0.5208588957055215,0.008211304228821678,0.01987135623374846,0.10373514672269624,0.4663805436337625,0.3327272727272727,0.06984766961484405,0.04088644075015262,0.008518008489615127,F,,,,
Quinton Byfield,C,2023,2024,6250000.0,88000000.0,0.07102272727272728,21.0,0.975609756097561,16.48375,0.015166451808599378,0.015924774399029347,0.04170774247364829,0.02042162736027906,0.122089937059225,0.007583225904299689,0.011043452919612867,0.013436201052195654,0.5626136363636364,0.5460240963855422,0.034642032332563515,0.051385681293302544,0.13134147266247062,0.45555555555555555,0.41735537190082644,0.050049290968377944,0.03488283915977857,0.0,F,,,,
Jason Robertson,LW,2021,2022,7750000.0,82500000.0,0.09393939393939393,22.0,0.9024390243902439,18.111261261261262,0.030591688014524835,0.014176635909170045,0.05894495983286493,0.022496082771656677,0.16415052105354788,0.014176635909170045,0.02000636566180148,0.013577047242304368,0.588591521781598,0.5568445475638051,0.0530832522339202,0.04575776342563921,0.14056010147486755,0.5,0.5244956772334294,0.037306936603079065,0.0358146591389559,-0.0029845549282463257,F,,,,
Trent Frederic,C,2024,2025,3850000.0,88000000.0,0.04375,27.0,0.7073170731707317,13.721551724137932,0.010052145504806181,0.005026072752403091,0.01884777282151159,0.012200791606458504,0.09800841867186028,0.0025130363762015454,0.00989725704590442,0.011735319068715243,0.48901379662749106,0.4785100286532951,0.020927799093128707,0.025950470875479595,0.060040627421415256,0.43661971830985913,0.30904522613065327,0.19727335553182132,0.015078218257209272,-0.007539109128604636,F,,,,
Bryan Rust,RW,2021,2022,5125000.0,82500000.0,0.06212121212121212,29.0,0.7317073170731707,18.77027777777778,0.021310286652953103,0.019534429431873678,0.051499859411303334,0.022597783138235683,0.15982714989714827,0.008879286105397125,0.012003601080324097,0.01409222766830049,0.5015153351921445,0.5098507462686567,0.04137574347039048,0.04339281096457202,0.17168099684785343,0.16666666666666666,0.45272206303724927,0.038180930253207644,0.019534429431873678,0.0026637858316191374,F,,,,
Shane Pinto,C,2024,2026,7500000.0,,,25.0,0.8536585365853658,17.55690476190476,0.017087294376110333,0.008950487530343509,0.030106185329337256,0.019959587192666026,0.1033374469412387,0.005695764792036778,0.013708741959295582,0.013012759675208268,0.5321424078500441,0.493942731277533,0.013218770654329146,0.02432253800396563,0.06155494378822604,0.5011286681715575,0.23027989821882952,0.05939868997409783,0.02196937848357043,0.0048820841074600965,F,,,,
Anton Lundell,C,2023,2024,5000000.0,88000000.0,0.056818181818181816,22.0,0.9512195121951219,15.37628205128205,0.010839204569141619,0.009171634635427525,0.029182473839996666,0.014307750031266938,0.1384083044982699,0.004168924834285238,0.008225093389081188,0.011854415847013262,0.5258770838517045,0.5679205851619644,0.01177856301531213,0.029328621908127208,0.07078834368616334,0.5489749430523918,0.3408408408408408,0.051694667945136955,0.026681118939425524,-0.0025013549005711427,F,,,,
Ondrej Palat,LW,2021,2022,6000000.0,82500000.0,0.07272727272727272,30.0,0.9390243902439024,16.49134199134199,0.014175088594303714,0.014175088594303714,0.03858774117338233,0.014482215513846963,0.11261320383252396,0.001575009843811524,0.013552540294606412,0.012594182088059245,0.5281912004345465,0.5078864353312302,0.006280092108017585,0.013062591584676576,0.12539703373146083,0.1111111111111111,0.4233378561736771,0.09686310539440872,0.02362514765717286,0.0007875049219057614,F,,,,
Rickard Rakell,C,2021,2022,5000000.0,82500000.0,0.06060606060606061,28.0,0.8536585365853658,17.985238095238095,0.015886044110249145,0.009531626466149487,0.03256639042601075,0.014146522280176863,0.14615160581429215,0.004765813233074743,0.013278742945667811,0.013003683270364693,0.5162993572084481,0.5188916876574308,0.0319693094629156,0.01975703324808184,0.12422886494214833,0.45569620253164556,0.4938650306748466,0.07863591834573327,0.022240461754348805,0.001588604411024915,F,,,,
Joel Farabee,LW,2021,2022,5000000.0,82500000.0,0.06060606060606061,21.0,0.7682926829268293,17.58703703703704,0.015343191082898359,0.009025406519351976,0.030686382165796718,0.012807051850960453,0.10740233758028851,0.005415243911611185,0.017041304877059158,0.011405501907003164,0.4785309954438767,0.4583333333333333,0.007107320540156362,0.012153518123667379,0.1269874697272823,0.2867132867132867,0.40614886731391586,0.06588546759126943,0.022563516298379938,0.008122865867416779,F,,,,
Jean-Gabriel Pageau,C,2019,2020,5000000.0,81500000.0,0.06134969325153374,27.0,0.8170731707317073,19.13507462686567,0.02028002028002028,0.00702000702000702,0.03276003276003276,0.01446901446901447,0.11856011856011857,0.01014001014001014,0.015340821927148142,0.009879489321083403,0.5026521848951755,0.47629083245521603,0.04557885141294439,0.025524156791248857,0.08556608556608557,0.5347826086956522,0.2591397849462366,0.09984009984009984,0.025740025740025742,0.007020007020007021,F,,,,
Drake Batherson,C,2020,2021,4975000.0,81500000.0,0.061042944785276075,22.0,0.6829268292682927,16.47172619047619,0.018429849128195862,0.013009305266961787,0.036859698256391724,0.016597705303098745,0.12033607371939652,0.007588761405727709,0.015225615945372336,0.013910676386453815,0.5057267301177609,0.4763271162123386,0.02906131938390003,0.016274338854984013,0.1865209142650646,0.38461538461538464,0.44282744282744285,0.11057909476917518,0.01626163158370223,0.006504652633480892,F,,,,
Blake Coleman,C,2020,2021,4900000.0,81500000.0,0.06012269938650307,29.0,0.6707317073170732,15.482424242424242,0.016440930086902058,0.008220465043451029,0.036404916620997416,0.016159085571126594,0.14209661003679638,0.005871760745322164,0.014674590945777385,0.012458727712965,0.5614134542705971,0.554019014693172,0.05725190839694657,0.009732824427480918,0.020512017536992094,0.2222222222222222,0.22180451127819548,0.12800438424802318,0.02935880372661082,0.0023487042981288654,F,,,,
Kiefer Sherwood,LW,2024,2026,5750000.0,,,30.0,0.9512195121951219,14.889102564102563,0.01636027037499462,0.01205493606578551,0.03444267447367288,0.010393077022430792,0.12141042751969691,0.003444267447367288,0.0156597995545657,0.009656876391982183,0.4643100859833492,0.5039018952062431,0.0,0.01222130470685384,0.052137598484522325,0.42857142857142855,0.21441441441441442,0.3978128901709218,0.022387738407887374,0.0008610668618418225,F,,,,
Yegor Sharangovich,C,2024,2025,5750000.0,88000000.0,0.06534090909090909,26.0,0.8902439024390244,16.65821917808219,0.013979688335183586,0.008223346079519757,0.026314707454463224,0.014596439291147569,0.1052588298178529,0.007401011471567781,0.008244731101530428,0.00937838162799086,0.47597004765146356,0.524416135881104,0.027576697690451565,0.020682523267838676,0.11927963488343407,0.4605678233438486,0.4134790528233151,0.01151268451132766,0.013979688335183586,0.0016446692159039515,F,,,,
Andrew Copp,C,2021,2022,5625000.0,82500000.0,0.06818181818181818,27.0,0.8780487804878049,19.178703703703704,0.015207840486650897,0.013035291845700769,0.03838169265678559,0.016830010138560326,0.13252546709795782,0.004345097281900257,0.013872374157748711,0.012088783194609591,0.5086111724442481,0.5354497354497354,0.019340281508541956,0.030428709573439343,0.11233283445179355,0.5317348377997179,0.3299492385786802,0.03258822961425192,0.024622217930768117,-0.0007241828803167096,F,,,,
Jonathan Marchessault,C,2023,2024,5500000.0,88000000.0,0.0625,33.0,1.0,17.89491869918699,0.0286223777018048,0.01158524811739718,0.04702247765296503,0.020096998057767226,0.18127505877809705,0.01158524811739718,0.022245621320203475,0.014050334425840513,0.5178038591605332,0.4927916120576671,0.025232802643436466,0.028981676179032738,0.18905534795497655,0.25,0.525706940874036,0.07291891462126461,0.03202980361868632,-0.006133366650386741,F,,,,
Sean Monahan,C,2023,2024,5500000.0,88000000.0,0.0625,29.0,1.0121951219512195,18.09417670682731,0.0173123661343484,0.013983064954666016,0.039285753920252145,0.01651333385122463,0.11386210034513757,0.007990322831237724,0.013102888875023398,0.01064141760778686,0.47196358369542724,0.4809833024118738,0.035331065166186865,0.03588065951321644,0.16961679743421856,0.5487421383647799,0.375,0.01930994684215783,0.02863199014526851,0.001997580707809431,F,,,,
Andre Burakovsky,LW,2021,2022,5500000.0,82500000.0,0.06666666666666667,26.0,0.975609756097561,16.258333333333333,0.01691440287032291,0.018452075858534082,0.046899026140440794,0.011378780112762686,0.11455663762173243,0.0030753459764223472,0.01622864355587612,0.009502772393274128,0.518794086385158,0.5505181347150259,0.025943141282023564,0.02127337585125932,0.11854177344951307,0.4,0.4094955489614243,0.03767298821117376,0.021527421834956432,0.003844182470527934,F,,,,
Jaden Schwartz,LW,2020,2021,5500000.0,81500000.0,0.06748466257668712,28.0,0.4878048780487805,17.703333333333333,0.011297307475051779,0.008472980606288835,0.02824326868762945,0.008882508002259462,0.10026360384108454,0.0028243268687629447,0.010580766517752175,0.00784740183399953,0.49244010234938357,0.4900398406374502,0.01218026796589525,0.006820950060901341,0.11593861796271888,0.5384615384615384,0.3609467455621302,0.0564865373752589,0.025418941818866503,-0.0014121634343814728,F,,,,
Oliver Bjorkstrand,RW,2020,2021,5400000.0,81500000.0,0.06625766871165645,25.0,0.6829268292682927,17.613690476190477,0.018248791862390593,0.018248791862390593,0.04460815788584367,0.01317968301172654,0.14497651312899193,0.003041465310398432,0.01628948746291233,0.010029670137878874,0.4413277232351566,0.46241610738255035,0.02413030363965413,0.028594409812990145,0.08402892771450779,0.42857142857142855,0.3764478764478765,0.042580514345578045,0.039539049035179616,-0.0010138217701328106,F,,,,
Christian Dvorak,C,2024,2026,5150000.0,,,29.0,1.0,15.24369918699187,0.00960012800170669,0.012000160002133362,0.026400352004693397,0.012776170348937986,0.08320110934812464,0.0024000320004266724,0.01000383480334128,0.012354735982126481,0.5015063731170335,0.45606060606060606,0.03350083752093802,0.03182579564489112,0.023880318404245388,0.5575471698113208,0.19458762886597938,0.035200469339591194,0.014400192002560035,0.0024000320004266724,F,,,,
J.T Compher,C,2022,2023,5100000.0,83500000.0,0.06107784431137724,28.0,1.0,20.540650406504064,0.010093014051058778,0.013061547595487829,0.030872748862062142,0.011042944785276076,0.09143083316841481,0.0029685335444290524,0.009808863397953761,0.00972712286963748,0.5213075303318961,0.5104257167680278,0.0232252070914299,0.019648525199349696,0.12781515931130022,0.4882882882882883,0.33524904214559387,0.021967148228774987,0.016623787848802692,0.0005937067088858106,F,,,,
Adam Lowry,LW,2024,2026,5000000.0,,,32.0,0.8902439024390244,15.428310502283106,0.014206227062862556,0.007103113531431278,0.030188232508582928,0.01526281520066296,0.08790102995146205,0.005327335148573458,0.013799692160713339,0.015466270367814873,0.5515119780075927,0.5151348376444689,0.0,0.0,0.0035811530720966022,0.5176767676767676,0.14906103286384975,0.12430448680004735,0.017757783828578195,0.002663667574286728,F,,,,
Connor McDavid,C,2024,2026,12500000.0,,,28.0,0.8170731707317073,22.03134328358209,0.017613982792493734,0.03387304383171872,0.06774608766343744,0.018230472190231016,0.13278233182033738,0.006774608766343744,0.01276161306789178,0.014582269865577676,0.6097298267659995,0.6030434782608696,0.03771805752003772,0.03144743045733145,0.1436894519341508,0.47680412371134023,0.4453004622496148,0.027098435065374977,0.02167874805229998,0.007452069642978119,F,,,,
Alexander Killorn,LW,2022,2023,6250000.0,83500000.0,0.0748502994011976,33.0,1.0,17.208943089430896,0.019133556951859025,0.012755704634572682,0.04535361647848066,0.014747011858080973,0.1013369868191052,0.005669202059810081,0.018254311380122016,0.010760436181966662,0.4939873417721519,0.5010582010582011,0.018738288569643973,0.028482198625858837,0.11345490622194926,0.5,0.3231850117096019,0.04322766570605187,0.028346010299050407,-0.00496055180233382,F,,,,
Ivan Barbashev,C,2022,2023,5000000.0,83500000.0,0.059880239520958084,27.0,1.0,16.75609756097561,0.011644832605531296,0.011644832605531296,0.03275109170305677,0.01240174672489083,0.09170305676855896,0.004366812227074236,0.010598834128245893,0.010395689807454513,0.47449127206095093,0.45705244122965644,0.013144922773578704,0.01998028261583963,0.11073508005822416,0.3819444444444444,0.35828025477707004,0.1324599708879185,0.03566229985443959,0.004366812227074236,F,,,,
Dylan Strome,C,2022,2023,5000000.0,83500000.0,0.059880239520958084,25.0,0.9878048780487805,16.687037037037037,0.017016239411090147,0.017756075907224503,0.048089372248733026,0.01635778492953057,0.11393482040469055,0.00517885547294048,0.016130817769202787,0.014716999035313838,0.5233110400310168,0.5037950664136622,0.013001083423618635,0.013304442036836402,0.17071727148300225,0.4879852125693161,0.5182584269662921,0.014796729922687085,0.033292642326045944,-0.004439018976806126,F,,,,
Ryan Strome,C,2021,2022,5000000.0,82500000.0,0.06060606060606061,28.0,0.9024390243902439,18.32545045045045,0.015485773981441653,0.013273520555521416,0.03982056166656425,0.01272783137712776,0.11872426719105267,0.0036870890432003935,0.010452299505891296,0.00984416571645762,0.4780337212063643,0.4925141972121838,0.024777006937561942,0.01580773042616452,0.14881091378356787,0.44376528117359415,0.46631205673758863,0.030234130154243227,0.02359736987648252,-0.009586431512321022,F,,,,
Jared McCann,LW,2021,2022,5000000.0,82500000.0,0.06060606060606061,25.0,0.9024390243902439,16.138063063063065,0.022608962639387047,0.010048427839727576,0.041868449332198236,0.01825464390883843,0.16663642834214895,0.005024213919863788,0.01824915463474854,0.01232354677687725,0.5009169504846739,0.5246290801186944,0.03436426116838488,0.031328751431844215,0.14620462506803622,0.45528455284552843,0.4639175257731959,0.054428984131857705,0.03600686642569048,0.010048427839727576,F,,,,
Conor Garland,RW,2020,2021,4950000.0,81500000.0,0.06073619631901841,24.0,0.5975609756097561,17.922448979591838,0.013664313368253245,0.02505124117513095,0.04440901844682305,0.01304941926668185,0.153723525392849,0.005693463903438852,0.012916497237304758,0.011266055923649149,0.5383765875207068,0.5237329042638778,0.014632361907084501,0.01199853676380929,0.15564032490700674,0.3333333333333333,0.4752252252252252,0.02960601229788203,0.03871555454338419,0.013664313368253246,F,,,,
Evgeni Malkin,C,2021,2022,6100000.0,82500000.0,0.07393939393939394,35.0,0.5,18.329674796747966,0.026612849570867802,0.013306424785433901,0.05588698409882238,0.019493912310660666,0.1716528797320973,0.00931449734980373,0.017520294340944927,0.013297903404777201,0.5534591194968553,0.5427184466019418,0.055684454756380515,0.032296983758700694,0.19116896941740036,0.43617021276595747,0.556497175141243,0.02794349204941119,0.05455634162027899,0.0026612849570867795,F,,,,
Tyler Toffoli,RW,2023,2024,6000000.0,88000000.0,0.06818181818181818,32.0,0.9634146341463414,16.96012658227848,0.02462962271896108,0.010448930850468337,0.041049371198268465,0.021905437175803264,0.1709146546255178,0.008956226443258575,0.016459311613496636,0.014445466427845284,0.5316545307443366,0.556739231125521,0.0413422448838972,0.032577688968510994,0.18053015884862733,0.38028169014084506,0.5125553914327917,0.05597641527036609,0.023883270515356197,0.002985408814419525,F,,,,
Pavel Buchnevich,LW,2020,2021,5800000.0,81500000.0,0.07116564417177915,25.0,0.6585365853658537,18.732716049382717,0.01977131182653969,0.016805615052558738,0.047451148383695255,0.012297755956107687,0.11862787095923814,0.003954262365307938,0.01784325387747632,0.010843208125543303,0.5088279489105936,0.47622759158222916,0.009240720776220545,0.010442014477129214,0.10697927307476851,0.2222222222222222,0.30333333333333334,0.04843971397502224,0.029656967739809536,0.00197713118265397,F,,,,
Brock Nelson,C,2024,2025,7500000.0,88000000.0,0.08522727272727272,33.0,0.975609756097561,18.9125,0.017184401850627893,0.011896893588896233,0.037012557832121616,0.014679444811632518,0.12756113681427628,0.0039656311962987445,0.015320235477693452,0.01366905454287538,0.4989002199560088,0.49345162653147445,0.011205528060509852,0.013782799514427119,0.1179665124476757,0.5210918114143921,0.4162303664921466,0.023132848645076007,0.026437541308658295,0.005287508261731659,F,,,,
Artturi Lehkonen,LW,2021,2022,4500000.0,82500000.0,0.05454545454545454,26.0,0.9024390243902439,15.095045045045044,0.017009340216645283,0.010742741189460177,0.034018680433290566,0.017394288442600936,0.1387604070305273,0.008057055892095133,0.01586042823156225,0.018488727767078283,0.54453125,0.52249550089982,0.027777777777777776,0.022916666666666665,0.06445644713676106,0.27586206896551724,0.26732673267326734,0.07340873146131122,0.016114111784190265,0.0,F,,,,
Nicholas Paul,C,2021,2022,3150000.0,82500000.0,0.038181818181818185,26.0,0.975609756097561,16.511875,0.012112494795412392,0.0037851546235663724,0.024224989590824784,0.014194329838373897,0.12566713350240358,0.003028123698853098,0.012037408561992653,0.012055927652088027,0.4862690409783308,0.49115715007579586,0.058027079303675046,0.05512572533849129,0.026092332538450863,0.5041420118343195,0.21929824561403508,0.0802452780196071,0.044664824558083197,0.0030281236988530984,F,,,,
Artemi Panarin,LW,2024,2026,11000000.0,,,34.0,0.975609756097561,19.683125,0.02349728511097704,0.01714666751341568,0.056520496618296126,0.016111516845013177,0.1505096370622043,0.004445432318292954,0.02000080003200128,0.010200408016320653,0.49910506533023086,0.534949494949495,0.025849070151504273,0.0248151073454441,0.14740841880206185,0.0,0.4735413839891452,0.011431111675610452,0.015876543993903407,0.0025402470390245447,F,,,,
Tyler Bertuzzi,LW,2023,2024,5500000.0,88000000.0,0.0625,29.0,0.975609756097561,16.045625,0.01635959957932458,0.010127371168153312,0.03349822771004557,0.022007556576948542,0.12464456822342539,0.00545319985977486,0.013334518623877677,0.01598364299048804,0.5498191681735985,0.5368020304568528,0.04195804195804196,0.04707692307692308,0.09283423570807203,0.3076923076923077,0.3753623188405797,0.07634479803684804,0.03427725626144198,0.0023370856541892245,F,,,,
Adrian Kempe,LW,2021,2022,5500000.0,82500000.0,0.06666666666666667,25.0,0.9512195121951219,18.583760683760683,0.024145702065032425,0.005519017614864554,0.03725336890033574,0.020868785356206596,0.17039966885894312,0.013797544037161385,0.01599122050638865,0.015652582895665127,0.5167225780217546,0.5429009193054137,0.02319468068656255,0.022034946652234422,0.14871452881387112,0.5,0.3823191733639495,0.0765763694062457,0.023455824863174355,0.002759508807432278,F,,,,
Barclay Goodrow,LW,2020,2021,3641667.0,81500000.0,0.04468303067484663,27.0,0.6707317073170732,15.119696969696971,0.00721515181881952,0.00721515181881952,0.024050506062731736,0.010786651969135185,0.08658182182583425,0.0048101012125463475,0.002981144262539438,0.009316075820435744,0.5583073322932917,0.5534924845269673,0.0,0.0,0.0030664395229982964,0.5030864197530864,0.19791666666666666,0.13227778334502455,0.01924040485018539,-0.012025253031365868,F,,,,
Lawson Crouse,LW,2021,2022,4300000.0,82500000.0,0.052121212121212124,24.0,0.7926829268292683,17.43051282051282,0.017652510334073758,0.00794362965033319,0.030009267567925386,0.013212903985054208,0.11562394268818312,0.0044131275835184395,0.017609078458227352,0.011410682840931325,0.4439245283018868,0.44957709824333114,0.024989587671803416,0.024739691795085384,0.10595919328027774,0.3333333333333333,0.2614475627769572,0.15975521852336752,0.02559613998440695,-0.006178378616925816,F,,,,
Jack McBain,C,2024,2025,4250000.0,88000000.0,0.048295454545454544,25.0,1.0,13.572967479674796,0.011680318663052755,0.007187888408032465,0.024259123377109566,0.011051378427349916,0.08086374459036523,0.0017969721020081163,0.011561301171895527,0.010720479268484942,0.5328551300115282,0.5056360708534622,0.040214477211796246,0.010053619302949061,0.02234235313496758,0.49782608695652175,0.28760330578512394,0.2614594408421809,0.01437577681606493,-0.00449243025502029,F,,,,
Pierre Engvall,LW,2022,2023,3000000.0,83500000.0,0.03592814371257485,27.0,0.926829268292683,13.63684210526316,0.016402933230412968,0.007719027402547278,0.028946352759552294,0.0140775762253956,0.12736395214203008,0.004824392126592049,0.016425455806398627,0.013830233788987645,0.5686413621851721,0.5436164067013287,0.013789933348655482,0.006067570673408412,0.06996976714267336,0.515625,0.27571115973741794,0.04534928598996526,0.024121960632960245,-0.0019297568506368191,F,,,,
Trevor Moore,LW,2022,2023,4200000.0,83500000.0,0.05029940119760479,27.0,0.7195121951219512,16.988418079096046,0.00997688687873094,0.013967641630223316,0.028932971948319723,0.01615257985666539,0.16262325612331432,0.001995377375746188,0.007699711260827719,0.01447545717035611,0.5420207743153919,0.5373737373737374,0.01757469244288225,0.012565905096660808,0.1135369726799581,0.358974358974359,0.32998324958123953,0.05986132127238564,0.026937594572573536,0.005986132127238564,F,,,,
Mikael Granlund,C,2024,2025,7000000.0,88000000.0,0.07954545454545454,33.0,1.0121951219512195,19.449799196787147,0.01362791658063184,0.019202973363617593,0.040883749741895514,0.011521784018170557,0.10468717736939914,0.005575056782985753,0.009432479169941832,0.008917980306126824,0.42316826457911866,0.4395377631035906,0.017699115044247787,0.02070796460176991,0.1399958703283089,0.4958563535911602,0.3393939393939394,0.03530869295890977,0.01176956431963659,0.001238901507330168,F,,,,
Evander Kane,LW,2021,2022,5125000.0,82500000.0,0.06212121212121212,30.0,0.524390243902439,19.450387596899226,0.0263042525208242,0.01076083057670081,0.04663026583237017,0.022155354509585112,0.1817384719620581,0.007173887051133873,0.017289405436557485,0.015992700028815674,0.5151155898043865,0.5256776034236804,0.029801324503311258,0.02115894039735099,0.12036188274680164,0.45,0.3383084577114428,0.16141245865051213,0.019130365469690328,-0.014347774102267745,F,,,,
Ryan McLeod,C,2024,2025,5000000.0,88000000.0,0.056818181818181816,25.0,0.9634146341463414,16.826793248945147,0.015045324038666484,0.013540791634799836,0.039870108702466184,0.012570368234305847,0.07372208778946576,0.006770395817399918,0.01152516327314637,0.008980023050326545,0.4526143790849673,0.48861911987860396,0.0,0.004626506024096385,0.026015872816860793,0.5232558139534884,0.24173318129988597,0.01278852543286651,0.01955892125026643,0.0015045324038666487,F,,,,
Colton Sissons,C,2019,2019,2857143.0,81500000.0,0.03505696932515338,25.0,0.6951219512195121,14.295029239766082,0.011045429442205813,0.00613634969011434,0.01840904907034302,0.007105892941152406,0.06381803677718914,0.004909079752091472,0.012373047378460586,0.007191833788730216,0.4513589027178054,0.45614035087719296,0.0,0.0009259259259259259,0.013254515330646977,0.5126811594202898,0.13274336283185842,0.10309067479392092,0.01840904907034302,-0.00613634969011434,F,,,,
Pavel Zacha,C,2022,2023,4750000.0,83500000.0,0.05688622754491018,25.0,1.0,16.05589430894309,0.01595037660611431,0.01367175137666941,0.04329387935945313,0.012843850876637763,0.09949996835242737,0.003797708715741503,0.014411529223378704,0.010203362690152122,0.49968963376784603,0.5015560165975104,0.02224694104560623,0.0232109751575825,0.10242420406354832,0.4527027027027027,0.4128166915052161,0.05088929679093614,0.023545794037597316,0.0,F,,,,
Ilya Mikheyev,LW,2021,2022,4750000.0,82500000.0,0.05757575757575758,27.0,0.6463414634146342,15.259119496855346,0.025966532025389497,0.00989201220014838,0.03956804880059352,0.021206001154068087,0.1817657241777265,0.007419009150111285,0.01674319490600979,0.016012582764656638,0.561173083843109,0.5625,0.07005253940455342,0.029947460595446583,0.07060423707855906,0.0,0.24168514412416853,0.06429807930096447,0.02967603660044514,0.0037095045750556426,F,,,,
Mathieu Olivier,RW,2024,2025,3000000.0,88000000.0,0.03409090909090909,28.0,1.0,14.459146341463416,0.015181545987433053,0.0050605153291443505,0.02698941508876987,0.01125964660734618,0.0936195335891705,0.0025302576645721752,0.015066622722350393,0.010650218936861433,0.4858620310265156,0.44385285575992256,0.0,0.008506616257088847,0.014872292272874232,0.3888888888888889,0.25787106446776614,0.2580862817863619,0.018555222873529287,-0.013494707544384938,F,,,,
Ryan O'Reilly,C,2022,2023,4500000.0,83500000.0,0.05389221556886228,32.0,0.6463414634146342,17.938993710691825,0.016828524348771166,0.008414262174385583,0.03155348315394594,0.014146478280685762,0.10728184272341619,0.007362479402587386,0.01484814398200225,0.012782902137232845,0.5242914979757085,0.5007418397626113,0.010554089709762533,0.010026385224274405,0.09965641762787926,0.5575418994413408,0.2508833922261484,0.018932089892367564,0.04838200750271711,0.0,F,,,,
Mason Marchment,LW,2021,2022,4500000.0,82500000.0,0.05454545454545454,26.0,0.6585365853658537,14.118518518518519,0.0236096537250787,0.019674711437565582,0.061647429171038826,0.023753934942287513,0.15870933892969571,0.007869884575026234,0.02131590166264033,0.020747477618303253,0.6474863718958208,0.6057233704292527,0.02245508982035928,0.02312874251497006,0.0584120321790836,0.275,0.27320954907161804,0.14952780692549844,0.03279118572927597,0.003934942287513118,F,,,,
Alexander Wennberg,C,2024,2026,6000000.0,,,31.0,0.9390243902439024,18.857142857142858,0.006887052341597796,0.008953168044077135,0.024104683195592287,0.008767217630853995,0.05647382920110193,0.0013774104683195593,0.004784536378424931,0.00412427035820229,0.43613897724492284,0.4697720515361744,0.0101772538376728,0.01806462556186922,0.13534205693296603,0.4752104770813845,0.3428943937418514,0.02066115702479339,0.026170798898071626,0.008953168044077135,F,,,,
Matt Duchene,C,2024,2025,4500000.0,88000000.0,0.05113636363636364,34.0,1.0,17.14288617886179,0.021341427267230238,0.01849590363159954,0.05833323453042932,0.015102616696109933,0.10812989815396654,0.0056910472712613965,0.016900155659328443,0.011758950411385369,0.5213743864346274,0.5,0.03968910203406648,0.02222589713907723,0.14339067853882362,0.5238095238095238,0.4104372355430183,0.02063004635832256,0.014938999087061167,0.0014227618178153491,F,,,,
Filip Chytil,LW,2022,2023,4437500.0,83500000.0,0.0531437125748503,23.0,0.9024390243902439,14.683783783783783,0.020246640898214617,0.014724829744156084,0.04141358365543899,0.016795508926928035,0.16289342904472667,0.005521811154058531,0.017916739855963464,0.015018443702792903,0.47686924970843597,0.5062020082693444,0.010217983651226158,0.014509536784741145,0.09006687526842137,0.3977812995245642,0.38071065989847713,0.03313086692435119,0.02760905577029266,0.0036812074360390197,F,,,,
John Tavares,C,2024,2025,4389280.0,88000000.0,0.04987818181818182,34.0,0.9146341463414634,18.225555555555555,0.027799792720843746,0.014631469853075656,0.05413643845637993,0.023681033957202946,0.14631469853075657,0.012436749375114308,0.018568378052177145,0.015068238789341753,0.496124889282551,0.4558050645007167,0.049301561216105176,0.04516023007395234,0.14838749009327562,0.5825688073394495,0.42134831460674155,0.06730476132414802,0.017557763823690786,-0.005852587941230263,F,,,,
Sidney Crosby,C,2024,2025,8700000.0,88000000.0,0.09886363636363636,37.0,0.975609756097561,20.374583333333334,0.020245812797807725,0.020245812797807725,0.055829362563651605,0.018527986257387677,0.1392666516697683,0.00490807582977157,0.012295239436980495,0.0130175847539031,0.5135781515198271,0.5247964470762398,0.03712871287128713,0.030198019801980197,0.14871469764207856,0.5701459034792368,0.44455645161290325,0.0411051350743369,0.01779177488292194,0.0018405284361643383,F,,,,
Casey Mittelstadt,C,2023,2024,5750000.0,88000000.0,0.06534090909090909,25.0,0.975609756097561,17.72958333333333,0.012690653568658786,0.01339568987802872,0.04018706963408616,0.01098446569998355,0.08953961128998145,0.0028201452374797304,0.01125070316894806,0.007486044800876978,0.50818843509907,0.5223319228960978,0.016830294530154277,0.01800841514726508,0.12567272214519049,0.4706405693950178,0.4389937106918239,0.018330944043618246,0.031726633921646964,-0.004935254165589529,F,,,,
Trevor Zegras,C,2022,2023,5750000.0,83500000.0,0.0688622754491018,22.0,0.9878048780487805,18.82716049382716,0.015081967213114755,0.015737704918032787,0.042622950819672135,0.00999344262295082,0.12065573770491804,0.003934426229508197,0.012856741083983983,0.00880686764252903,0.42020401447844685,0.4689889549702634,0.018147448015122875,0.011523629489603025,0.14453551912568305,0.41361256544502617,0.4921259842519685,0.03016393442622951,0.020327868852459016,-0.0013114754098360673,F,,,,
Tanner Jeannot,LW,2024,2025,3400000.0,88000000.0,0.038636363636363635,28.0,0.8170731707317073,11.016666666666667,0.009483595637546006,0.0027095987535845733,0.017612391898299728,0.011868042540700431,0.07586876510036805,0.005419197507169147,0.009609884452579797,0.011408305685848302,0.5287356321839081,0.5,0.0,0.004918032786885246,0.005509517465621966,0.4444444444444444,0.3344370860927152,0.2858626685031725,0.00406439813037686,-0.008128796260753721,F,,,,
Aliaksei Protas,C,2023,2024,3375000.0,88000000.0,0.03835227272727273,23.0,0.9512195121951219,13.746153846153847,0.005595970900951315,0.01212460361872785,0.027047192687931355,0.012460361872784927,0.10539078530124976,0.0009326618168252191,0.006227404037433618,0.01163486654327181,0.5124329595319357,0.4864864864864865,0.0,0.05395095367847411,0.017114344338742773,0.40384615384615385,0.2243150684931507,0.03171050177205745,0.04103711994030964,0.005595970900951316,F,,,,
William Eklund,LW,2024,2026,5600000.0,,,22.0,0.9390243902439024,19.553246753246754,0.011291179596174284,0.018597236981934114,0.03852284803400638,0.0152298087141339,0.1002922422954304,0.003985122210414453,0.007971185640056685,0.010787671232876713,0.48195152397794655,0.5004432624113475,0.015717778553964373,0.025148445686342995,0.12677116542685088,0.3055555555555556,0.32217573221757323,0.035866099893730075,0.009962805526036133,0.00863443145589798,F,,,,
Adam Lowry,LW,2020,2021,3250000.0,81500000.0,0.03987730061349693,27.0,0.6341463414634146,15.547435897435898,0.012369093757730683,0.008658365630411478,0.02968582501855364,0.01250515378906572,0.10018965943761854,0.0024738187515461365,0.014366287112908374,0.010934340747046929,0.44569522618303103,0.47378104875804966,0.0,0.05747605164514785,0.04949699018718562,0.5006993006993007,0.218568665377176,0.199142409499464,0.019790550012369092,0.006184546878865342,F,,,,
Teuvo Teravainen,C,2023,2024,5400000.0,88000000.0,0.06136363636363636,29.0,0.926829268292683,16.40175438596491,0.020055620922023745,0.012835597390095198,0.04251791635469034,0.013814311691089955,0.11391592683709488,0.006417798695047599,0.01513731709075182,0.009785194262235999,0.5536700868192581,0.5943238731218697,0.05530520278574355,0.04098730028676772,0.13054872178842658,0.4714285714285714,0.4351145038167939,0.012835597390095198,0.03208899347523799,-0.0008022248368809493,F,,,,
Ryan Donato,C,2024,2025,4000000.0,88000000.0,0.045454545454545456,29.0,0.975609756097561,16.309166666666666,0.023759644371774562,0.019161003525624647,0.047519288743549125,0.01584998211639671,0.13949210566654743,0.0068979612692248735,0.020843087797731426,0.011844311196363031,0.4475554598320052,0.4511025886864813,0.020974131903985085,0.01545094383593568,0.10962648817127382,0.44571428571428573,0.36,0.07970977466659854,0.017628123243574677,0.000766440141024987,F,,,,
Noah Cates,LW,2024,2025,4000000.0,88000000.0,0.045454545454545456,26.0,0.9512195121951219,15.877350427350429,0.012919548892417839,0.011304605280865609,0.029876456813716253,0.014655613274836485,0.08882189863537264,0.00484483083465669,0.013985548266790984,0.013526023109453564,0.5286804529788282,0.48925339366515835,0.014194464158977998,0.024272533711852375,0.0568863887169273,0.4461538461538462,0.19872611464968154,0.070250047102522,0.016956907921298413,0.00484483083465669,F,,,,
Marcus Foligno,LW,2023,2024,4000000.0,88000000.0,0.045454545454545456,32.0,0.6707317073170732,14.482121212121212,0.012554665104308343,0.010043732083446675,0.027620263229478356,0.011085769287104266,0.07030612458412672,0.005021866041723337,0.012550660217021834,0.010071904824160021,0.5201803833145434,0.521015761821366,0.0,0.03012704174228675,0.034588102362369484,0.3888888888888889,0.216796875,0.22472850536711933,0.03264212927120169,-0.0012554665104308367,F,,,,
Ross Colton,C,2022,2023,4000000.0,83500000.0,0.04790419161676647,26.0,0.9878048780487805,12.351234567901235,0.015992803238542654,0.00999550202408916,0.03198560647708531,0.017492128542156028,0.15293118096856415,0.005997301214453496,0.013393355407567245,0.016797499906990587,0.492178839758591,0.5290663534938345,0.03126085446335533,0.020736366794025702,0.09592350109117563,0.5608465608465608,0.3239929947460595,0.1879154380528762,0.03798290769153881,0.0,F,,,,
Alex Iafallo,C,2020,2021,4000000.0,81500000.0,0.049079754601226995,27.0,0.6707317073170732,19.88878787878788,0.0127984398092423,0.008227568448798623,0.02742522816266207,0.012962991178218274,0.1097009126506483,0.0054850456325324145,0.011536243030186502,0.010703069922450811,0.5023255813953489,0.5189393939393939,0.026112501360026113,0.02767925144162768,0.1400362622461262,0.2857142857142857,0.3421828908554572,0.02376853107430713,0.013712614081331037,0.0036566970883549427,F,,,,
Ryan Poehling,C,2024,2026,3750000.0,,,27.0,0.8292682926829268,13.879901960784315,0.012714109129436693,0.01165460003531697,0.03284478191771146,0.010446759668020483,0.07628465477662016,0.0010595090941197245,0.012516427811502596,0.009374804430815445,0.51802034833592,0.46328071379547014,0.10480349344978167,0.017292576419213977,0.020218965212784743,0.508819538670285,0.16856060606060605,0.027547236447112836,0.01165460003531697,-0.0010595090941197252,F,,,,
Marco Rossi,C,2024,2025,5000000.0,88000000.0,0.056818181818181816,23.0,1.0,18.245731707317074,0.016041172342345353,0.014704407980483239,0.04010293085586338,0.014196437522975636,0.09089997660662366,0.00534705744744845,0.011265187887240834,0.011055977255049218,0.5308300395256917,0.5010300782859497,0.03180212014134276,0.0253356890459364,0.1261014381356593,0.46774193548387094,0.40860215053763443,0.041439695217725496,0.012030879256759015,0.006015439628379507,F,,,,
Logan O'Connor,C,2024,2025,2500000.0,88000000.0,0.028409090909090908,28.0,0.975609756097561,14.123541666666668,0.008850471287596064,0.004425235643798032,0.018585989703951734,0.010585163659964893,0.07876919445960497,0.0017700942575192128,0.009502357992538889,0.009956359541071302,0.5564447471479652,0.5344927536231884,0.0,0.0,0.0034369330166831385,0.38571428571428573,0.1595744680851064,0.06018320475565323,0.015045801188913308,0.011505612673874881,F,,,,
Max Domi,LW,2023,2024,3750000.0,88000000.0,0.04261363636363636,29.0,0.975609756097561,13.785,0.008161044613710556,0.02085600290170475,0.04261878853826623,0.010808850199492202,0.12422923467537178,0.002720348204570185,0.008138076023193518,0.00890102065036791,0.5139237741618434,0.5067064083457526,0.01060632844263744,0.021318720169701252,0.08549449885140853,0.5,0.43687374749499,0.048059484947406604,0.02357635110627494,-0.009974610083424009,F,,,,
Miles Wood,LW,2022,2023,2500000.0,83500000.0,0.029940119760479042,27.0,0.926829268292683,12.10701754385965,0.01412838719026228,0.0108679901463556,0.02934357339516012,0.016986668598753803,0.18149543544413854,0.004347196058542241,0.013395575400852447,0.014381976862187945,0.4918075763533884,0.5125510799766492,0.024144869215291753,0.043098591549295774,0.09002318504564556,0.16666666666666666,0.3047034764826176,0.10867990146355601,0.017388784234168963,-0.003260397043906682,F,,,,
Nicolas Roy,C,2021,2022,3000000.0,82500000.0,0.03636363636363636,24.0,0.9512195121951219,16.25897435897436,0.01182778741523419,0.01498186405929664,0.03075224727960889,0.017205488093360668,0.11433527834726384,0.004731114966093676,0.013062700964630225,0.015614951768488745,0.5225375626043405,0.5419960474308301,0.014695077149155033,0.024761204996326232,0.10731745781422489,0.48764769065520946,0.3445491251682369,0.06702412868632708,0.02680965147453083,-0.007885191610156127,F,,,,
Casey Cizikas,C,2020,2021,2500000.0,81500000.0,0.03067484662576687,29.0,0.6829268292682927,13.837797619047619,0.009033229379503172,0.006452306699645124,0.018066458759006344,0.009588127755672653,0.09291321647488977,0.0012904613399290247,0.010669647393557564,0.010136165023879687,0.4989959839357429,0.4355769230769231,0.0,0.005357142857142857,0.007226583503602538,0.5352112676056338,0.16633663366336635,0.14453167007205076,0.015485536079148297,0.0012904613399290256,F,,,,
Boone Jenner,C,2021,2022,3750000.0,82500000.0,0.045454545454545456,28.0,0.7195121951219512,20.464689265536723,0.01904893367382152,0.00911035958313203,0.03644143833252812,0.01781489405756091,0.13251432120919318,0.011595003105804403,0.015725919685481607,0.012299915754001684,0.4140216253923963,0.4604519774011299,0.03508771929824561,0.03783625730994152,0.1416246807923252,0.5358931552587646,0.318562874251497,0.06625716060459659,0.027331078749396092,0.0016564290151149155,F,,,,
Scott Laughton,C,2020,2021,3000000.0,81500000.0,0.03680981595092025,26.0,0.6463414634146342,15.41383647798742,0.011016810837277624,0.011016810837277624,0.024481801860616943,0.008752244165170557,0.1089440182797454,0.0036722702790925417,0.010017650145494442,0.00809998568907122,0.5166396103896104,0.5101351351351351,0.0,0.0032876712328767125,0.007446548065937653,0.4895591647331787,0.26359832635983266,0.17259670311734945,0.024481801860616943,-0.00489636037212339,F,,,,
Jean-Gabriel Pageau,C,2024,2026,4850000.0,,,33.0,0.9634146341463414,16.997257383966243,0.010426104980947535,0.01266027033400772,0.031278314942842604,0.015326374321992875,0.08936661412240744,0.0029788871374135813,0.01069362757011617,0.013678121810139502,0.5409976450438878,0.5233160621761658,0.016802016241949033,0.02226267152058247,0.0886467163975325,0.5961538461538461,0.31333333333333335,0.10426104980947534,0.018618044608834882,0.0059577742748271635,F,,,,
Anthony Duclair,LW,2023,2024,3500000.0,88000000.0,0.03977272727272727,28.0,0.8902439024390244,15.773744292237444,0.020842681179348375,0.008684450491395157,0.03647469206385966,0.01647440258217661,0.11202941133899752,0.005210670294837094,0.01931155983195555,0.012583005827347879,0.4526597524255604,0.43580914904082635,0.03395585738539898,0.03310696095076401,0.10230282678863495,0.3695652173913043,0.33385826771653543,0.04255380740783627,0.031264021769022564,0.001736890098279032,F,,,,
Yakov Trenin,C,2023,2024,3500000.0,88000000.0,0.03977272727272727,27.0,0.926829268292683,14.5734649122807,0.010834399217515613,0.0027085998043789032,0.015348732224813784,0.014120833646828682,0.10473252576931759,0.004514333007298172,0.011703372699223322,0.014235556974146187,0.5196625567813108,0.5161821173889194,0.0,0.010084033613445379,0.008953427131141374,0.45,0.1453900709219858,0.18689338650214432,0.039726130464223915,-0.0018057332029192685,F,,,,
Anze Kopitar,C,2023,2024,7000000.0,88000000.0,0.07954545454545454,35.0,0.9878048780487805,19.658230452674896,0.01632841038738107,0.018212457739771194,0.04396110488910288,0.01143616742900805,0.08352609928929547,0.005024126273040329,0.01156566480330956,0.009839711748046442,0.5439614584473886,0.5329877474081055,0.033743409490333914,0.01973989455184534,0.14889207548749725,0.5506410256410257,0.3539325842696629,0.023236584012811524,0.030772773422372016,0.003768094704780247,F,,,,
Yanni Gourde,C,2024,2025,2333333.0,88000000.0,0.026515147727272727,33.0,0.6951219512195121,16.04736842105263,0.007652782333005356,0.012025800809008417,0.033890893189023726,0.014343500601290039,0.0819940964250574,0.005466273095003826,0.0062384329056541,0.01275135685915698,0.5279142474318892,0.5273885350318471,0.0,0.028412256267409473,0.02616522721475165,0.4962825278810409,0.26859504132231404,0.1191647534710834,0.017492073904012244,-0.0021865092380015296,F,,,,
Frank Vatrano,RW,2024,2025,4570000.0,88000000.0,0.05193181818181818,30.0,0.9878048780487805,17.545267489711936,0.014776592001876391,0.0056291779054767205,0.031664125718306554,0.020335405183534654,0.16465345373519408,0.0035182361909229503,0.012875733840187618,0.01562562271034197,0.48103256846780157,0.48466522678185747,0.015071590052750564,0.02727957799547852,0.14006098276064266,0.47058823529411764,0.41676104190260477,0.11891638325319573,0.00914741409639967,-0.007036472381845901,F,,,,
Kaapo Kakko,RW,2024,2025,4525000.0,88000000.0,0.05142045454545455,24.0,0.9634146341463414,15.616244725738397,0.011348130935815512,0.015401034841463908,0.03566555436970589,0.01279096472622634,0.09483795139217249,0.004052903905648397,0.00840584673339456,0.009237091577030246,0.4783364100336627,0.49427480916030536,0.03411513859275053,0.031982942430703626,0.09504059658745491,0.5,0.3716012084592145,0.0551194931168182,0.014590454060334228,0.0,F,,,,
Michael Bunting,LW,2022,2023,4500000.0,83500000.0,0.05389221556886228,27.0,1.0,15.796951219512193,0.017755818890647316,0.014667850387926043,0.03782761415833559,0.02164665920407612,0.13432662986837535,0.0084919133824835,0.012528524766208778,0.018855429773144212,0.5595158036314728,0.5172564438619485,0.04056795131845842,0.027924273157538877,0.11417763538811904,0.5,0.44849445324881143,0.06561933068282703,0.03782761415833559,0.002315976377040955,F,,,,
Kirby Dach,C,2021,2022,3362500.0,82500000.0,0.040757575757575756,20.0,0.8536585365853658,18.044285714285714,0.0071253265774681345,0.0071253265774681345,0.020584276779352387,0.01009421265141319,0.09183754255403373,0.0015834059061040299,0.006979526721616592,0.008315607551183195,0.4616588419405321,0.4576271186440678,0.00785751702462022,0.013829229963331587,0.10075739582508643,0.3284403669724771,0.35111876075731496,0.038793444699548735,0.033251524028184626,-0.0063336236244161195,F,,,,
Ridly Greig,LW,2024,2025,3250000.0,88000000.0,0.036931818181818184,22.0,0.9512195121951219,17.07991452991453,0.009758050391573047,0.010508669652463281,0.02552105487026797,0.013961518252558362,0.0893236920459379,0.0067555733480121095,0.0069239519279909,0.011642130598921841,0.49097907144575414,0.4766449020592667,0.021621621621621623,0.029909909909909913,0.10414842244852003,0.5473684210526316,0.2848101265822785,0.10358545800285235,0.015012385217804689,-0.00525433482623164,F,,,,
Martin Necas,C,2023,2024,6500000.0,88000000.0,0.07386363636363637,25.0,0.9390243902439024,17.356277056277058,0.017958247075549348,0.012720425011847454,0.03965779562517148,0.016775995809742348,0.17284812810216246,0.007482602948145561,0.011727030806007848,0.01373866762888458,0.52202706593723,0.5812636165577342,0.045273256440659694,0.030656462218389566,0.11569351258324395,0.34057971014492755,0.45506692160611856,0.05761604270072082,0.01720998678073479,0.0014965205896291106,F,,,,
Dakota Joshua,C,2023,2024,3250000.0,88000000.0,0.036931818181818184,28.0,0.7682926829268293,14.385185185185184,0.01986170369280565,0.008827423863469177,0.03530969545387671,0.015580403119023098,0.09268795056642637,0.008827423863469177,0.01873619878214708,0.015443980996141233,0.5530122397075187,0.5133531157270029,0.043321299638989175,0.015595667870036101,0.025470795939385022,0.4722222222222222,0.21305841924398625,0.2692364278358099,0.03199941150507577,0.0044137119317345895,F,,,,
Fabian Zetterlund,LW,2024,2025,4275000.0,88000000.0,0.04857954545454545,25.0,1.024390243902439,16.34186507936508,0.013841166543229363,0.010198754295011108,0.029867780435389676,0.016645823974357418,0.13185532338550077,0.005099377147505554,0.010369858278603525,0.014111648807466296,0.4438952051408798,0.45341348218119365,0.02737226277372263,0.022239963503649637,0.10645556864125882,0.5961538461538461,0.3713850837138508,0.1121862972451222,0.016026613892160313,0.008013306946080156,F,,,,
Michael Rasmussen,C,2023,2024,3200000.0,88000000.0,0.03636363636363636,24.0,0.9146341463414634,15.190888888888889,0.011410348308196434,0.012288067408826929,0.028964730320806334,0.013745081115873551,0.08864962916368,0.0017554382012609899,0.011330861145447055,0.01200041203131438,0.4583716953834013,0.4373650107991361,0.0,0.014165261382799327,0.008674790444564725,0.48333333333333334,0.21732522796352582,0.10883716847818137,0.015798943811348908,-0.0017554382012609886,F,,,,
Brett Howden,C,2024,2025,2500000.0,88000000.0,0.028409090909090908,26.0,0.975609756097561,14.862916666666667,0.019343444254436376,0.007569173838692496,0.03364077261641109,0.0166858232177399,0.10512741442628466,0.006728154523282218,0.014999296907957439,0.013968095245535366,0.5074265595775113,0.4967741935483871,0.0,0.001226993865030675,0.00685430742059376,0.5271317829457365,0.29193548387096774,0.10176333716464354,0.0185024249390261,-0.001682038630820554,F,,,,
Carter Verhaeghe,C,2021,2022,4166667.0,82500000.0,0.05050505454545454,26.0,0.9512195121951219,16.03482905982906,0.019188998307636953,0.015191290326879256,0.04397478778833469,0.016878323094759003,0.13352344655730713,0.003198166384606159,0.019252513522598783,0.016291293585551446,0.5761946902654868,0.5885928003740065,0.0,0.006585652685221483,0.06798768705941927,0.6551724137931034,0.28888888888888886,0.03997707980757699,0.05037112055754701,-0.007195874365363857,F,,,,
Alex Laferriere,RW,2024,2025,4100000.0,88000000.0,0.04659090909090909,23.0,0.9390243902439024,16.53181818181818,0.014925959385678934,0.012569228956361207,0.03299422601044817,0.01726697827880121,0.15161632428610708,0.004713460858635453,0.014576374126935923,0.016234436683874885,0.5727081720667919,0.5538020086083214,0.01603849238171612,0.019887730553327987,0.09796142817864016,0.3711340206185567,0.39431616341030196,0.09741152441179936,0.010998075336816057,0.002356730429317725,F,,,,
Connor Brown,RW,2024,2025,3000000.0,88000000.0,0.03409090909090909,31.0,1.0,14.009756097560976,0.01131615598885794,0.006093314763231198,0.026114206128133706,0.013065807799442898,0.1070682451253482,0.0017409470752089138,0.010218505713847779,0.011914777662346509,0.528707518022657,0.48726467331118495,0.0,0.07978378378378378,0.013419800371402042,0.36363636363636365,0.22552447552447552,0.01653899721448468,0.02263231197771588,-0.0008704735376044567,F,,,,
Dawson Mercer,RW,2023,2024,4000000.0,88000000.0,0.045454545454545456,22.0,1.0,17.217479674796746,0.014165978042734034,0.00424979341282021,0.023373863770511157,0.0141093141305631,0.09491205288631803,0.00424979341282021,0.014354925533823795,0.013825587654764042,0.5052858261550509,0.4935897435897436,0.035211267605633804,0.02464788732394366,0.08046275528272931,0.4490566037735849,0.29020100502512564,0.02124896706410105,0.02833195608546807,0.0007082989021367017,F,,,,
Nino Niederreiter,RW,2023,2024,4000000.0,88000000.0,0.045454545454545456,31.0,0.9390243902439024,14.964935064935064,0.015620932048945588,0.006942636466198039,0.02950620498134167,0.019560878243512974,0.14753102490670833,0.008678295582747549,0.012175736462948557,0.017786721682957352,0.5717528975982794,0.5309462915601023,0.021999511121975065,0.015252994377902713,0.11834302409673407,0.45614035087719296,0.2750759878419453,0.0998003992015968,0.01822442072376985,0.0,F,,,,
Ryan Hartman,RW,2023,2024,4000000.0,88000000.0,0.045454545454545456,29.0,0.9024390243902439,16.516666666666666,0.017181661984891045,0.009818092562794884,0.03681784711048081,0.018785283770147546,0.1415441677802929,0.009818092562794884,0.012411867124066955,0.013611680946060094,0.4938114074263111,0.5090233545647559,0.03296703296703297,0.04467032967032967,0.09927182480159272,0.46962025316455697,0.3322884012539185,0.06136307851746802,0.03190880082908337,-0.0008181743802329056,F,,,,
Evan Rodrigues,LW,2022,2023,3000000.0,83500000.0,0.03592814371257485,29.0,0.8414634146341463,17.856280193236714,0.012986134595874197,0.011362867771389923,0.031653703077443356,0.01732025701724721,0.14934054785255327,0.0056814338856949614,0.0077378169683877925,0.014189221865781115,0.556569151724861,0.5594405594405595,0.04779607010090282,0.03895379713223579,0.10188704768346298,0.49377593360995853,0.36666666666666664,0.02759553601623267,0.023537368955021985,0.002434900236726413,F,,,,
Alex Newhook,C,2022,2023,2900000.0,83500000.0,0.03473053892215569,22.0,1.0,13.953048780487807,0.012236157846436217,0.007866101472708997,0.026220338242363323,0.012236157846436217,0.10138530787047152,0.004370056373727221,0.010951993760682342,0.010922124686789573,0.5055712011754622,0.5125488008923592,0.009051138934982652,0.019459948710212702,0.0965636790047925,0.4135188866799205,0.352165725047081,0.052440676484726646,0.02272429314338155,-0.0034960450989817773,F,,,,
Jordan Staal,C,2022,2023,2900000.0,83500000.0,0.03473053892215569,34.0,0.9878048780487805,16.268106995884775,0.012901104182740345,0.0053122193693636716,0.025802208365480694,0.014456825569482565,0.09410217168587076,0.003794442406688337,0.014140938015555032,0.012538298373792129,0.595496441488741,0.6108970831040176,0.0,0.012510860121633362,0.014558010700327587,0.5569877883310719,0.24730127576054955,0.11762771460733845,0.025043319884143024,-0.0022766654440130023,F,,,,
Kirill Marchenko,LW,2023,2024,3850000.0,88000000.0,0.04375,24.0,0.9512195121951219,16.413888888888888,0.017964773422549696,0.009372925263938972,0.0328052384237864,0.015215382011794265,0.1507478813283518,0.005467539737297734,0.013581903730172847,0.009468527171891927,0.43535021001248725,0.4808329389493611,0.037967817754474775,0.036340625564997286,0.14400458231901792,0.3291139240506329,0.4113573407202216,0.04295924079305362,0.03827277816108413,0.005467539737297734,F,,,,
Jake Evans,C,2024,2025,2850000.0,88000000.0,0.03238636363636364,28.0,1.0,15.553658536585367,0.010192880664889445,0.013329151638701582,0.02822643876430923,0.011517955151325074,0.06272541947624274,0.0039203387172651715,0.007041899300839999,0.008752074845329711,0.4741000877963126,0.4802448525319978,0.0,0.03296703296703297,0.0023783388218075376,0.5285204991087344,0.13350449293966624,0.09722440018817625,0.011761016151795515,0.014113219382154618,F,,,,
Connor Zary,C,2024,2025,3775000.0,88000000.0,0.042897727272727275,23.0,0.6585365853658537,16.074074074074073,0.014976958525345621,0.00576036866359447,0.03110599078341014,0.016232718894009217,0.12788018433179724,0.00576036866359447,0.013679266791299986,0.013214171720395787,0.5047208878582077,0.5310580204778157,0.008723466123873218,0.02870020354754289,0.13206605222734255,0.37344398340248963,0.4033816425120773,0.029953917050691243,0.01152073732718894,0.0011520737327188942,F,,,,
Jordan Eberle,RW,2024,2026,5500000.0,,,35.0,0.5121951219512195,16.263095238095236,0.013176195007686114,0.02342434668033087,0.038064563355537664,0.013996047141497697,0.09662543005636484,0.0029280433350413588,0.010915044569765326,0.01277060214662543,0.4759281925744594,0.45428840716305374,0.01081665765278529,0.015575987020010815,0.1353488031622868,0.3888888888888889,0.36272040302267,0.019032281677768832,0.03074445501793427,-0.002928043335041359,F,,,,
Alex Iafallo,C,2024,2025,3666667.0,88000000.0,0.04166667045454545,31.0,1.0,13.283130081300813,0.013771364742245957,0.011017091793796764,0.028460820467308308,0.013303138341009595,0.10007191712698728,0.005508545896898382,0.00977218591583705,0.012398460880718257,0.5579273260550758,0.5167464114832536,0.05654154232762683,0.030249725145280352,0.09742475479320001,0.48,0.25117739403453687,0.04865882208926905,0.023870365553226323,0.0009180909828163976,F,,,,
Frank Vatrano,RW,2021,2022,3650000.0,82500000.0,0.04424242424242424,27.0,0.8658536585365854,13.159154929577465,0.019265760462378254,0.010703200256876808,0.034250240822005784,0.0149523707588569,0.17232152413571658,0.004281280102750723,0.01750632172729041,0.013549893016922776,0.5334967320261438,0.5421836228287841,0.01735106998264893,0.015962984384037017,0.061686110813799995,0.48,0.3686534216335541,0.07278176174676229,0.023547040565128973,-0.0021406400513753598,F,,,,
Warren Foegele,LW,2023,2024,3500000.0,88000000.0,0.03977272727272727,28.0,1.0,13.975813008130082,0.017451753174037608,0.012216227221826326,0.0357760940067771,0.022853070781402248,0.17539011939907798,0.0026177629761056412,0.01673283244200925,0.022284195675711146,0.5876699029126213,0.5633251833740831,0.022831050228310504,0.04246575342465754,0.038219339451142365,0.45454545454545453,0.3119266055045872,0.07766030162446735,0.034903506348075215,0.0026177629761056417,F,,,,
Thomas Novak,C,2023,2024,3500000.0,88000000.0,0.03977272727272727,26.0,0.8658536585365854,14.200704225352112,0.017852715100421523,0.012893627572526656,0.04463178775105381,0.013835854202826679,0.11207537813042401,0.004959087527894868,0.012125376391892165,0.012089000262716488,0.5850906648757556,0.5620178041543027,0.04217432052483598,0.015955951265229616,0.14110257046036861,0.422,0.5233415233415234,0.004959087527894868,0.04760724026779073,0.009918175055789735,F,,,,
Frederick Gaudreau,C,2022,2023,2100000.0,83500000.0,0.025149700598802394,29.0,1.0,16.04288617886179,0.014442994514195943,0.00836173366611344,0.028885989028391883,0.011333949905613764,0.10490174962942317,0.005321103242072189,0.008924587237840249,0.008706430660915265,0.47296115898588736,0.4673913043478261,0.03252620166245031,0.018431514275388507,0.07011186986101785,0.49261083743842365,0.30115830115830117,0.031926619452433136,0.031926619452433136,0.0030406304240412517,F,,,,
Matias Maccelli,LW,2022,2023,3425000.0,83500000.0,0.04101796407185629,22.0,0.7804878048780488,15.681510416666667,0.01096036003122042,0.02192072006244084,0.0488234219572546,0.00868857631565837,0.0607801783549496,0.0039855854658983345,0.00963371801304566,0.008116407425990969,0.501433075379765,0.45919044459190445,0.00822932382389247,0.006583459059113977,0.12107876513276981,0.0,0.3028571428571429,0.023913512795390005,0.022917116428915422,0.0029891890994237502,F,,,,
Alexander Wennberg,C,2023,2024,5000000.0,88000000.0,0.056818181818181816,29.0,0.9634146341463414,17.98881856540084,0.007036719950273846,0.007740391945301231,0.021110159850821538,0.008697385858538473,0.064034151547492,0.0028146879801095384,0.005637066846217684,0.007036938446361742,0.4959247648902821,0.48963075366717246,0.021929824561403508,0.020029239766081872,0.0962623289197462,0.46464646464646464,0.30698739977090495,0.032368911771259695,0.032368911771259695,0.007740391945301231,F,,,,
Kyle Palmieri,RW,2024,2025,4750000.0,88000000.0,0.05397727272727273,34.0,1.0,18.516260162601625,0.015806805708013173,0.007903402854006586,0.031613611416026345,0.015477497255762898,0.11130625686059276,0.005268935236004391,0.014525362422032983,0.013277890119905444,0.48798054438312605,0.4727947238252267,0.027767493520918177,0.02710107367641614,0.11859495060373217,0.3939393939393939,0.41410256410256413,0.03556531284302964,0.01185510428100988,0.002634467618002195,F,,,,
Taylor Hall,LW,2024,2025,3166667.0,88000000.0,0.035984852272727276,33.0,0.9390243902439024,15.173809523809526,0.01540590274310657,0.012838252285922142,0.035947106400582,0.01336890004707359,0.12324722194485256,0.005135300914368856,0.010935118298097953,0.011273112863675525,0.4751338090990187,0.508,0.03974036296198172,0.029248907140018546,0.10768440722936251,0.46236559139784944,0.3950850661625709,0.03680298988631014,0.029100038514756853,-0.0025676504571844287,F,,,,
Jason Zucker,LW,2024,2025,4750000.0,88000000.0,0.05397727272727273,33.0,0.8902439024390244,15.993835616438355,0.017986381739540064,0.020555864845188645,0.04539420153312493,0.020221832041454328,0.12247869470258234,0.007708449316945741,0.009814077749304836,0.012627446704105557,0.4850450450450451,0.4825517993456925,0.04947637503092273,0.04828894203018059,0.17311178679000186,0.39622641509433965,0.38865248226950355,0.05824161706136782,0.017129887370990537,-0.000856494368549527,F,,,,
Vladimir Tarasenko,RW,2023,2024,4750000.0,88000000.0,0.05397727272727273,32.0,0.926829268292683,15.736842105263158,0.019230769230769232,0.016722408026755852,0.0459866220735786,0.013060200668896321,0.12959866220735786,0.005852842809364548,0.017512232809683236,0.0096523306721607,0.48304268749331336,0.4963325183374083,0.01707455890722823,0.023847467273762097,0.14690635451505016,0.5714285714285714,0.4080370942812983,0.07107023411371237,0.015050167224080268,0.0008361204013377921,F,,,,
Jordan Eberle,RW,2023,2024,4750000.0,88000000.0,0.05397727272727273,33.0,0.9512195121951219,17.444871794871794,0.012493569486293819,0.01322848533842875,0.03233629749393695,0.016462115087822443,0.12346586315866832,0.004409495112809583,0.008128735078502506,0.011967304421128689,0.5456708975521305,0.5415094339622641,0.030787650731206706,0.029607457453177114,0.14322285098356238,0.4246575342465753,0.42461964038727523,0.022047475564047916,0.0433600352759609,0.0036745792606746527,F,,,,
Erik Haula,C,2022,2023,3150000.0,83500000.0,0.03772455089820359,32.0,0.975609756097561,16.63104166666667,0.01052249182627867,0.011274098385298576,0.03081586891981611,0.016595472823159502,0.12326347567926442,0.0037580327950995254,0.009507962918944617,0.015203232707392442,0.5687274272360314,0.551238465274405,0.022476119123431355,0.02674658175688331,0.06688045697678788,0.5421002838221382,0.31525851197982346,0.06914780342983126,0.03682872139197535,-0.008267672149218953,F,,,,
Jordan Martinook,LW,2023,2024,3050000.0,88000000.0,0.03465909090909091,31.0,1.0,14.646951219512195,0.011656467257816078,0.00915865284542692,0.026643353732151036,0.014603888264435285,0.12322551101119854,0.005828233628908039,0.011321822813472968,0.01402962543636192,0.5972407116059543,0.6182078169685414,0.0,0.0011342155009451797,0.00734079902307703,0.5052631578947369,0.23399014778325122,0.05078889305191291,0.026643353732151036,0.0,F,,,,
Nils Hoglander,LW,2024,2025,3000000.0,88000000.0,0.03409090909090909,23.0,0.8780487804878049,12.12962962962963,0.00916030534351145,0.011450381679389313,0.02862595419847328,0.012744274809160306,0.09503816793893129,0.0022900763358778627,0.008548574219942602,0.011174207730353545,0.5362828892240656,0.49966865473823724,0.0,0.011370262390670554,0.05236641221374046,0.0,0.3938679245283019,0.08702290076335878,0.014885496183206106,0.0045801526717557245,F,,,,
Nick Foligno,LW,2023,2024,4500000.0,88000000.0,0.05113636363636364,36.0,0.9024390243902439,17.76463963963964,0.012931854199683044,0.006085578446909668,0.028145800316957213,0.016895087163232965,0.11106180665610144,0.009128367670364502,0.007138486640832144,0.011625535386498062,0.44333970681963036,0.4384823848238482,0.03951081843838194,0.04278457196613359,0.134770206022187,0.5241379310344828,0.33112582781456956,0.14605388272583203,0.0357527733755943,-0.004564183835182251,F,,,,
Mikael Backlund,C,2023,2024,4500000.0,88000000.0,0.05113636363636364,34.0,1.0,19.234552845528455,0.00951032398503709,0.012680431980049454,0.024726842361096436,0.012135173404907327,0.1325105141915168,0.0025360863960098906,0.008554807801984716,0.011454887646857533,0.5185072507859244,0.5389918138733305,0.014000700035001751,0.017850892544627232,0.09056998541750322,0.5029088558500323,0.1869070208728653,0.04438151193017309,0.038675317539150836,-0.000634021599002472,F,,,,
Eetu Luostarinen,C,2023,2024,3000000.0,88000000.0,0.03409090909090909,24.0,1.0,15.936585365853658,0.009182736455463728,0.007652280379553107,0.02066115702479339,0.013881236608509337,0.09106213651668198,0.003060912151821243,0.008042760677602588,0.01215462207402691,0.5488576223054086,0.5675675675675675,0.03498542274052478,0.04320699708454811,0.043745536169778595,0.5363128491620112,0.2867557715674362,0.0994796449341904,0.03902662993572085,0.006887052341597796,F,,,,
Jordan Greenway,LW,2021,2022,3000000.0,82500000.0,0.03636363636363636,24.0,0.7560975609756098,14.56236559139785,0.011075832533412095,0.007753082773388467,0.02990474784021266,0.01591597135051318,0.12183415786753304,0.007753082773388467,0.007916437603078615,0.012270478284771855,0.5498676081200353,0.48796992481203005,0.024291497975708502,0.015546558704453442,0.04559551059587979,0.3673469387755102,0.27593360995850624,0.17167540426788747,0.015506165546776933,-0.013290999040094512,F,,,,
Vasily Podkolzin,RW,2024,2026,2950000.0,,,24.0,1.0,13.215650406504066,0.007382230356346411,0.005536672767259808,0.02214669106903923,0.01319573676196921,0.10519678257793635,0.0,0.007910088658910385,0.013288948946969447,0.5830167871584364,0.5691139240506329,0.0,0.0,0.0007997416219375279,0.24561403508771928,0.29174664107485604,0.19470632564863657,0.018455575890866025,-0.0018455575890866018,F,,,,
Morgan Frost,C,2024,2025,4375000.0,88000000.0,0.04971590909090909,26.0,0.9878048780487805,15.755349794238684,0.01097021065416411,0.007835864752974363,0.028992699586005144,0.012584398793276826,0.11283645244283083,0.0015671729505948727,0.010658398333414079,0.012053679569788285,0.5152775971915227,0.503099173553719,0.010069648401443317,0.013543677099941259,0.15563333376865915,0.5121006776379478,0.5164179104477612,0.05406746679552311,0.02742552663541027,0.0,F,,,,
Jason Dickinson,C,2023,2024,4250000.0,88000000.0,0.048295454545454544,29.0,1.0,16.570934959349593,0.016190557960970943,0.0036796722638570327,0.025757705846999226,0.009618663297722284,0.09272774104919722,0.0036796722638570327,0.017749544584053433,0.009818300714652716,0.4716882437557212,0.47074190177638453,0.03305785123966942,0.024297520661157024,0.044524034392670095,0.5,0.1731984829329962,0.10450269229353973,0.03974046044965595,0.0014718689055428138,F,,,,
Calle Jarnkrok,C,2021,2022,2100000.0,82500000.0,0.025454545454545455,30.0,0.8048780487804879,16.03762626262626,0.011336975861688895,0.006613235919318522,0.028342439654222236,0.011072446424916154,0.09541954683588152,0.006613235919318522,0.009820971867007672,0.008482864450127877,0.45962521294718905,0.5049857549857549,0.016615895873719193,0.013375796178343951,0.11371616621266277,0.5117773019271948,0.3564213564213564,0.03590042356201483,0.02550819568880001,0.006613235919318523,F,,,,
Dmitri Voronkov,LW,2024,2025,4175000.0,88000000.0,0.047443181818181815,24.0,0.8902439024390244,16.786986301369865,0.018768615610592027,0.0114243747194908,0.03835325798686197,0.020971887877922396,0.1256681219143988,0.006528214125423313,0.013434196427143476,0.015142258544308859,0.49463860206513105,0.510965935604293,0.055242260329151804,0.05137530210611118,0.11817427611625661,0.4157303370786517,0.42105263157894735,0.05793790036313191,0.008976294422457056,-0.009792321188134969,F,,,,
Stefan Noesen,RW,2023,2024,2750000.0,88000000.0,0.03125,31.0,0.9878048780487805,11.863168724279834,0.014569421559274999,0.014569421559274999,0.038504899835226786,0.017524932789870783,0.11551469950568034,0.006244037811117856,0.013319878910191724,0.01582643794147326,0.5774501042597557,0.6075063613231552,0.024580090126997134,0.028758705448586643,0.1270141358078224,0.42201834862385323,0.4479553903345725,0.12279941028531785,0.023935478275951782,-0.0020813459370392848,F,,,,
Pius Suter,C,2024,2025,4125000.0,88000000.0,0.046875,29.0,0.9878048780487805,17.344032921810697,0.017795283063635932,0.008541735870545249,0.03274332083709012,0.014122336639301477,0.09822996251127035,0.0049826792578180614,0.01707752881832988,0.011261681504087538,0.5090548578982154,0.493918561607615,0.009545020680878142,0.02147629653197582,0.07457409955867698,0.425629290617849,0.2387878787878788,0.0419968680301808,0.01352441512836331,-0.0028472452901817497,F,,,,
Jonathan Drouin,LW,2024,2025,4000000.0,88000000.0,0.045454545454545456,30.0,0.524390243902439,18.182558139534883,0.014069194858348788,0.019185265715930166,0.047323655432627745,0.00924729807507834,0.07162499200613928,0.0012790177143953444,0.01144913313706248,0.008374223094537128,0.482139517486441,0.5844262295081967,0.02364066193853428,0.010953506698187548,0.1623073479567692,0.4090909090909091,0.5202156334231806,0.01790624800153482,0.019185265715930166,-0.001279017714395344,F,,,,
David Perron,LW,2023,2024,4000000.0,88000000.0,0.045454545454545456,36.0,0.926829268292683,15.628947368421052,0.014312173766627379,0.014312173766627379,0.03956895100185216,0.01404276814278498,0.1271257787506314,0.00589324802155245,0.008644131895045832,0.008665742224783446,0.42138541520303496,0.4573780129335685,0.033212082872054405,0.029890874584848962,0.17744289162036259,0.47058823529411764,0.35674157303370785,0.09345007577033171,0.02609866980973228,-0.00926081831958242,F,,,,
Michael Amadio,C,2023,2024,2600000.0,88000000.0,0.029545454545454545,28.0,0.8902439024390244,13.39178082191781,0.014320785597381341,0.0061374795417348605,0.02761865793780687,0.013318330605564647,0.11968085106382978,0.00511456628477905,0.012287985701253003,0.012153934948148426,0.5175154944758825,0.4904735982580294,0.045766590389016024,0.02761250953470633,0.06705196399345335,0.5149253731343284,0.3524590163934426,0.049099836333878884,0.03375613747954173,0.00613747954173486,F,,,,
Will Cuylle,LW,2024,2025,3900000.0,88000000.0,0.04431818181818182,23.0,1.0,15.077439024390243,0.016176649007158168,0.01051482185465281,0.03639746026610588,0.01848182149067821,0.12294253245440208,0.004852994702147451,0.015065913370998116,0.01675141242937853,0.49183694424478897,0.4944631680308137,0.03357582540570789,0.0357582540570789,0.048179452959652744,0.3333333333333333,0.3309143686502177,0.24345856755773043,0.007279492053221176,-0.004852994702147451,F,,,,
Martin Pospisil,C,2024,2026,2500000.0,,,25.0,0.9878048780487805,13.808024691358025,0.0035763780231570477,0.011623228575260405,0.022352362644731547,0.011962984487460325,0.10192677365997585,0.0,0.002940263643640046,0.010359528904425097,0.4682636186770428,0.5438681531749879,0.014988758431176617,0.028328753434923803,0.05965100511124026,0.40804597701149425,0.41390205371248023,0.2691224462425678,0.015199606598417452,0.0026822835173677846,F,,,,
Brandon Tanev,C,2024,2025,2500000.0,88000000.0,0.028409090909090908,33.0,0.9634146341463414,13.226793248945148,0.009570141159582103,0.007656112927665683,0.021054310551080625,0.012623016189488794,0.09474439747986282,0.0038280564638328413,0.009259973763407672,0.012257890269310904,0.48862190812720846,0.4525504151838671,0.0,0.0,0.00459366775659941,0.22580645161290322,0.2150706436420722,0.16077837148097934,0.022011324667038836,0.003828056463832841,F,,,,
Tyson Foerster,C,2024,2025,3750000.0,88000000.0,0.04261363636363636,23.0,0.9878048780487805,16.862551440329216,0.01830339711050371,0.006589222959781336,0.03148184303006638,0.014979500195236238,0.10396329558766108,0.005124951190941039,0.01471783157281494,0.012611341928955803,0.5431841831425598,0.474160895045285,0.033952014486192846,0.02430964237211408,0.10781921124560719,0.0,0.2655440414507772,0.054910191331511135,0.011714174150722375,0.0,F,,,,
Keegan Kolesar,RW,2024,2025,2500000.0,88000000.0,0.028409090909090908,27.0,1.0,13.193902439024392,0.01109159811442832,0.00831869858582124,0.0277289952860708,0.010278214252703576,0.08133838617247434,0.00277289952860708,0.010643787898335698,0.010401883627918978,0.5226449275362319,0.5104645227156712,0.0,0.0,0.0006007948978648674,0.3333333333333333,0.2541528239202658,0.21905906275995932,0.012015897957297347,-0.0009242998428690263,F,,,,
Jake Neighbours,LW,2024,2025,3750000.0,88000000.0,0.04261363636363636,22.0,1.0,15.89471544715447,0.01687936369913813,0.01150865706759418,0.03529321500728882,0.014738753484565614,0.093603744149766,0.006905194240556508,0.013051787628769868,0.011616090989605183,0.462003253544039,0.46984924623115576,0.03262997607135088,0.032368936262780076,0.11756732564384542,0.2777777777777778,0.42482758620689653,0.13273317817958621,0.010741413263087902,0.0015344876090125567,F,,,,
Shane Pinto,C,2023,2024,3750000.0,88000000.0,0.04261363636363636,23.0,0.5,18.109349593495935,0.012121484208399739,0.01346831578711082,0.03636445262519922,0.01983882915441424,0.14815147365821904,0.0026936631574221645,0.0033407572383073497,0.015902004454342984,0.5737349872022052,0.5344551282051282,0.04073319755600815,0.035947046843177184,0.13225886102942827,0.5060483870967742,0.3929471032745592,0.052526431569732204,0.032323957889065974,-0.0026936631574221645,F,,,,
Simon Holmstrom,RW,2024,2025,3625000.0,88000000.0,0.041193181818181816,24.0,0.9146341463414634,16.86488888888889,0.015811943287830074,0.013440151794655564,0.03557687239761767,0.011637590259842937,0.07589732778158437,0.003162388657566015,0.01322258009832175,0.008391252754704188,0.4920825335892514,0.4878665318503539,0.015226494099733538,0.007004187285877427,0.103844937542824,0.2,0.3314121037463977,0.0213461234385706,0.010277763137089549,0.0071153744795235336,F,,,,
Andrew Mangiapane,LW,2024,2025,3600000.0,88000000.0,0.04090909090909091,29.0,0.9878048780487805,13.026337448559673,0.01326846528084918,0.008529727680545902,0.02653693056169836,0.013675996714475263,0.0900360144057623,0.0028432425601819674,0.011835168382168347,0.012233260409568554,0.5446900854469009,0.5275637225844695,0.0,0.02507903055848261,0.08994123965375624,0.4166666666666667,0.30105263157894735,0.07013331648448852,0.010425222720667213,0.005686485120363934,F,,,,
Alexander Kerfoot,C,2022,2023,3500000.0,83500000.0,0.041916167664670656,28.0,1.0,14.61890243902439,0.008342022940563087,0.010010427528675704,0.02669447340980188,0.014022940563086547,0.11094890510948906,0.005005213764337852,0.006145337225380243,0.012853997029753674,0.5338208409506399,0.5245040840140023,0.03655193420651843,0.014803533353639963,0.045644768856447686,0.4482758620689655,0.24535315985130113,0.04504692387904067,0.03753910323253389,0.0016684045881126177,F,,,,
Nicolas Deslauriers,LW,2021,2022,1750000.0,82500000.0,0.021212121212121213,30.0,0.9878048780487805,11.365432098765432,0.008689984792526613,0.00325874429719748,0.014121225287855746,0.010753856180751684,0.0977623289159244,0.00325874429719748,0.0073817383993930565,0.009879226557854373,0.4626941255908171,0.43710910354412785,0.0,0.0,0.0023535375479759577,0.25,0.2860169491525424,0.2856832500543124,0.007603736693460786,-0.005431240495329132,F,,,,
Eeli Tolvanen,RW,2023,2024,3475000.0,88000000.0,0.039488636363636365,25.0,0.9878048780487805,15.642181069958848,0.012628089606819168,0.011049578405966773,0.032359479617474124,0.013062180187053579,0.1207561068652083,0.002367766801278594,0.011507847712815267,0.010261164210593613,0.5203900709219859,0.5068363979255068,0.00536480686695279,0.02145922746781116,0.1471172439194433,0.34285714285714286,0.3950795947901592,0.16574367608950158,0.026045434814064534,-0.005524789202983387,F,,,,
Parker Kelly,C,2024,2026,1700000.0,,,26.0,0.975609756097561,12.74375,0.00784698381559588,0.00784698381559588,0.018636586562040217,0.009985286905345758,0.09710642471799902,0.000980872976949485,0.007069913589945012,0.010027494108405342,0.5428978284086864,0.5290363752393108,0.0,0.0,0.002010789602746444,0.4301994301994302,0.13709677419354838,0.1579205492888671,0.016674840608141245,0.0,F,,,,
Eric Robinson,LW,2024,2025,1700000.0,88000000.0,0.019318181818181818,30.0,1.0,12.261178861788617,0.013924575217571488,0.013924575217571488,0.031827600497306256,0.017485288023207625,0.10940737670949026,0.004973062577704103,0.012816633141677199,0.017174288409847444,0.5556330659225672,0.5933068633011912,0.0,0.0,0.0015748031496062992,0.21212121212121213,0.3699421965317919,0.12233733941152093,0.008951512639867385,0.004973062577704103,F,,,,
Blake Lizotte,C,2024,2026,2250000.0,,,28.0,0.7195121951219512,12.722598870056498,0.01465429193125805,0.007993250144322572,0.026644167147741905,0.009578578089613217,0.06927483458412896,0.003996625072161286,0.0121654501216545,0.008318126520681264,0.43791982665222096,0.4691252144082333,0.2631578947368421,0.10263157894736843,0.005062391758070962,0.5100864553314121,0.12039312039312039,0.07993250144322572,0.013322083573870954,-0.01198987521648386,F,,,,
Jack Quinn,RW,2024,2025,3375000.0,88000000.0,0.03835227272727273,23.0,0.9024390243902439,14.86328828828829,0.01363781007076508,0.01181943539466307,0.03545830618398921,0.011837619141424088,0.11183004258027365,0.0027275620141530158,0.012280440607323608,0.008931229532598988,0.44163039176889585,0.4800923254472014,0.01926576046237825,0.018816226051589426,0.1415756216568424,0.14285714285714285,0.4939759036144578,0.03545830618398921,0.010910248056612063,0.002727562014153015,F,,,,
Mikael Backlund,C,2024,2026,3250000.0,,,36.0,0.926829268292683,18.736842105263158,0.010533707865168539,0.008426966292134831,0.02247191011235955,0.013230337078651686,0.12289325842696629,0.0035112359550561797,0.011236130401535604,0.012631283259726275,0.5214469705454139,0.5289179104477612,0.007592053650512464,0.01685435910413767,0.09249765917602996,0.48415977961432505,0.1932059447983015,0.028792134831460675,0.02457865168539326,-0.006320224719101123,F,,,,
Cole Perfetti,C,2023,2024,3250000.0,88000000.0,0.036931818181818184,22.0,0.8658536585365854,13.58849765258216,0.019693540864097293,0.016584034411871406,0.039387081728194585,0.01593103805690397,0.14821980755610067,0.010365021507419627,0.013795698250454631,0.012842540916786856,0.5362367580292585,0.5380577427821522,0.02604731929672238,0.01927501627957456,0.1591721802822741,0.37623762376237624,0.5311720698254364,0.02694905591929103,0.01865703871335533,-0.0031095064522258884,F,,,,
Yegor Sharangovich,C,2022,2023,3100000.0,83500000.0,0.037125748502994015,25.0,0.9146341463414634,14.418222222222221,0.01202182423476465,0.010172312814031628,0.027742671310995348,0.015952036003822324,0.12114299805801303,0.0036990228414660463,0.009875820698988642,0.014561348963953252,0.5208282283753981,0.5278592375366569,0.0,0.006779661016949152,0.005456058691162418,0.3291139240506329,0.3194444444444444,0.020344625628063256,0.036990228414660466,0.0036990228414660467,F,,,,
Luke Evangelista,RW,2024,2025,3000000.0,88000000.0,0.03409090909090909,23.0,0.8292682926829268,13.87156862745098,0.010601455933281503,0.010601455933281503,0.03392465898650081,0.014820835394727543,0.14205950950597215,0.005300727966640752,0.005978000956480154,0.012242945958871354,0.5313996057448606,0.545280612244898,0.01177856301531213,0.013545347467608949,0.09000636087355997,0.0,0.3826530612244898,0.029684076613188212,0.016962329493250407,0.005300727966640753,F,,,,
Radek Faksa,C,2024,2025,2000000.0,88000000.0,0.022727272727272728,31.0,0.8536585365853658,13.023571428571428,0.005484560960895081,0.007678385345253113,0.01645368288268524,0.0072834969560686665,0.0745900290681731,0.0,0.006241677762982689,0.007814580559254327,0.47611995557201037,0.47577092511013214,0.0,0.02344582593250444,0.010292692736613101,0.5699208443271768,0.14564831261101244,0.12614490210058685,0.01425985849832721,-0.006581473153074096,F,,,,
Nic Dowd,C,2024,2025,3000000.0,88000000.0,0.03409090909090909,34.0,1.0,15.176016260162603,0.011250100447325422,0.004017893016901936,0.021696622291270458,0.01118581415905499,0.06910775989071331,0.0032143144135215493,0.010019036168720569,0.010710349664362288,0.5321607395044293,0.4880382775119617,0.0,0.0,0.0024509147403101814,0.49874476987447697,0.06422018348623854,0.10285806123268958,0.025714515308172394,-0.0016071572067607749,F,,,,
Vladislav Namestnikov,C,2024,2025,3000000.0,88000000.0,0.03409090909090909,32.0,0.9512195121951219,15.09102564102564,0.009345000424772747,0.00764590943845043,0.03228272874012404,0.014637668847166767,0.07985727635714893,0.004247727465805794,0.007045561296383279,0.01205797490438167,0.5232813261823501,0.5229793977812995,0.02096069868995633,0.03636681222707423,0.08106079913912724,0.461441213653603,0.4791318864774624,0.07136182142553735,0.012743182397417382,0.0,F,,,,
Adam Henrique,C,2023,2024,3000000.0,88000000.0,0.03409090909090909,34.0,1.0,16.84918699186992,0.017370744770682043,0.010856715481676276,0.03691283263769934,0.015517865328475959,0.10132934449564525,0.010856715481676276,0.014835816958987207,0.012897270209679545,0.4785197291618025,0.4825362708221386,0.033971237685426335,0.02561431321481146,0.106528504909648,0.5327793167128347,0.29460093896713613,0.07165432217906342,0.021713430963352553,-0.0007237810321117522,F,,,,
Noel Acciari,C,2022,2023,2000000.0,83500000.0,0.023952095808383235,32.0,0.9390243902439024,14.312770562770561,0.012703213610586012,0.004536862003780719,0.020869565217391306,0.01554328922495274,0.09255198487712667,0.008166351606805294,0.010586491636671606,0.014312936692780012,0.5007828810020877,0.45112781954887216,0.0,0.010377358490566039,0.009618147448015122,0.5383386581469649,0.15594541910331383,0.22139886578449908,0.029943289224952742,0.007258979206049149,F,,,,
Mason Appleton,C,2024,2025,2900000.0,88000000.0,0.03295454545454545,29.0,0.8658536585365854,14.831220657276996,0.009496525854291638,0.007597220683433311,0.020892356879441604,0.010332220129469303,0.1025624792263497,0.0018993051708583277,0.008309386144098605,0.008579441193781808,0.5153546185717768,0.4978858350951374,0.0,0.0,0.014387236669251832,0.45454545454545453,0.15765069551777433,0.07217359649261645,0.014244788781437458,0.000949652585429164,F,,,,
Anthony Beauvillier,LW,2024,2025,2750000.0,88000000.0,0.03125,28.0,0.9878048780487805,12.874074074074073,0.014384349827387804,0.0038358266206367474,0.023973916378979672,0.01862293824319141,0.14288454161871883,0.004794783275795934,0.01408190977519237,0.017682855274848704,0.5240845416564267,0.522051282051282,0.0,0.028996282527881043,0.012897967011891063,0.4583333333333333,0.2826855123674912,0.13329497506712698,0.014384349827387804,0.008630609896432682,F,,,,
Kent Johnson,C,2023,2024,1800000.0,88000000.0,0.020454545454545454,21.0,0.5121951219512195,13.541666666666666,0.01054945054945055,0.01054945054945055,0.028131868131868132,0.008281318681318681,0.10901098901098902,0.005274725274725275,0.010672358591248666,0.0067876200640341515,0.4676220806794055,0.4801762114537445,0.0,0.014623172103487063,0.15630769230769231,0.4,0.4511784511784512,0.017582417582417582,0.028131868131868132,0.0017582417582417582,F,,,,
Christian Dvorak,C,2024,2025,5400000.0,88000000.0,0.06136363636363636,29.0,1.0,15.24369918699187,0.00960012800170669,0.012000160002133362,0.026400352004693397,0.012776170348937986,0.08320110934812464,0.0024000320004266724,0.01000383480334128,0.012354735982126481,0.5015063731170335,0.45606060606060606,0.03350083752093802,0.03182579564489112,0.023880318404245388,0.5575471698113208,0.19458762886597938,0.035200469339591194,0.014400192002560035,0.0024000320004266724,F,,,,
Jake Evans,C,2021,2022,1700000.0,82500000.0,0.020606060606060607,25.0,0.8780487804878049,15.595138888888888,0.011577681791868907,0.009796499977735228,0.025827136304938332,0.00989446497751258,0.11043327247628802,0.0017811818141336777,0.011846001974333662,0.009649107062729966,0.48705334023821856,0.4839476813317479,0.0,0.016964285714285716,0.01994923631829719,0.4978401727861771,0.20641562064156208,0.07837199982188182,0.034733045375606716,0.004452954535334194,F,,,,
Alexei Toropchenko,RW,2024,2026,2500000.0,,,26.0,0.975609756097561,12.4925,0.0040024014408645186,0.006003602161296778,0.018010806483890335,0.009645787472483491,0.09005403241945167,0.0,0.004516626832527241,0.01028661761108079,0.46960095906833366,0.461892247043364,0.0,0.006798866855524079,0.005886865452604896,0.4444444444444444,0.13976705490848584,0.22313388032819692,0.006003602161296778,-0.002001200720432259,F,,,,
Cody Glass,C,2024,2025,2500000.0,88000000.0,0.028409090909090908,26.0,0.7926829268292683,13.655641025641026,0.006759674784535367,0.013519349569070733,0.02478547420996301,0.011356253638019415,0.10252173423211972,0.0011266124640892277,0.006649230905625249,0.010984529456092912,0.5573361823361824,0.5531161473087819,0.026212319790301444,0.041939711664482314,0.042980265505004035,0.5137420718816068,0.2804878048780488,0.05971046059672907,0.013519349569070733,0.0,F,,,,
Joel Armia,RW,2024,2025,2500000.0,88000000.0,0.028409090909090908,33.0,0.9878048780487805,14.302057613168724,0.009495309892386488,0.011221729872820394,0.025033089716291652,0.011584278068711516,0.08977383898256315,0.0034528399608678138,0.00584066661474963,0.0094618799158944,0.42742890995260663,0.46129238643634035,0.0,0.009874476987447698,0.05157679691546297,0.21428571428571427,0.14860681114551083,0.07509926914887495,0.016400989814122115,0.0,F,,,,
Drew O'Connor,LW,2024,2025,2500000.0,88000000.0,0.028409090909090908,26.0,1.024390243902439,14.462499999999999,0.00823146890562621,0.005762028233938347,0.020578672264065526,0.01735193645306005,0.09630818619582665,0.001646293781125242,0.006631823277699705,0.015755317301163727,0.4934530894924792,0.519669742593492,0.06322444678609063,0.09736564805057957,0.01301943998573212,0.41739130434782606,0.26868327402135234,0.06832119191669754,0.029633288060254354,0.0008231468905626205,F,,,,
Jason Zucker,LW,2023,2024,5000000.0,88000000.0,0.056818181818181816,32.0,0.8414634146341463,13.823913043478262,0.01467736017193479,0.011532211563663049,0.033548251821565234,0.01952088902867327,0.15725743041358703,0.006290297216543481,0.010940919037199124,0.016472161439338683,0.5170603674540682,0.48180135718692163,0.04604051565377532,0.038674033149171276,0.11385437961943702,0.3939393939393939,0.38477366255144035,0.10274152120354353,0.027257954605021752,-0.003145148608271739,F,,,,
Garnet Hathaway,RW,2024,2025,2400000.0,88000000.0,0.02727272727272727,32.0,0.8170731707317073,11.863681592039802,0.012580726327266627,0.006290363163633314,0.026419525287259917,0.0109703933573765,0.10064581061813302,0.0012580726327266628,0.011630724497213472,0.012125030288345044,0.5301999587713874,0.45271317829457364,0.0,0.0,0.005829069864966871,0.3684210526315789,0.12890625,0.3233246666107523,0.010064581061813302,0.0100645810618133,F,,,,
Garnet Hathaway,RW,2022,2023,2375000.0,83500000.0,0.02844311377245509,31.0,1.024390243902439,11.795238095238094,0.013120710536939847,0.004037141703673799,0.022204279370205898,0.011687525232135648,0.08881711748082358,0.004037141703673799,0.015212388344970159,0.011877364746265164,0.5113488506577997,0.4906015037593985,0.0,0.0,0.0007569640694388373,0.23076923076923078,0.09739368998628258,0.27048849414614456,0.012111425111021397,0.00706499798142915,F,,,,
Mark Kastelic,C,2024,2025,1566667.0,88000000.0,0.01780303409090909,25.0,0.7439024390243902,10.73606557377049,0.007634753397465262,0.009161704076958314,0.021377309512902735,0.009512902733241718,0.10230569552603451,0.0,0.007979147827012076,0.009942018192457047,0.44134727061556334,0.4358264081255771,0.0,0.0,0.008627271339135746,0.5437158469945356,0.11060948081264109,0.33287524812948543,0.01832340815391663,-0.007634753397465263,F,,,,
Alexis Lafrenière,LW,2022,2023,2325000.0,83500000.0,0.02784431137724551,21.0,0.9878048780487805,15.21954732510288,0.01297876079873457,0.008111725499209107,0.03163572944691551,0.013230224289210052,0.10950829423932294,0.004055862749604553,0.010994212768556551,0.010013895463360258,0.4714681440443213,0.5158486707566462,0.027506112469437655,0.03704156479217604,0.08847188611137399,0.3684210526315789,0.4109014675052411,0.11437532953884841,0.02595752159746914,0.0,F,,,,
Connor Dewar,C,2024,2026,2250000.0,,,26.0,0.5853658536585366,11.557638888888889,0.00721023853872499,0.0018025596346812475,0.018025596346812476,0.013140659736826293,0.09914077990746861,0.005407678904043743,0.0063257775434897206,0.013558249868212966,0.4587046939988117,0.45476477683956573,0.0,0.0,0.0018025596346812475,0.4274193548387097,0.13087248322147652,0.2325301928738809,0.010815357808087485,0.010815357808087487,F,,,,
Maxim Tsyplakov,RW,2024,2025,2250000.0,88000000.0,0.02556818181818182,26.0,0.9390243902439024,14.967099567099568,0.00867704055070284,0.012147856770983977,0.03036964192745994,0.01414357609764563,0.10065367038815294,0.003470816220281136,0.007888768366038853,0.014091312493836898,0.5364618501012829,0.5174476570289133,0.008676789587852495,0.009023861171366594,0.10000289234685024,0.43478260869565216,0.38095238095238093,0.12147856770983977,0.024295713541967953,-0.00867704055070284,F,,,,
Cole Sillinger,C,2023,2024,2250000.0,88000000.0,0.02556818181818182,21.0,0.9390243902439024,16.11948051948052,0.010473735095069287,0.009668063164679342,0.025781501772478243,0.014735739606832096,0.1264904930712214,0.0016113438607798904,0.010002167136212846,0.012982812942804275,0.42813852813852815,0.4779447406689287,0.016533480297602644,0.04612841003031138,0.04872972392308519,0.46296296296296297,0.28194993412384717,0.09587495971640347,0.0249758298420883,-0.00644537544311956,F,,,,
Danton Heinen,C,2023,2024,2250000.0,88000000.0,0.02556818181818182,28.0,0.9024390243902439,14.465315315315316,0.01588141874007411,0.010276212125930308,0.033631239684862826,0.015162083891258992,0.11116993118051878,0.008407809921215707,0.014758332308449145,0.014747790642514538,0.4882967230824631,0.4809843400447427,0.07281553398058253,0.019660194174757284,0.012829695139040264,0.3870967741935484,0.26492537313432835,0.07753869149565595,0.030828636377790923,-0.01027621212593031,F,,,,
Mattias Janmark,C,2023,2024,1450000.0,88000000.0,0.016477272727272726,31.0,0.8658536585365854,11.89530516431925,0.004736156608911868,0.004736156608911868,0.014208469826735605,0.010869479417452737,0.07933062319927378,0.001184039152227967,0.005626538506622905,0.011224944320712697,0.5452875252618041,0.5093268450932684,0.0,0.1148936170212766,0.001854994671823815,0.4266666666666667,0.2209026128266033,0.06393811422031022,0.017760587283419504,-0.0023680783044559336,F,,,,
Andrei Kuzmenko,LW,2024,2025,4300000.0,88000000.0,0.048863636363636366,29.0,0.8048780487804879,15.630050505050503,0.010663219969302853,0.014540754503594799,0.0358671944422005,0.011050973422732048,0.08045884158655789,0.00290815090071896,0.008443738565770692,0.008757363141070746,0.523448171194415,0.5162650602409639,0.01742160278745645,0.01957026713124274,0.16692786170126828,1.0,0.4968421052631579,0.018418289037886747,0.021326439938605706,0.008724452702156878,F,,,,
Sam Steel,C,2024,2025,2100000.0,88000000.0,0.023863636363636365,27.0,0.9634146341463414,14.140295358649787,0.0053711301753077215,0.008056695262961582,0.02237970906378217,0.007698619917941067,0.07967176426706453,0.0,0.005401998739533627,0.008329882056360854,0.5047163170491342,0.5178571428571429,0.0,0.003238866396761134,0.011055576277508392,0.535,0.19864176570458403,0.053711301753077215,0.01163744871316673,0.006266318537859009,F,,,,
Connor McMichael,C,2023,2024,2100000.0,88000000.0,0.023863636363636365,23.0,0.975609756097561,15.986666666666668,0.014074228523769808,0.007819015846538782,0.02580275229357798,0.016185362802335276,0.10555671392827355,0.005473311092577147,0.012521270106270266,0.014669149516807397,0.48230742974172264,0.4694501018329939,0.021945866861741038,0.026554498902706655,0.07125729774812344,0.4243119266055046,0.30726256983240224,0.03518557130942452,0.03049416180150125,-0.001563803169307756,F,,,,
Yegor Chinakhov,RW,2023,2024,2100000.0,88000000.0,0.023863636363636365,23.0,0.6463414634146342,15.16761006289308,0.01990338564882964,0.011195654427466672,0.036074886488503724,0.013521862625173636,0.13683577633570376,0.002487923206103705,0.022614201718679332,0.011638775817880295,0.46497950454464443,0.4892353377876763,0.010289830217801405,0.021917338363916992,0.12089233512325587,0.07142857142857142,0.33675564681724846,0.053490348931229656,0.03483092488545187,0.012439616030518524,F,,,,
Keegan Kolesar,RW,2021,2022,1400000.0,82500000.0,0.01696969696969697,24.0,0.9390243902439024,12.6504329004329,0.007186243476773034,0.012319274531610917,0.024638549063221833,0.013017366755068868,0.09650098383095217,0.0010266062109675763,0.005658028742786013,0.011248161140658594,0.5049530425833012,0.5049751243781094,0.028694404591104734,0.02582496413199426,0.035777226452220035,0.40425531914893614,0.36203522504892366,0.25254512789802375,0.03387800496193002,-0.001026606210967576,F,,,,
Ryan Reaves,RW,2022,2023,1350000.0,83500000.0,0.016167664670658683,36.0,0.8902439024390244,9.320776255707763,0.007348438456827924,0.007348438456827924,0.02204531537048377,0.009846907532149419,0.07054500918554807,0.001469687691365585,0.007429052548165024,0.00931603189539894,0.4558055443953395,0.4519309778142975,0.0,0.0,0.0024004898958971217,0.26666666666666666,0.23178807947019867,0.2880587875076546,0.022045315370483775,0.0029393753827311707,F,,,,
Steven Lorentz,C,2024,2025,1350000.0,88000000.0,0.01534090909090909,29.0,0.975609756097561,10.552916666666667,0.009476053223832274,0.005922533264895171,0.02250562640660165,0.009973546018083469,0.0900225056264066,0.0023690133059580685,0.008083892843509308,0.010091392899647453,0.48458417849898583,0.46177847113884557,0.0,0.0,0.0027638488569510797,0.36363636363636365,0.09263657957244656,0.2357168239428278,0.01421407983574841,0.004738026611916137,F,,,,
Adam Gaudette,C,2024,2025,2000000.0,88000000.0,0.022727272727272728,28.0,0.9878048780487805,10.422427983539094,0.02250607071644325,0.004738120150830158,0.030797780980396025,0.014036680946834343,0.10660770339367856,0.007107180226245237,0.02226654914876838,0.011606438743795518,0.5152560842717036,0.5091174325309993,0.027124773960217,0.0283001808318264,0.13100902217045388,0.5028571428571429,0.473568281938326,0.08054804256411269,0.009476240301660315,-0.0035535901131226186,F,,,,
Nico Sturm,C,2024,2025,2000000.0,88000000.0,0.022727272727272728,30.0,0.7560975609756098,10.412903225806453,0.01084262701363073,0.007744733581164807,0.021685254027261458,0.010579306071871127,0.09138785625774473,0.003097893432465923,0.010645533311647987,0.011852027086968092,0.4746580852775543,0.4809358752166378,0.0,0.0,0.00431123502684841,0.5876777251184834,0.18598382749326145,0.16573729863692688,0.01084262701363073,0.0015489467162329608,F,,,,
Kevin Stenlund,C,2023,2024,2000000.0,88000000.0,0.022727272727272728,27.0,0.9878048780487805,12.604115226337449,0.010774454747290062,0.002938487658351835,0.014692438291759176,0.008541204126942668,0.07933916677549954,0.003917983544469114,0.008948545861297539,0.007823585810162991,0.43130933190041193,0.4881889763779528,0.0,0.0,0.01199882460493666,0.5137724550898204,0.2158154859967051,0.0812981585477341,0.03526185190022202,-0.01763092595011101,F,,,,
Ryan Lomberg,LW,2023,2024,2000000.0,88000000.0,0.022727272727272728,29.0,0.9146341463414634,9.540222222222223,0.006987957420046121,0.002795182968018448,0.00978314038806457,0.009853019962265029,0.09503622091262724,0.001397591484009224,0.0058470983774302,0.008872971787750329,0.4535977105478332,0.4987633965375103,0.18808777429467086,0.1730407523510972,0.007430528056649042,0.29411764705882354,0.2663316582914573,0.2501688756376511,0.01956628077612914,-0.004192774452027672,F,,,,
Sam Lafferty,C,2023,2024,2000000.0,88000000.0,0.022727272727272728,29.0,0.9634146341463414,11.879324894514768,0.013852383320309724,0.004262271790864531,0.025573630745187183,0.012126163245009591,0.08311429992185834,0.005327839738580664,0.013958898797983715,0.012155874369910818,0.47024539877300614,0.4845901639344262,0.0,0.009128145114101814,0.030350927044114514,0.42134831460674155,0.29411764705882354,0.20458904596149746,0.018114655111174254,0.002131135895432266,F,,,,
Vladislav Namestnikov,C,2022,2023,2000000.0,83500000.0,0.023952095808383235,30.0,0.9390243902439024,12.624242424242425,0.008229888210685137,0.008229888210685137,0.025718400658391052,0.01497839654344695,0.11110349084424936,0.0030862080790069264,0.008434751174840343,0.014061935172912399,0.5465942331801087,0.5311036789297658,0.0,0.01033081834010447,0.08862560866881558,0.375609756097561,0.3659491193737769,0.11110349084424936,0.03497702489541184,0.0,F,,,,
Klim Kostin,RW,2022,2023,2000000.0,83500000.0,0.023952095808383235,24.0,0.6951219512195121,10.059356725146198,0.019184373455803275,0.012208237653692992,0.03662471296107898,0.010969973548818417,0.09766590122954394,0.0017440339505275704,0.019502393475562912,0.011151823178299155,0.48490435584235997,0.4916142557651992,0.0,0.0,0.005406505246635468,0.4,0.31343283582089554,0.27381333023282856,0.020928407406330844,0.0034880679010551377,F,,,,
Ryan Poehling,C,2023,2024,1900000.0,88000000.0,0.02159090909090909,25.0,0.9390243902439024,14.995670995670997,0.009526558891454965,0.01125866050808314,0.024249422632794455,0.010314665127020785,0.09613163972286373,0.002598152424942263,0.007337654396477926,0.010136445430563077,0.5414732086836491,0.5023376623376623,0.029985007496251874,0.03508245877061469,0.028882794457274825,0.4914712153518124,0.22585669781931464,0.05369515011547344,0.01991916859122402,0.008660508083140877,F,,,,
Brett Howden,C,2022,2023,1900000.0,83500000.0,0.022754491017964073,25.0,0.6585365853658537,13.05895061728395,0.008508425704899436,0.0056722838032662905,0.018434922360615443,0.011174399092434593,0.07515776039327834,0.0028361419016331452,0.007594936708860759,0.010891139240506328,0.4603204883632201,0.4242914979757085,0.0,0.0,0.001347167403275744,0.5154185022026432,0.20388349514563106,0.15173359173737327,0.03403370281959774,-0.008508425704899434,F,,,,
Mark Jankowski,C,2024,2026,1850000.0,,,31.0,0.7317073170731707,12.568055555555556,0.015913360592330644,0.005304453530776881,0.022543927505801746,0.01444137473754006,0.08752348325781854,0.0026522267653884407,0.01766028042384673,0.014385101145242428,0.5818673883626522,0.5627668659265584,0.0,0.024,0.01823405901204553,0.5057736720554272,0.2329059829059829,0.03580506133274395,0.007956680296165322,-0.005304453530776881,F,,,,
Morgan Barron,C,2024,2025,1850000.0,88000000.0,0.021022727272727273,26.0,0.9024390243902439,10.375225225225226,0.010419832414362002,0.006512395258976252,0.019537185776928756,0.015955368384491818,0.12113055181695828,0.005209916207181001,0.008954778369235361,0.013476941445699218,0.5421407501053519,0.5098039215686274,0.0,0.0,0.004645508618069726,0.5214723926380368,0.14537444933920704,0.15890244431902054,0.029957018191290756,0.005209916207181002,F,,,,
Sean Kuraly,C,2024,2025,1850000.0,88000000.0,0.021022727272727273,32.0,1.0,11.764024390243902,0.0062198724926139015,0.009329808738920852,0.017622972062406053,0.010656714870678484,0.09122479655833722,0.0020732908308713003,0.005717770831745063,0.00981169474727453,0.4749689697972694,0.48608745031232253,0.0,0.00676056338028169,0.006133485374660931,0.5429553264604811,0.19419642857142858,0.168973202716011,0.017622972062406053,-0.0041465816617426,F,,,,
Blake Lizotte,C,2023,2024,1850000.0,88000000.0,0.021022727272727273,26.0,0.7560975609756098,11.820967741935483,0.009551098376313277,0.008186655751125666,0.020466639377814164,0.01076545231273025,0.10369763951425842,0.0027288852503752218,0.006516072980017376,0.011061033883579496,0.5197536108751062,0.5320566194837635,0.0,0.005357142857142857,0.007640878701050621,0.4684931506849315,0.23980815347721823,0.0873243280120071,0.01500886887706372,0.006822213125938056,F,,,,
Brandon Duhaime,RW,2023,2024,1850000.0,88000000.0,0.021022727272727273,27.0,0.975609756097561,10.859791666666666,0.005755174861396205,0.008057244805954688,0.014963454639630135,0.011763577416693845,0.10589521744969019,0.001151034972279241,0.005658375574678769,0.011627961805964872,0.4513901508268217,0.47091800981079185,0.0,0.011162790697674419,0.004124541984000614,0.4,0.19162995594713655,0.23941527423408215,0.027624839334701785,0.004604139889116964,F,,,,
Pavel Dorofeyev,LW,2023,2024,1835000.0,88000000.0,0.020852272727272726,23.0,0.573170731707317,13.27659574468085,0.020833333333333332,0.011217948717948718,0.03846153846153846,0.017564102564102565,0.15544871794871795,0.004807692307692308,0.022673100401139467,0.016603685832219058,0.5473411154345006,0.5124677558039553,0.0,0.0239638281838734,0.07088675213675213,0.5,0.3887240356083086,0.028846153846153848,0.030448717948717948,-0.0016025641025641038,F,,,,
Justin Danforth,RW,2024,2025,1800000.0,88000000.0,0.020454545454545454,32.0,0.7439024390243902,14.384426229508197,0.010256994700552738,0.007977662544874352,0.023932987634623055,0.014952418941250212,0.10712861131688414,0.004558664311356772,0.009619568951696023,0.015308856874556243,0.5007012622720898,0.4779202279202279,0.0,0.0044609665427509295,0.02554751457822858,0.4947049924357035,0.21699819168173598,0.14359792580773834,0.009117328622713545,-0.006837996467035158,F,,,,
Carl Grundstrom,RW,2023,2024,1800000.0,88000000.0,0.020454545454545454,26.0,0.6097560975609756,10.937000000000001,0.014629240193837432,0.003657310048459358,0.021943860290756147,0.017390509280424248,0.1737222273018195,0.001828655024229679,0.01148105625717566,0.015403750478377345,0.5613807982740022,0.5536044362292052,0.1694915254237288,0.12372881355932203,0.010789064642955107,0.2,0.3447098976109215,0.21029532778641308,0.01828655024229679,-0.0018286550242296792,F,,,,
Theodor Blueger,C,2023,2024,1800000.0,88000000.0,0.020454545454545454,29.0,0.8292682926829268,14.935294117647059,0.005907837731390311,0.012800315084679006,0.027569909413154785,0.012445844820795589,0.09551004332414337,0.0019692792437967705,0.004807692307692308,0.012415865384615385,0.5820527689185272,0.5243101182654402,0.0,0.061318681318681324,0.014933700932125508,0.5313700384122919,0.17258064516129032,0.09551004332414337,0.0265852697912564,-0.002953918865695156,F,,,,
Michael Carcone,RW,2024,2026,1750000.0,,,29.0,0.6463414634146342,11.43301886792453,0.011552108259757405,0.004950903539896031,0.03135572241934153,0.012228731743543195,0.12377258849740076,0.003300602359930687,0.0124773476723805,0.012495172454769615,0.5278391959798995,0.5381205673758865,0.0,0.009947643979057591,0.06304150507467612,0.5,0.36151603498542273,0.0792144566383365,0.009901807079792062,-0.0016503011799653446,F,,,,
Nick Bjugstad,C,2024,2025,1750000.0,88000000.0,0.019886363636363636,32.0,0.8048780487804879,12.31641414141414,0.009841510671888135,0.009841510671888135,0.02337358784573432,0.014786869784511922,0.14147171590839194,0.0049207553359440675,0.007931262392597489,0.013536021150033047,0.5119878603945371,0.5128726287262872,0.0226928895612708,0.02428139183055976,0.054210321284317145,0.47368421052631576,0.2862669245647969,0.12793963873454575,0.014762266007832203,0.0012301888339860175,F,,,,
Jack Drury,C,2023,2024,1725000.0,88000000.0,0.01960227272727273,24.0,0.9024390243902439,12.279054054054054,0.008804270070984428,0.011005337588730535,0.029714411489572445,0.012656138227040115,0.11665657844054367,0.004402135035492214,0.007542900245144257,0.01179206738324219,0.5871463499825358,0.608957219251337,0.029534826482894412,0.023627861186315532,0.07452447770502027,0.552710843373494,0.4083333333333333,0.0330160127661916,0.024211742695207174,0.0011005337588730537,F,,,,
Kurtis Macdermid,F,2023,2024,1150000.0,88000000.0,0.013068181818181817,30.0,0.5487804878048781,4.832962962962963,0.009196106981377884,0.004598053490688942,0.013794160472066826,0.006851099701126523,0.07356885585102307,0.0,0.009249267766301835,0.006890704485894867,0.3793103448275862,0.39067055393586003,0.0,0.0,0.0013794160472066824,1.0,0.21951219512195122,0.3816384397271822,0.013794160472066826,-0.05057858839757837,F,,,,
Ty Dellandrea,C,2024,2026,1625000.0,,,25.0,0.8292682926829268,11.804411764705883,0.001245795440388688,0.0037373863211660643,0.009966363523109504,0.009542793073377352,0.062289772019434406,0.001245795440388688,0.0013963555121133842,0.0091600921594638,0.3947226709746904,0.4182621502209131,0.0,0.0,0.0028445662555541713,0.4988066825775656,0.2033096926713948,0.20306465678335617,0.011212158963498193,-0.012457954403886883,F,,,,
Gustav Nyquist,RW,2024,2025,3250000.0,88000000.0,0.036931818181818184,35.0,0.9634146341463414,16.853586497890298,0.008261773026562851,0.00600856220113662,0.021029967703978168,0.012400170242595699,0.07736023833963397,0.004506421650852465,0.0029285435376805932,0.00784849668098399,0.514259429622815,0.5206084396467124,0.016,0.0216,0.09388378439275968,0.36666666666666664,0.337295690936107,0.033047092106251404,0.01427033522769947,0.004506421650852464,F,,,,
Logan O'Connor,C,2021,2022,1050000.0,82500000.0,0.012727272727272728,25.0,0.9878048780487805,13.871399176954732,0.0071200771341689536,0.01068011570125343,0.02136023140250686,0.01088481791886079,0.11303122450493215,0.0008900096417711192,0.007506568247216314,0.010755839931368518,0.5020237062734894,0.49219237976264835,0.0,0.0,0.0020321886820440557,0.22727272727272727,0.1949286846275753,0.08900096417711192,0.033820366387302535,0.007120077134168954,F,,,,
Pontus Holmberg,RW,2024,2025,1550000.0,88000000.0,0.017613636363636363,26.0,0.8292682926829268,12.662254901960784,0.00812976655956022,0.005806976113971585,0.022066509233092023,0.012032054508149122,0.08013627037280786,0.005806976113971585,0.0025484741011319472,0.009301930469131607,0.5064226640858702,0.47139141742522755,0.0,0.013740458015267175,0.007607138709302776,0.48771929824561405,0.2695214105793451,0.05342418024853858,0.010452557005148853,0.018582323564709076,F,,,,
Taylor Raddysh,RW,2024,2025,1500000.0,88000000.0,0.017045454545454544,27.0,0.975609756097561,12.360833333333334,0.0070788107597923545,0.008090069439762692,0.027303984359199084,0.012640733499629206,0.09404705723724129,0.0010112586799703365,0.007470916788217296,0.01284997687573375,0.5597286164283983,0.5143646408839779,0.0,0.01036144578313253,0.04196723521876896,0.3103448275862069,0.2018018018018018,0.05966426211824985,0.0111238454796737,0.0020225173599406725,F,,,,
Justin Brazeau,RW,2024,2025,1500000.0,88000000.0,0.017045454545454544,27.0,0.926829268292683,11.864692982456141,0.012198953847291277,0.008871966434393657,0.024397907694582555,0.01415078646285788,0.09870062658262943,0.004435983217196828,0.007478654673120469,0.011866132081351144,0.46920644481252827,0.4789097988319273,0.04557538928978352,0.03110520319027725,0.0973328650906604,0.23076923076923078,0.3169642857142857,0.13640648392880247,0.015525941260188898,0.004435983217196828,F,,,,
Patrick Kane,RW,2024,2025,3000000.0,88000000.0,0.03409090909090909,36.0,0.8780487804878049,17.97939814814815,0.016222270860424097,0.013132314506057603,0.0455768562269058,0.014630943337925353,0.13518559050353413,0.0038624454429581185,0.007802594362625573,0.009216814590851458,0.4695642772191588,0.47909319899244335,0.05436125525080306,0.03019520632567334,0.15631316707651505,0.38461538461538464,0.47303543913713403,0.014677292683240849,0.010042358151691107,0.002317467265774871,F,,,,
Alexander Kerfoot,C,2024,2025,3000000.0,88000000.0,0.03409090909090909,30.0,0.9878048780487805,15.253497942386831,0.008903037824421303,0.009712404899368693,0.02266227809852695,0.013136027626396159,0.08174607456968651,0.004046835374736955,0.009263230122652028,0.013380221288275151,0.5442059095106186,0.5418410041841004,0.0,0.0007523510971786835,0.02151567474235148,0.5242914979757085,0.22815533980582525,0.04775265742189608,0.024281012248421736,0.00728430367452652,F,,,,
Jesper Boqvist,C,2024,2025,1500000.0,88000000.0,0.017045454545454544,26.0,0.9512195121951219,13.245940170940171,0.011614589214563403,0.005807294607281702,0.022261295994579856,0.010201480860124856,0.08420577180558468,0.0019357648690939006,0.010893048419600225,0.010402861240718216,0.4943276148312119,0.5141010575793185,0.0,0.0,0.008001161458921456,0.4226190476190476,0.3527397260273973,0.1848655449984675,0.017421883821845105,0.002903647303640851,F,,,,
Bobby Brink,RW,2023,2024,1500000.0,88000000.0,0.017045454545454544,22.0,0.6951219512195121,13.792982456140352,0.013991350801322818,0.011447468837445941,0.029254642584584076,0.011968964640040701,0.10302721953701348,0.003815822945815314,0.010820001545714506,0.009567972795424685,0.47233546884100175,0.478476821192053,0.016513003990642632,0.01461400853171873,0.15405325192911049,0.5714285714285714,0.4587628865979381,0.045789875349783765,0.012719409819384379,0.011447468837445941,F,,,,
Kiefer Sherwood,LW,2023,2024,1500000.0,88000000.0,0.017045454545454544,29.0,0.8292682926829268,12.16985294117647,0.012083862002295935,0.013292248202525527,0.032626427406199025,0.011600507522204097,0.13292248202525528,0.0,0.012931591878960301,0.011263416526574423,0.5238458022245925,0.5229846768820786,0.0,0.0048,0.027692183755261515,0.4838709677419355,0.24644549763033174,0.28276237085372485,0.04229351700803577,0.0012083862002295956,F,,,,
Sam Carrick,C,2023,2024,1000000.0,88000000.0,0.011363636363636364,32.0,0.9390243902439024,12.222294372294373,0.010625675173109958,0.004250270069243983,0.017001080276975934,0.011730745391113392,0.09775621159261161,0.005312837586554979,0.008567960587381298,0.009210557631434897,0.4519495864513588,0.460822342901474,0.025284450063211127,0.029582806573957017,0.042024545309649886,0.5337579617834395,0.19864176570458403,0.1774487753909363,0.0255016204154639,0.0,F,,,,
Liam O'Brien,C,2023,2024,1000000.0,88000000.0,0.011363636363636364,29.0,0.9146341463414634,9.729333333333335,0.006852131012744963,0.009592983417842949,0.019185966835685898,0.011717144031793887,0.09867068658352747,0.0027408524050979853,0.007071302298173246,0.009942251031231584,0.47928331466965285,0.4360333080999243,0.0,0.0,0.0015303092595130418,0.21428571428571427,0.2714285714285714,0.3138276003837193,0.012333835822940934,-0.01507468822803892,F,,,,
Oskar Sundqvist,C,2023,2024,1500000.0,88000000.0,0.017045454545454544,29.0,0.8658536585365854,13.249765258215962,0.006378002976401389,0.01169300545673588,0.02232301041740486,0.01106583516405641,0.07228403373254907,0.004252001984267593,0.0013566986998304125,0.00946975692481628,0.38080808080808076,0.3941818181818182,0.03761755485893417,0.025454545454545452,0.08477428956133513,0.41935483870967744,0.2283464566929134,0.08716604067748565,0.02763801289773935,0.007441003472468285,F,,,,
Cole Koepke,LW,2024,2026,1450000.0,,,27.0,0.8902439024390244,11.246118721461187,0.012180762515733485,0.0060903812578667425,0.020707296276746927,0.013922611555483373,0.10353648138373461,0.0012180762515733485,0.011891130097771515,0.012578173170087201,0.4891244745019192,0.44537815126050423,0.0,0.011881188118811881,0.004100856713630273,0.0,0.1714922048997773,0.21559949652848268,0.009744610012586788,0.003654228754720045,F,,,,
Michael Eyssimont,C,2024,2025,1450000.0,88000000.0,0.016477272727272726,28.0,0.9390243902439024,10.613852813852814,0.011012317481034341,0.003670772493678114,0.019577453299616607,0.017705359327840772,0.1737498980340974,0.001223590831226038,0.01112049259663502,0.017866924771926935,0.5391690453536314,0.5242914979757085,0.0,0.0,0.004282567909291133,0.3333333333333333,0.2733812949640288,0.1345949914348642,0.014683089974712456,-0.00734154498735623,F,,,,
Peyton Krebs,C,2023,2024,1450000.0,88000000.0,0.016477272727272726,23.0,0.975609756097561,12.505625,0.0039982008096356636,0.00499775101204458,0.01699235344095157,0.0071068019391273924,0.07396671497825978,0.0,0.004405043775122516,0.007697813997026596,0.4710372086683931,0.5191846522781774,0.0,0.001429138547042477,0.04196444933113432,0.46254071661237783,0.3333333333333333,0.10795142186016292,0.012994152631315908,-0.007996401619271325,F,,,,
Beck Malenstyn,LW,2023,2024,1350000.0,88000000.0,0.01534090909090909,26.0,0.9878048780487805,14.243621399176956,0.005200508494163873,0.010401016988327747,0.01820177972957356,0.009525598058476829,0.08494163873800993,0.0026002542470819367,0.006531797151410687,0.010690374671142156,0.40260844910688975,0.4083044982698962,0.0,0.0125,0.0020802033976655494,0.45098039215686275,0.049689440993788817,0.20888709118224894,0.02600254247081937,0.006934011325551831,F,,,,
Bobby McMann,C,2023,2024,1350000.0,88000000.0,0.01534090909090909,27.0,0.6829268292682927,11.559226190476192,0.023172584258091093,0.004634516851618219,0.03707613481294575,0.016823296171374135,0.18229099616364994,0.004634516851618219,0.020561441585515608,0.014187394694005767,0.47687434002111934,0.5094991364421416,0.03669724770642202,0.011009174311926604,0.04209686140219882,0.6,0.24169184290030213,0.18074615721311052,0.03244161796132753,-0.0061793558021576225,F,,,,
Isac Lundestrom,C,2024,2025,1300000.0,88000000.0,0.014772727272727272,25.0,0.9634146341463414,13.547257383966246,0.0037375027252624037,0.005606254087893605,0.014015635219734014,0.00805431837294048,0.05606254087893606,0.0009343756813156009,0.003597841295222866,0.00780731561063362,0.40578498578832967,0.42105263157894735,0.0,0.0034883720930232558,0.0026785436197713894,0.4722222222222222,0.13494318181818182,0.04485003270314884,0.014015635219734014,0.0028031270439468027,F,,,,
Ty Dellandrea,C,2023,2024,1300000.0,88000000.0,0.014772727272727272,23.0,0.5121951219512195,12.671428571428573,0.003757985719654265,0.00751597143930853,0.016910935738444193,0.010428410372040585,0.09958662157083802,0.0,0.00444609114486847,0.010248240088921824,0.5398826979472141,0.5216867469879518,0.0,0.0,0.003757985719654265,0.41517857142857145,0.17627118644067796,0.11837655016910935,0.018789928598271326,-0.0018789928598271326,F,,,,
Zemgus Girgensons,C,2023,2024,850000.0,88000000.0,0.009659090909090909,30.0,0.7682926829268293,11.84973544973545,0.010716199321307377,0.004018574745490266,0.01875334881228791,0.010876942311126986,0.09778531880692981,0.0013395249151634222,0.011909783390814579,0.010927226261072375,0.4674642015588182,0.49756888168557534,0.0,0.20152671755725193,0.0029246293981068047,0.47715736040609136,0.26963906581740976,0.18887301303804252,0.012055724236470798,0.0013395249151634224,F,,,,
Alexei Toropchenko,RW,2022,2023,1250000.0,83500000.0,0.014970059880239521,24.0,0.8414634146341463,12.076328502415459,0.012000960076806145,0.006000480038403072,0.022801824145931675,0.010740859268741498,0.10320825666053285,0.004800384030722458,0.010752206442363695,0.010026432507504145,0.4550682961897915,0.43882544861337686,0.0,0.03596730245231608,0.007340587246979759,0.25,0.1827956989247312,0.14641171293703498,0.02160172813825106,0.004800384030722458,F,,,,
Fyodor Svechkov,C,2024,2026,1250000.0,,,22.0,0.6341463414634146,12.884935897435897,0.011940001492500187,0.007462500932812617,0.025372503171562897,0.01362652670331584,0.0955200119400015,0.0014925001865625234,0.008702715247157114,0.010112555117196565,0.4548141891891892,0.5004651162790698,0.0380952380952381,0.052,0.07835625979453248,0.36716417910447763,0.4302788844621514,0.04776000597000075,0.00895500111937514,0.0014925001865625231,F,,,,
Tye Kartye,LW,2024,2025,1250000.0,88000000.0,0.014204545454545454,24.0,0.7682926829268293,9.68095238095238,0.009837678307919331,0.004918839153959666,0.02131496966715855,0.009050664043285785,0.09181833087391376,0.0,0.008671272075613492,0.009156863311847849,0.5102040816326531,0.481981981981982,0.0,0.0,0.00568399191124228,0.2,0.2857142857142857,0.2869322839809805,0.006558452205279554,0.0032792261026397818,F,,,,
Gage Goncalves,C,2024,2025,1200000.0,88000000.0,0.013636363636363636,24.0,0.7317073170731707,12.793611111111112,0.01042186855418286,0.01042186855418286,0.02605467138545715,0.010122239833250102,0.07946674772564431,0.0013027335692728575,0.00958291503148672,0.008706762800036506,0.4926355917518627,0.49423520368946966,0.03715170278637771,0.049040247678018574,0.035065245239594416,0.5,0.36342592592592593,0.09249408341837288,0.023449204246911437,0.0013027335692728566,F,,,,
Lukas Reichel,C,2023,2024,1200000.0,88000000.0,0.013636363636363636,21.0,0.7926829268292683,14.11051282051282,0.005451472806236485,0.007632061928731079,0.017444712979956752,0.009507368574076431,0.09158474314477295,0.0032708836837418913,0.003856536829926726,0.009114282041393496,0.38084698244060794,0.4078862314156432,0.01953125,0.01484375,0.11164616307172322,0.43434343434343436,0.4177545691906005,0.029437953153677022,0.0359797205211608,0.0010902945612472964,F,,,,
Jakob Pelletier,LW,2024,2025,775000.0,88000000.0,0.008806818181818181,24.0,0.5975609756097561,11.556122448979592,0.012362030905077263,0.008830022075055188,0.03355408388520971,0.012061810154525386,0.09536423841059603,0.003532008830022075,0.01351481803262863,0.012684622067767158,0.5373134328358209,0.5136842105263157,0.0,0.0261501210653753,0.01215599705665931,0.40625,0.30038022813688214,0.08300220750551876,0.019426048565121413,0.0,F,,,,
Zack MacEwen,C,2022,2023,775000.0,83500000.0,0.009281437125748504,26.0,0.6829268292682927,11.574107142857143,0.006171410938825889,0.0015428527347064722,0.015428527347064722,0.011555966982951478,0.11262824963357249,0.0015428527347064722,0.006564910553093714,0.011488593467914001,0.44536001569550715,0.4698046181172291,0.0,0.013072625698324023,0.046028439918743086,0.5172413793103449,0.31010452961672474,0.23142791020597084,0.02005708555118414,-0.009257116408238831,F,,,,
Paul Cotter,C,2022,2023,775000.0,83500000.0,0.009281437125748504,23.0,0.6707317073170732,12.826969696969698,0.01842708308724515,0.002834935859576177,0.025514422736185594,0.011892555930922064,0.10772756266389473,0.002834935859576177,0.019116241452834352,0.011837364899639734,0.4331419196062346,0.4262295081967213,0.0,0.018733273862622656,0.026483025821540787,0.4583333333333333,0.35051546391752575,0.23813461220439888,0.024096954806397505,0.007087339648940441,F,,,,
Mathieu Olivier,RW,2022,2023,1100000.0,83500000.0,0.013173652694610778,26.0,0.8048780487804879,11.63030303030303,0.006513809275664409,0.009119332985930172,0.019541427826993227,0.012063574778530484,0.09770713913496612,0.0013027618551328818,0.006942676633264679,0.012441276526810305,0.4471592581689726,0.4271639690358902,0.0,0.0,0.0010639221816918533,0.13333333333333333,0.16472868217054262,0.23189161021365293,0.02214695153725899,-0.013027618551328817,F,,,,
Emil Heineman,LW,2024,2025,1100000.0,88000000.0,0.0125,23.0,0.7560975609756098,11.39220430107527,0.014157955591212627,0.007078977795606314,0.02548432006418273,0.011085679227919488,0.09061091578376082,0.004247386677363788,0.01094376986815363,0.00961488352702069,0.4824318076745261,0.4921602787456446,0.04840010755579457,0.025006722237160526,0.08775572807286627,0.14285714285714285,0.2764227642276423,0.24493263172797847,0.011326364472970103,-0.011326364472970103,F,,,,
Max Jones,LW,2023,2024,1000000.0,88000000.0,0.011363636363636364,26.0,0.6341463414634146,12.05801282051282,0.00797426968980091,0.012758831503681454,0.02392280906940273,0.0157731054464262,0.12120889928497382,0.0015948539379601818,0.008697921196833956,0.015238757936853092,0.47864538395168255,0.44878957169459965,0.0,0.024091293322062553,0.06289040695356317,0.3125,0.28362573099415206,0.2025464501209431,0.02711251694532309,0.011163977565721277,F,,,,
Martin Pospisil,C,2023,2024,1000000.0,88000000.0,0.011363636363636364,24.0,0.7682926829268293,12.71957671957672,0.009983361064891847,0.009983361064891847,0.029950083194675542,0.016260399334442593,0.14600665557404324,0.004991680532445923,0.010462074978204011,0.015013077593722756,0.5401962219944356,0.5456273764258555,0.0,0.023109243697478993,0.029700499168053243,0.45098039215686275,0.37777777777777777,0.2970049916805324,0.0324459234608985,-0.01622296173044925,F,,,,
Cole Smith,LW,2023,2024,1000000.0,88000000.0,0.011363636363636364,28.0,0.975609756097561,13.689375000000002,0.00821805232159978,0.0063918184723553845,0.021001689266310547,0.014198968177875176,0.10226909555768615,0.003652467698488791,0.0077552301641523715,0.014601990509075465,0.5065467530749901,0.4903614457831325,0.0,0.0,0.0018566710800651356,0.29411764705882354,0.1379800853485064,0.2145824772862165,0.03287220928639912,0.0009131169246221968,F,,,,
Corey Perry,RW,2024,2025,2000000.0,88000000.0,0.022727272727272728,40.0,0.9878048780487805,11.937037037037037,0.0196504292067432,0.006205398696866274,0.03102699348433137,0.017726755610714656,0.1034233116144379,0.00930809804529941,0.015648510382184774,0.01354198013842913,0.5195679618459812,0.5438271604938272,0.039564787339268055,0.03669634025717112,0.10456096804219671,0.5151515151515151,0.4978165938864629,0.03723239218119764,0.013445030509876927,0.005171165580721896,F,,,,
Brandon Saad,LW,2024,2025,2000000.0,88000000.0,0.022727272727272728,32.0,0.8780487804878049,14.81851851851852,0.012184453886528368,0.006560859785053736,0.028117970507373153,0.014893151712071982,0.11903274181454636,0.0046863284178955255,0.013722247633791915,0.015991696280919038,0.5410896855183124,0.513646288209607,0.0,0.004736842105263158,0.047488127968008,0.28,0.3421516754850088,0.011247188202949262,0.019682579355161208,0.006560859785053736,F,,,,
Claude Giroux,C,2024,2025,2000000.0,88000000.0,0.022727272727272728,37.0,0.9878048780487805,18.205349794238685,0.010172020163204412,0.014240828228486177,0.03390673387734804,0.009541354913085739,0.09358258550148059,0.002712538710187843,0.006864988558352403,0.006639424648577966,0.4717004147353013,0.5270541082164328,0.01686656671664168,0.01860944527736132,0.12061755464635276,0.6147540983606558,0.36443148688046645,0.04340061936300549,0.012884558873392255,0.0020344040326408823,F,,,,
Reilly Smith,RW,2024,2025,2000000.0,88000000.0,0.022727272727272728,34.0,0.9634146341463414,15.440717299578058,0.010657339217641996,0.012296929866509996,0.03279181297735999,0.014084083673776114,0.10493380152755195,0.004918771946603998,0.007082630691399663,0.012536256323777403,0.5319715808170515,0.5012481278082875,0.027453671928620454,0.03115991763898422,0.05972208938501687,0.36363636363636365,0.2503311258278146,0.039350175572831984,0.021314678435283993,-0.004098976622169998,F,,,,
Adam Edstrom,C,2024,2025,975000.0,88000000.0,0.011079545454545455,24.0,0.6219512195121951,9.273529411764706,0.01057194206575748,0.006343165239454488,0.019029495718363466,0.015033301617507136,0.08457553652605984,0.002114388413151496,0.010695949800342271,0.01516685681688534,0.47993492407809113,0.44885679903730447,0.0,0.006030150753768844,0.007012721570285795,0.0,0.14814814814814814,0.19875251083624063,0.014800718892060472,0.006343165239454489,F,,,,
Matthew Rempe,C,2024,2025,975000.0,88000000.0,0.011079545454545455,22.0,0.5121951219512195,8.507539682539683,0.008395913988525584,0.00559727599235039,0.02238910396940156,0.012845748402444143,0.08395913988525584,0.002798637996175195,0.00843249320715825,0.012901714606952122,0.4225615456528513,0.4325925925925926,0.0,0.0,0.002238910396940156,0.15384615384615385,0.22929936305732485,0.3274406455524978,0.01119455198470078,-0.01959046597322637,F,,,,
Marat Khusnutdinov,C,2024,2025,925000.0,88000000.0,0.010511363636363636,22.0,0.9146341463414634,12.085111111111111,0.0055164297666550205,0.004413143813324017,0.01323943143997205,0.004942721070922899,0.04523472408657117,0.0,0.006354047528275512,0.0051213623077900625,0.39884162172957854,0.42704626334519574,0.0,0.005194805194805194,0.025485905521946198,0.43648960739030024,0.23237597911227154,0.06068072743320523,0.006619715719986025,-0.008826287626648034,F,,,,
Drew O'Connor,LW,2022,2023,925000.0,83500000.0,0.011077844311377245,25.0,0.5609756097560976,9.815579710144927,0.011073788342992138,0.006644273005795283,0.024362334354582703,0.015148942453213245,0.1373149754531025,0.0022147576685984274,0.011845066529790341,0.016204051012753188,0.5206463195691203,0.5236363636363637,0.0,0.0,0.0029530102247979032,0.46153846153846156,0.1762114537444934,0.13952973312170094,0.033221365028976414,0.0,F,,,,
Nicholas Robertson,LW,2024,2025,1825000.0,88000000.0,0.020738636363636365,23.0,0.8414634146341463,12.002657004830917,0.018111931738141716,0.006037310579380572,0.026564166549274515,0.012811173049445573,0.13523575697812482,0.0036223863476283432,0.017445761574591816,0.009595168866025499,0.4540865851291011,0.4933065595716198,0.029013539651837523,0.036992263056092836,0.08323438852106015,0.42857142857142855,0.3848314606741573,0.09538950715421304,0.020526855969893947,0.003622386347628343,F,,,,
Jonatan Berggren,RW,2024,2025,1825000.0,88000000.0,0.020738636363636365,24.0,0.9146341463414634,12.97711111111111,0.01232940048290152,0.008219600321934346,0.02465880096580304,0.011795126461975787,0.09041560354127781,0.00308235012072538,0.008866066975747612,0.01028463769186723,0.450712501836345,0.45918367346938777,0.033917467495760314,0.020350480497456188,0.06058530403959107,0.29411764705882354,0.35443037974683544,0.04212545164991353,0.011301950442659726,0.008219600321934346,F,,,,
Jonah Gadjovich,LW,2024,2026,905000.0,,,27.0,0.5121951219512195,8.450396825396826,0.011270251232683728,0.0,0.011270251232683728,0.014848555999060811,0.12115520075135007,0.005635125616341864,0.011587485515643106,0.015208574739281576,0.5642235123367199,0.5365126676602087,0.0,0.004347826086956522,0.012960788917586287,0.6,0.3034825870646766,0.35783047663770834,0.005635125616341864,0.0,F,,,,
Michael McCarron,RW,2023,2024,900000.0,88000000.0,0.010227272727272727,28.0,0.8536585365853658,12.766904761904762,0.013427575017250705,0.0067137875086253525,0.024617220864959627,0.013606609350814048,0.10518267096846386,0.00559482292385446,0.01277139208173691,0.014559386973180077,0.5005932957579353,0.47997329773030706,0.0,0.0,0.00376718076872867,0.5320417287630402,0.18543046357615894,0.15889297103746666,0.02573618544973052,-0.0022379291695417865,F,,,,
Matt Nieto,LW,2022,2023,900000.0,83500000.0,0.010778443113772455,30.0,0.9878048780487805,13.524691358024691,0.010953902327704245,0.003651300775901415,0.021907804655408487,0.013071656777727066,0.10497489730716568,0.004564125969876769,0.012192643771591141,0.013400823927139717,0.515410743489747,0.48566308243727596,0.0,0.006666666666666667,0.02601551802829758,0.5,0.228125,0.03925148334094021,0.03194888178913738,0.0018256503879507079,F,,,,
Nathan Walker,LW,2024,2026,887500.0,,,31.0,0.8902439024390244,12.106392694063926,0.009052163089805002,0.005657601931128126,0.018104326179610004,0.008950326255044695,0.08146946780824502,0.0033945611586768754,0.009819565484227322,0.008653492082975328,0.4557513738866781,0.46607009694258017,0.0,0.1090909090909091,0.0068456983366650325,0.5256410256410257,0.15748031496062992,0.31795722852940067,0.011315203862256252,-0.0011315203862256248,F,,,,
Zachary L'Heureux,LW,2024,2026,875000.0,,,22.0,0.7560975609756098,12.041935483870969,0.00669702652022502,0.00669702652022502,0.02009107956067506,0.015724618269488348,0.10447361371551031,0.004018215912135012,0.005918327086210298,0.013982047741171828,0.5052708106143221,0.49655700076511095,0.0,0.01936813186813187,0.03250290204482543,0.0,0.19946091644204852,0.26520225020091076,0.018751674256630057,-0.005357621216180015,F,,,,
Samuel Helenius,C,2024,2026,875000.0,,,23.0,0.6097560975609756,8.654333333333334,0.009243924045757424,0.002310981011439356,0.016176867080075492,0.00857373955244001,0.06701844933174132,0.0,0.009337068160597572,0.008660130718954249,0.47307032590051457,0.47588832487309646,0.0,0.0,0.0016562030581982051,0.46402877697841727,0.3010752688172043,0.34664715171590343,0.009243924045757424,-0.009243924045757424,F,,,,
Alexei Toropchenko,RW,2024,2025,1700000.0,88000000.0,0.019318181818181818,25.0,0.975609756097561,12.4925,0.0040024014408645186,0.006003602161296778,0.018010806483890335,0.009645787472483491,0.09005403241945167,0.0,0.004516626832527241,0.01028661761108079,0.46960095906833366,0.461892247043364,0.0,0.006798866855524079,0.005886865452604896,0.4444444444444444,0.13976705490848584,0.22313388032819692,0.006003602161296778,-0.002001200720432259,F,,,,
A.J. Greer,LW,2023,2024,850000.0,88000000.0,0.009659090909090909,27.0,0.7195121951219512,8.831638418079097,0.011514841351074718,0.005757420675537359,0.023029682702149435,0.012627942681678607,0.10939099283520981,0.007676560900716479,0.008065871282137456,0.010062174424466476,0.4485509173092263,0.4782157676348548,0.1759530791788856,0.16363636363636364,0.010907113613101331,0.5,0.28,0.19191402251791195,0.034544524053224154,-0.0038382804503582398,F,,,,
Mark Kastelic,C,2022,2023,835000.0,83500000.0,0.01,23.0,0.7926829268292683,8.893076923076922,0.012109679093504024,0.003459908312429721,0.019029495718363466,0.014410518121269788,0.1262866534036848,0.003459908312429721,0.013299977833370277,0.01430697615503974,0.4869585468095017,0.47971602434077076,0.0,0.022578062449959968,0.03601187901853934,0.5694915254237288,0.1400862068965517,0.2664129400570885,0.03286912896808235,-0.0086497707810743,F,,,,
Parker Kelly,C,2023,2024,825000.0,88000000.0,0.009375,25.0,0.975609756097561,11.706666666666667,0.008542141230068337,0.005338838268792711,0.01921981776765376,0.009780751708428247,0.09182801822323462,0.0032033029612756267,0.005362768976381472,0.008231850378745558,0.4702922392103735,0.49388928828181167,0.0,0.0271047227926078,0.008666714123006833,0.2391304347826087,0.19569471624266144,0.1825882687927107,0.03630410022779043,0.0074743735763097945,F,,,,
Jimmy Vesey,LW,2022,2023,800000.0,83500000.0,0.009580838323353293,29.0,0.9878048780487805,13.610493827160495,0.009977776769921539,0.006349494308131888,0.022676765386185314,0.014132160188670688,0.11156968570003174,0.0036282824617896504,0.007284205414592691,0.012268683119721117,0.5414925373134328,0.5123180291153415,0.0,0.0,0.004898181323416028,0.2222222222222222,0.26666666666666666,0.08889292031384644,0.0507959544650551,0.004535353077237062,F,,,,
Victor Olofsson,RW,2024,2025,1575000.0,88000000.0,0.017897727272727273,30.0,0.6829268292682927,14.497321428571428,0.018476319517152184,0.012317546344768122,0.035720884399827554,0.014510069594136846,0.13426125515797252,0.004927018537907249,0.012514194340803227,0.00935783643484508,0.5576112841179703,0.5400302114803626,0.06791940230925969,0.04170251301788545,0.09067767034140133,0.14285714285714285,0.36904761904761907,0.032025620496397116,0.009854037075814498,-0.004927018537907249,F,,,,
Jansen Harkins,C,2023,2024,787500.0,88000000.0,0.008948863636363637,27.0,0.5487804878048781,8.208148148148148,0.0,0.010829347531811208,0.010829347531811208,0.008257377493006045,0.10017146466925368,0.0,0.0,0.008549404344779257,0.4559402045633359,0.4811046511627907,0.0,0.0,0.016063532172186624,1.0,0.11224489795918367,0.20034292933850736,0.024366031946575217,0.0027073368829528023,F,,,,
Jonny Brodzinski,C,2023,2024,787500.0,88000000.0,0.008948863636363637,30.0,0.6951219512195121,11.127485380116958,0.009459743535841917,0.007883119613201598,0.029955854530166068,0.01065797771704856,0.14031952911498843,0.0,0.008663759494036445,0.010621769139688682,0.4844179651695692,0.4919210053859964,0.02167630057803468,0.011921965317919076,0.07273491696447341,0.5015479876160991,0.345821325648415,0.053605213369770865,0.02995585453016607,0.004729871767920959,F,,,,
Nathan Walker,LW,2023,2024,775000.0,88000000.0,0.008806818181818181,29.0,0.5487804878048781,10.81,0.014389968136499127,0.0020557097337855893,0.026724226539212664,0.00840785281118306,0.08839551855278036,0.004111419467571179,0.012735698871475572,0.007705097817242721,0.4091043452556902,0.43855421686746987,0.0,0.0,0.004419775927639018,0.47619047619047616,0.2073732718894009,0.195292424709631,0.020557097337855896,0.006167129201356768,F,,,,
Colin Blackwell,C,2024,2025,775000.0,88000000.0,0.008806818181818181,32.0,0.7682926829268293,11.562698412698413,0.00823666689546297,0.009609444711373464,0.023337222870478413,0.009183883588441211,0.08648500240236118,0.0013727778159104947,0.005002084201750729,0.009520633597332222,0.49128919860627174,0.5192660550458715,0.0,0.0,0.0036149815818976366,0.4902597402597403,0.18937644341801385,0.11531333653648157,0.02059166723865742,0.0068638890795524755,F,,,,
Jack Roslovic,C,2024,2025,1500000.0,88000000.0,0.017045454545454544,28.0,0.9878048780487805,13.82119341563786,0.019651337630822826,0.0080391835762457,0.034836462163731374,0.015238719090083517,0.12416072412201694,0.004466213097914278,0.019448946515397084,0.012887486138360488,0.5069619559258853,0.5748230535894844,0.008928571428571428,0.018125,0.10004317339327984,0.5408450704225352,0.4312393887945671,0.01250539667415998,0.016971609772074257,0.003572970478331422,F,,,,
Max Pacioretty,LW,2023,2024,1500000.0,88000000.0,0.017045454545454544,35.0,0.573170731707317,14.433687943262411,0.005896371274844606,0.01621502100582267,0.03390413483035649,0.013281576296587475,0.1400388177775594,0.0014740928187111516,0.0034992564080132973,0.011127635377482287,0.48391782527495336,0.47155963302752296,0.021409455842997322,0.024727921498661907,0.13770483748126675,0.29411764705882354,0.4025157232704403,0.11203105422204751,0.02063729946195612,-0.004422278456133456,F,,,,
Patrick Maroon,LW,2023,2024,1300000.0,88000000.0,0.014772727272727272,36.0,0.6219512195121951,12.841830065359476,0.0061074918566775245,0.010688110749185669,0.024429967426710098,0.009588762214983714,0.08550488599348535,0.0030537459283387623,0.006637535261906079,0.007566790198572929,0.45147293902717517,0.46281714785651795,0.0,0.0308127780024262,0.06293261400651466,0.375,0.2672413793103448,0.12520358306188925,0.02290309446254072,-0.004580618892508142,F,,,,
Kasperi Kapanen,RW,2024,2025,1300000.0,88000000.0,0.014772727272727272,28.0,0.8170731707317073,11.919651741293533,0.007512991213974163,0.007512991213974163,0.01753031283260638,0.007174906609345327,0.0826429033537158,0.0012521652023290272,0.00823440609346051,0.007273725382556783,0.49141555711282414,0.5076219512195121,0.0,0.004864864864864865,0.023165056243087005,0.4148936170212766,0.3389355742296919,0.1101905378049544,0.011269486820961246,0.005008660809316109,F,,,,
Joel Kiviranta,LW,2024,2025,1250000.0,88000000.0,0.014204545454545454,29.0,0.9634146341463414,12.521940928270043,0.016174141591131178,0.0040435353977827946,0.023250328537251067,0.013040401657849513,0.0849142433534387,0.005054419247228493,0.013994169096209912,0.01220991253644315,0.5661086436624531,0.5180572851805728,0.0,0.039705882352941174,0.0045826734508205005,0.4791666666666667,0.17907801418439717,0.11524075883680965,0.017185025440576877,-0.0030326515483370953,F,,,,
Lars Eller,C,2024,2025,1250000.0,88000000.0,0.014204545454545454,36.0,0.975609756097561,13.291458333333333,0.00940453612125582,0.00940453612125582,0.020689979466762803,0.011106757159203123,0.09780717566106052,0.0018809072242511639,0.009602731443610627,0.010552334886367679,0.5165650675854757,0.5233644859813084,0.0,0.027484143763213533,0.02224172792677001,0.521970705725699,0.24727272727272728,0.05360585589115817,0.015047257794009311,-0.0037618144485023278,F,,,,
Sam Steel,C,2023,2024,1200000.0,88000000.0,0.013636363636363636,26.0,0.9390243902439024,13.241774891774892,0.008826846690749792,0.012749889664416366,0.023538257841999446,0.010101835657191428,0.08434542393383133,0.003923042973666574,0.008094357076780759,0.009713228492136912,0.5215914604560893,0.5240230621396541,0.0,0.0,0.0038576589241054644,0.44976076555023925,0.19206680584551147,0.056884123118165326,0.02746130081566602,-0.001961521486833288,F,,,,
Philipp Kurashev,C,2024,2025,1200000.0,88000000.0,0.013636363636363636,25.0,0.6219512195121951,13.719281045751632,0.010004525856935282,0.004287653938686549,0.020009051713870563,0.009146995069197972,0.07717777089635788,0.002858435959124366,0.008058667096462245,0.008558304456442904,0.4064357450297192,0.4318381706244503,0.04716981132075472,0.033962264150943396,0.030299421166718278,0.470873786407767,0.31448763250883394,0.04287653938686549,0.01857983373430838,0.001429217979562183,F,,,,
Christian Fischer,C,2023,2024,1125000.0,88000000.0,0.01278409090909091,27.0,0.9634146341463414,11.40675105485232,0.0055485684693349115,0.008877709550935859,0.021084560183472663,0.01064215432418436,0.09543537767256048,0.004438854775467929,0.004863714662073158,0.010298915796939914,0.4855606758832566,0.4266917293233083,0.0,0.0,0.004882740253014722,0.4036697247706422,0.27049180327868855,0.15314048975364355,0.012206850632536806,0.002219427387733966,F,,,,
David Kampf,C,2024,2025,1100000.0,88000000.0,0.0125,30.0,0.7195121951219512,12.392937853107343,0.006838230266007158,0.00957352237241002,0.01777939869161861,0.007946023569100317,0.06154407239406442,0.002735292106402863,0.006712535660345696,0.007383789226380266,0.44418114797261715,0.45553359683794464,0.0,0.0,0.003008821317043149,0.5119705340699816,0.08040201005025126,0.06838230266007157,0.023249982904424336,0.0,F,,,,
Evgenii Dadonov,LW,2024,2025,1000000.0,88000000.0,0.011363636363636364,36.0,0.975609756097561,13.533333333333335,0.018472906403940885,0.01108374384236453,0.03694581280788177,0.017401477832512315,0.11360837438423645,0.005541871921182265,0.014212476524034314,0.012679559413227756,0.498730378578024,0.4775425916365514,0.0525854513584575,0.0471954425942156,0.07025862068965517,0.5,0.36894824707846413,0.04064039408866995,0.0083128078817734,0.001847290640394089,F,,,,
Cole Koepke,LW,2024,2025,1000000.0,88000000.0,0.011363636363636364,27.0,0.8902439024390244,11.246118721461187,0.012180762515733485,0.0060903812578667425,0.020707296276746927,0.013922611555483373,0.10353648138373461,0.0012180762515733485,0.011891130097771515,0.012578173170087201,0.4891244745019192,0.44537815126050423,0.0,0.011881188118811881,0.004100856713630273,0.0,0.1714922048997773,0.21559949652848268,0.009744610012586788,0.003654228754720045,F,,,,
Tanner Pearson,LW,2024,2025,1000000.0,88000000.0,0.011363636363636364,32.0,0.9512195121951219,11.786538461538461,0.013052700277369881,0.00978952520802741,0.02936857562408223,0.015565345080763583,0.11856202751944309,0.005438625115570784,0.008960740754569044,0.013485914835626412,0.4705241496186902,0.47451868629671573,0.0,0.04,0.0024473813020068525,0.25,0.2616632860040568,0.10442160221895905,0.01631587534671235,0.007614075161799096,F,,,,
James Van Riemsdyk,LW,2024,2025,1000000.0,88000000.0,0.011363636363636364,36.0,0.8658536585365854,12.399530516431925,0.018174245579493393,0.012494793835901708,0.040892052553860136,0.015277725190261632,0.09655067964105865,0.005679451743591685,0.016167813614128182,0.014128181742807394,0.4829584655719608,0.4890829694323144,0.017761989342806397,0.014031971580817053,0.06395062663284237,0.3,0.35731414868105515,0.035212600810268446,0.005679451743591685,0.0022717806974366737,F,,,,
Jamie Benn,LW,2024,2025,1000000.0,88000000.0,0.011363636363636364,35.0,0.975609756097561,15.30125,0.013070827546769056,0.017972387876807452,0.04002940936198023,0.014680173188464995,0.11110203414753697,0.002450780165019198,0.01593597280260642,0.013694312628373116,0.48303661404098086,0.4688775510204082,0.0,0.01687102424633539,0.1476867358331291,0.5595463137996219,0.42761394101876676,0.09312964627072952,0.010620047381749858,-0.010620047381749856,F,,,,
Craig Smith,C,2023,2024,1000000.0,88000000.0,0.011363636363636364,34.0,0.9146341463414634,10.216666666666667,0.01435562805872757,0.0052202283849918435,0.026101141924959218,0.01396411092985318,0.1461663947797716,0.0065252854812398045,0.013290802764486975,0.012307283359914939,0.5551112656467316,0.5590496156533893,0.0,0.022680412371134023,0.00632952691680261,0.25,0.18181818181818182,0.066557911908646,0.02871125611745514,-0.009135399673735726,F,,,,
Daniel Sprong,RW,2023,2024,975000.0,88000000.0,0.011079545454545455,27.0,0.926829268292683,12.000438596491227,0.01973612075582033,0.015350316143415811,0.04714739958334856,0.01415518438653558,0.1754321844961807,0.0032893534593033884,0.0195907705703091,0.012120156726164562,0.457847946045371,0.46063760572543916,0.022542266750156543,0.026900438321853473,0.1459193742918753,0.6666666666666666,0.40632603406326034,0.03508643689923614,0.01754321844961807,0.0,F,,,,
Mavrik Bourque,C,2024,2025,950000.0,88000000.0,0.010795454545454546,23.0,0.8902439024390244,12.684018264840182,0.011879904960760315,0.0075599395204838365,0.02699978400172799,0.013759089927280583,0.08639930880552955,0.004319965440276478,0.010881173554718198,0.011969290910190018,0.4916933394299649,0.5167652859960552,0.024906600249066005,0.025902864259028643,0.043361653106775144,0.46264367816091956,0.3031578947368421,0.0496796025631795,0.012959896320829434,0.010799913600691196,F,,,,
Mathieu Joseph,RW,2024,2025,900000.0,88000000.0,0.010227272727272727,29.0,0.7317073170731707,11.9075,0.00559871229617188,0.00839806844425782,0.01959549303660158,0.010903492196794736,0.09657778710896493,0.0,0.004651523373904953,0.010372897123808048,0.5065176908752328,0.4934725848563969,0.0,0.0,0.0033825553456038444,0.515625,0.20689655172413793,0.16936104695919937,0.02239484918468752,0.001399678074042971,F,,,,
Joe Veleno,C,2024,2025,900000.0,88000000.0,0.010227272727272727,25.0,0.9024390243902439,12.118243243243244,0.008921103986618344,0.003345413994981879,0.018957345971563982,0.009188737106216895,0.08363534987454697,0.001115137998327293,0.00954653937947494,0.00958233890214797,0.44236176194939075,0.45206391478029295,0.0,0.0,0.0033825852615927887,0.46853146853146854,0.25925925925925924,0.15500418176749373,0.01449679397825481,0.0,F,,,,
John Beecher,C,2024,2025,900000.0,88000000.0,0.010227272727272727,24.0,0.9512195121951219,11.283547008547009,0.0034086390061923606,0.007953491014448841,0.012498343022705322,0.00840797621527449,0.04999337209082129,0.0011362130020641202,0.0026686830049370636,0.00584441578081217,0.4446121909794301,0.43330821401657876,0.0,0.1024390243902439,0.005434885526540042,0.5202952029520295,0.08814102564102565,0.09657810517545022,0.015906982028897683,-0.001136213002064122,F,,,,
Cameron Atkinson,RW,2023,2024,900000.0,88000000.0,0.010227272727272727,35.0,0.8536585365853658,15.94547619047619,0.01164683221095698,0.00447955085036807,0.02508548476206119,0.016511624434456702,0.15678427976288242,0.0062713711905152975,0.011883070585439278,0.013926958726134834,0.48383084577114427,0.4967892586106246,0.014054813773717497,0.02171468728039353,0.12748801720147526,0.48,0.3922480620155039,0.031356855952576486,0.015230472891251436,0.0017918203401472276,F,,,,
Cole Schwindt,RW,2024,2025,825000.0,88000000.0,0.009375,24.0,0.5121951219512195,9.256349206349206,0.0025722369887678986,0.005144473977535797,0.02057789591014319,0.012012346737546087,0.08231158364057276,0.0025722369887678986,0.0,0.011260481831492083,0.5164179104477612,0.4424778761061947,0.0,0.030000000000000002,0.0008574123295892995,0.5045871559633027,0.25257731958762886,0.10546171653948384,0.015433421932607392,0.02057789591014319,F,,,,
Nick Cousins,C,2024,2025,825000.0,88000000.0,0.009375,31.0,0.6097560975609756,11.902666666666667,0.010081774392293043,0.010081774392293043,0.02520443598073261,0.012887868264814608,0.11426010977932116,0.0033605914640976813,0.010328800137717335,0.013169220175589604,0.5110254763433955,0.5177434030937216,0.0,0.0039603960396039604,0.008485493446846645,0.14285714285714285,0.286144578313253,0.14282513722415147,0.008401478660244203,-0.00672118292819536,F,,,,
Marcus Johansson,C,2024,2025,800000.0,88000000.0,0.00909090909090909,34.0,0.8780487804878049,16.383333333333333,0.009325194981349611,0.01356391997287216,0.028823329942353343,0.010528992878942016,0.10257714479484571,0.00254323499491353,0.0067570828707949225,0.008697330952266035,0.4963749352667012,0.480893300248139,0.010905125408942203,0.011995637949836423,0.07773821634452356,0.25,0.3185053380782918,0.041539504916920995,0.01017293997965412,0.0033909799932180396,F,,,,
Tyler Motte,C,2023,2024,800000.0,88000000.0,0.00909090909090909,29.0,0.8414634146341463,12.442995169082126,0.006988391505221881,0.0023294638350739604,0.010482587257832823,0.009166440191016034,0.09667274915556935,0.0,0.00572000572000572,0.009581009581009582,0.46468716861081655,0.48835274542429286,0.0,0.0,0.0019412198625616338,0.5032258064516129,0.15463917525773196,0.11297899600108707,0.047754008619016186,0.003494195752610941,F,,,,
Trevor Lewis,C,2023,2024,800000.0,88000000.0,0.00909090909090909,37.0,1.0,11.635772357723576,0.008384572386808273,0.006288429290106205,0.016769144773616546,0.013058971492453886,0.13624930128563442,0.001048071548351034,0.00882835162063312,0.01273805019548493,0.526428807400066,0.5275590551181102,0.0,0.0,0.004716321967579653,0.4249201277955272,0.274582560296846,0.09432643935159307,0.015721073225265513,-0.0031442146450531023,F,,,,
Jesper Boqvist,C,2023,2024,775000.0,88000000.0,0.008806818181818181,25.0,0.573170731707317,11.149999999999999,0.01144928918996279,0.009541074324968993,0.026715008109913178,0.008300734662723023,0.09731895811468372,0.0,0.009861608757108576,0.007830117353144211,0.5388402625820569,0.47193585337915234,0.0,0.0,0.007760073784308113,0.35664335664335667,0.18930041152263374,0.1354832554145597,0.026715008109913178,-0.001908214864993799,F,,,,
Luke Glendening,C,2024,2025,775000.0,88000000.0,0.008806818181818181,36.0,0.9390243902439024,10.784848484848483,0.004816762332918557,0.0036125717496889175,0.008429334082607475,0.007706819732669692,0.0614137197447116,0.0012041905832296392,0.004367447954578541,0.008094336875818895,0.4250434111518426,0.44174350377200333,0.0,0.0,0.0016858668165214948,0.5698070374574348,0.2081513828238719,0.1264400112391121,0.007225143499377835,0.002408381166459279,F,,,,
Robby Fabbri,LW,2024,2025,775000.0,88000000.0,0.008806818181818181,29.0,0.5365853658536586,16.204545454545453,0.011220196353436185,0.008415147265077139,0.02244039270687237,0.011093969144460028,0.091164095371669,0.0,0.013317795904777758,0.009705343765606791,0.3936187530522546,0.4214876033057851,0.0,0.014426229508196721,0.06416549789621319,0.4551282051282051,0.3132183908045977,0.08134642356241234,0.019635343618513323,-0.002805049088359046,F,,,,
Kevin Rooney,C,2024,2025,775000.0,88000000.0,0.008806818181818181,32.0,0.8536585365853658,9.416666666666666,0.007585335018963338,0.003034134007585335,0.015170670037926676,0.010209860935524654,0.08192161820480405,0.00606826801517067,0.00772300167331703,0.01087012485519372,0.4473177441540578,0.46680497925311204,0.0,0.001749271137026239,0.008672566371681416,0.4721549636803874,0.1407185628742515,0.16536030341340077,0.013653603034134008,0.006068268015170672,F,,,,
Noah Gregor,C,2024,2025,775000.0,88000000.0,0.008806818181818181,27.0,0.6341463414634146,11.106089743589743,0.006926207035871981,0.0034631035179359905,0.012120862312775966,0.009644743297451734,0.1038931055380797,0.0017315517589679952,0.005685407454200885,0.009532533164876818,0.392226148409894,0.4344262295081967,0.0,0.0,0.005425528844766385,0.5714285714285714,0.26501766784452296,0.16276586534299156,0.012120862312775966,-0.005194655276903985,F,,,,
Luke Kunin,C,2024,2025,775000.0,88000000.0,0.008806818181818181,27.0,0.9146341463414634,14.690444444444443,0.009983814119533484,0.0036304778616485394,0.016337150377418428,0.015102787904457925,0.10165338012615911,0.0027228583962364047,0.011029006286533583,0.014337708172493658,0.42557926430161014,0.40926225094238017,0.0,0.018543956043956044,0.044049798054668944,0.46984924623115576,0.2407079646017699,0.16972484003206922,0.010891433584945619,-0.008168575188709214,F,,,,
Nathan Bastian,RW,2024,2025,775000.0,88000000.0,0.008806818181818181,27.0,0.7195121951219512,10.937570621468927,0.006198507192851054,0.006198507192851054,0.015496267982127635,0.011498230842738707,0.0681835791213616,0.004648880394638291,0.0034075420263516587,0.010120399818264427,0.4779200418082049,0.4851380042462845,0.12958963282937364,0.044060475161987044,0.011957953459541827,0.32,0.23154362416107382,0.21384849815336138,0.003099253596425527,0.0,F,,,,
Michael Carcone,RW,2024,2025,775000.0,88000000.0,0.008806818181818181,29.0,0.6463414634146342,11.43301886792453,0.011552108259757405,0.004950903539896031,0.03135572241934153,0.012228731743543195,0.12377258849740076,0.003300602359930687,0.0124773476723805,0.012495172454769615,0.5278391959798995,0.5381205673758865,0.0,0.009947643979057591,0.06304150507467612,0.5,0.36151603498542273,0.0792144566383365,0.009901807079792062,-0.0016503011799653446,F,,,,
Mackie Samoskevich,RW,2024,2025,775000.0,88000000.0,0.008806818181818181,22.0,0.8780487804878049,13.322222222222223,0.015638031693077564,0.010425354462051709,0.032318598832360296,0.01810884070058382,0.13448707256046705,0.0052126772310258545,0.012222697549349142,0.01354274888467885,0.558085903718651,0.5460858585858586,0.02655258887741555,0.038589762501843934,0.11778912983041423,0.0,0.45489443378119004,0.1396997497914929,0.009382819015846538,0.007297748123436198,F,,,,
Curtis Lazar,C,2024,2025,775000.0,88000000.0,0.008806818181818181,30.0,0.5853658536585366,10.567013888888889,0.00394308809515986,0.00394308809515986,0.00985772023789965,0.0055991850951270005,0.0532316892846581,0.0,0.004433279148810403,0.005807595684941629,0.42138765117759386,0.4246575342465753,0.0,0.007920792079207921,0.009956297440278645,0.5125,0.21660649819494585,0.21095521309105247,0.005914632142739789,0.0,F,,,,
Tomas Nosek,LW,2024,2025,775000.0,88000000.0,0.008806818181818181,32.0,0.7195121951219512,9.816949152542374,0.0017265193370165745,0.010359116022099447,0.015538674033149171,0.013035220994475136,0.081146408839779,0.0,0.0,0.014216341296483394,0.5796025855877425,0.5608465608465608,0.14457831325301204,0.014457831325301205,0.011941758747697975,0.5175438596491229,0.2857142857142857,0.1433011049723757,0.008632596685082872,0.003453038674033149,F,,,,
Shea Weber,D,2019,2012,7857143.0,,,26.0,0.7926829268292683,24.00128205128205,,0.005768922600288447,0.023075690401153787,0.005640724320282037,,,,0.003954055994256999,0.5513237343241988,0.5425709515859767,,0.01091588785046729,0.08573259975428663,,0.26872770511296074,0.0724320282036216,0.011537845200576893,-0.003204957000160248,D,0.0,0.12637145451631857,0.0749959938037498,0.05127931200256397
Erik Karlsson,D,2019,2019,11500000.0,81500000.0,0.1411042944785276,28.0,0.6829268292682927,24.53154761904762,,0.014558513090529687,0.02984495183558586,0.0036032319899060978,,,,0.003073301727281769,0.49932264619552946,0.5278246205733558,,0.008138903960933261,0.11179724844102588,,0.3166926677067083,0.018926067017688595,0.03785213403537719,0.0014558513090529683,D,0.05208898534997287,0.10239487540339214,0.053866498434959845,0.049498944507800936
Rasmus Dahlin,D,2023,2024,11000000.0,88000000.0,0.125,23.0,0.9878048780487805,25.422427983539094,,0.01165491732293024,0.028651671752203508,0.006924963376041051,,,,0.00401613790573996,0.5032124352331606,0.5377681069319241,,0.01204203765873595,0.11089977580471538,,0.36298292902066487,0.0946962032488082,0.02039610531512792,-0.0014568646653662799,D,0.03941030506495402,0.04343884810567125,0.07478571948880237,0.021367348425372107
Drew Doughty,D,2019,2019,11000000.0,81500000.0,0.13496932515337423,29.0,0.8170731707317073,25.799751243781092,,0.0069421009497179775,0.020826302849153933,0.004604926963312925,,,,0.001751725183893228,0.4843423799582463,0.49828473413379076,,0.013250794713066758,0.11525815937906764,,0.3142548596112311,0.0613218917225088,0.008677626187147472,-0.0069421009497179775,D,0.02007696168646478,0.07870606951742756,0.04975172347297884,0.047437689823072844
Thomas Harley,D,2024,2026,10587500.0,,,24.0,0.9512195121951219,23.382264957264958,,0.007676210145391076,0.027415036233539556,0.005395279130760585,,,,0.004650041333700745,0.5253004896868971,0.5228780998952148,,0.008082279057067442,0.10040300103263303,,0.3324607329842932,0.01809392391413611,0.015900721015452944,-0.0021932028986831643,D,0.02184399745153363,0.06188487512450996,0.06031307971378702,0.06469948551115336
Noah Dobson,D,2024,2025,9500000.0,88000000.0,0.10795454545454546,25.0,0.8658536585365854,23.272300469483568,,0.009683276175105912,0.023602985676820662,0.005773653419406899,,,,0.004126474418134237,0.5401059911973412,0.5290697674418605,,0.011529896907216494,0.1223017954407908,,0.3635116598079561,0.03449667137381481,0.0217873713939883,-0.0030260238047205975,D,0.029690721649484535,0.029342344159774058,0.07625579987895906,0.0653621141819649
Charlie McAvoy,D,2021,2022,9500000.0,82500000.0,0.11515151515151516,24.0,0.9512195121951219,24.655128205128204,,0.008319900161198065,0.02911965056419323,0.0046071447142634284,,,,0.004003643978562048,0.624591674344585,0.578390630902909,,0.005210277020238266,0.12075988421472275,,0.3729146221786065,0.08059903281160627,0.015079819042171495,-0.003119962560449276,D,0.021530070331563084,0.0819250168997972,0.06759918880973428,0.03379959440486714
Seth Jones,D,2021,2022,9500000.0,82500000.0,0.11515151515151516,26.0,0.7682926829268293,26.36243386243386,,0.008429503261414954,0.027094831911690924,0.004262920220772705,,,,0.003533541341653666,0.4705358137462404,0.481810115350488,,0.00577758841073711,0.11776216758655293,,0.33613445378151263,0.045760160561966884,0.015052684395383844,-0.0018063221274460615,D,0.04090328078397955,0.0711690918213748,0.07767185148018063,0.035524335173105874
Darnell Nurse,D,2021,2022,9250000.0,82500000.0,0.11212121212121212,26.0,0.8658536585365854,25.048591549295775,,0.006747448620990188,0.01968005847788805,0.006022097894233743,,,,0.004895827288027392,0.5374206229210765,0.5360490266762797,,0.017949846018477784,0.0426026408764186,,0.2550561797752809,0.11020832747617307,0.018555483707723017,-0.01012117293148528,D,0.03959524857017158,0.10574751422118511,0.07422193483089207,0.03767325480052855
Roman Josi,D,2019,2020,9059000.0,81500000.0,0.11115337423312883,29.0,0.8414634146341463,25.682125603864733,,0.0163650727963583,0.037244648433091304,0.006613746661148941,,,,0.005298377715793818,0.5336715867158671,0.533211009174312,,0.013072215422276622,0.11526090064331665,,0.3172978505629478,0.029344268462435576,0.019186637071592492,-0.001128625710093676,D,0.04895960832313342,0.0756085173620255,0.0609457883450585,0.038373274143184984
Jackson Lacombe,D,2024,2026,9000000.0,,,24.0,0.9146341463414634,22.300666666666665,,0.010762010104331709,0.025709246360347972,0.00614032465397148,,,,0.005144567872055464,0.48558476881233,0.49287410926365793,,0.013503128773740256,0.09076958337070143,,0.26206140350877194,0.041254372066604886,0.020926130758422767,-0.0023915578009626017,D,0.019760676254254036,0.09426723665460923,0.07712773908104392,0.04663537711877074
Jakob Chychrun,D,2024,2025,9000000.0,88000000.0,0.10227272727272728,26.0,0.9024390243902439,21.06418918918919,,0.009623095429029671,0.030152365677626303,0.007980753809141941,,,,0.004813580635020433,0.49388928828181167,0.522196261682243,,0.020041884816753928,0.10211173483025929,,0.4226086956521739,0.03785084202085004,0.022453889334402566,-0.009623095429029671,D,0.050261780104712044,0.00496124031007752,0.05581395348837209,0.05132317562149158
Lane Hutson,D,2024,2026,8850000.0,,,21.0,1.0,22.73313008130081,,0.01341117776963173,0.03540550931182777,0.003379616797947196,,,,0.0026427999393952516,0.5077038964596315,0.5106943073379401,,0.005068735120190461,0.11641796382558316,,0.41970310391363025,0.021457884431410768,0.030041038203975075,-0.0016093413323558063,D,0.04147146916519468,0.009343120512843438,0.0659829946265881,0.05847273507559434
Brock Faber,D,2024,2025,8500000.0,88000000.0,0.09659090909090909,21.0,0.9512195121951219,25.525000000000002,,0.00301363670609508,0.014565910746126221,0.0032095230919912602,,,,0.002914682183477131,0.4717687345703592,0.46586475942782835,,0.008505154639175257,0.08444879747524214,,0.27071823204419887,0.01808182023657048,0.014565910746126221,-0.00200909113739672,D,0.017842981760507536,0.07627012230342299,0.057761370200155704,0.054747733494060626
Mikhail Sergachev,D,2022,2023,8500000.0,83500000.0,0.10179640718562874,24.0,0.9634146341463414,23.81097046413502,,0.014885171533881487,0.03402324922030054,0.0038648284661185143,,,,0.0036499798375482463,0.5288327282881876,0.5218181818181818,,0.0063114683998973745,0.10360256592004537,,0.3486140724946695,0.06804649844060108,0.029238729798695778,-0.00637935922880635,D,0.05131275121867784,0.09021477176070315,0.0792103770910122,0.023922597108023816
Miro Heiskanen,D,2020,2021,8450000.0,81500000.0,0.10368098159509202,21.0,0.6707317073170732,24.96848484848485,,0.005825525510947133,0.019661148599446576,0.0056143502111753,,,,0.0036162778277919346,0.5437430786267995,0.5252306022788931,,0.015112464854732895,0.10359726200300985,,0.3408450704225352,0.03422496237681441,0.011651051021894267,0.007281906888683917,D,0.02108716026241799,0.06229671343269091,0.037865915821156365,0.0349531530656828
Adam Fox,D,2021,2022,9500000.0,82500000.0,0.11515151515151516,23.0,0.9512195121951219,23.907264957264957,,0.017696584023023435,0.03968324902132528,0.0037859964606831954,,,,0.002186667303946755,0.4983314794215795,0.4977225672877847,,0.009404947626476487,0.12030995835046386,,0.35480464625131997,0.016087803657294033,0.04182828950896448,0.002681300609549005,D,0.07577445954981056,0.08554242711331177,0.06864129560445453,0.031103087070768462
Jake Sanderson,D,2023,2024,8000000.0,88000000.0,0.09090909090909091,21.0,0.9634146341463414,23.218354430379748,,0.006542183453727681,0.020716914270137658,0.0038053700422516017,,,,0.0029359772500192147,0.5291847109772171,0.5344895545920378,,0.006560636182902585,0.1279723774476398,,0.28696498054474706,0.026713915769388034,0.01853618645222843,-0.0016355458634319201,D,0.025560920193126953,0.11831357048748353,0.07578029167234565,0.04470492026713916
Thomas Chabot,D,2019,2020,8000000.0,81500000.0,0.09815950920245399,22.0,0.8658536585365854,25.97488262910798,,0.009218005838070364,0.021147189863808483,0.004609002919035182,,,,0.0036024102926008363,0.5096257508085631,0.5042358522534734,,0.004532490557311339,0.11724038209537925,,0.3520958083832335,0.042836615365150515,0.022773896776409133,-0.005964592012869059,D,0.009249980729206814,0.008431764163646716,0.04609002919035182,0.04717450046541892
John Carlson,D,2019,2018,8000000.0,,,27.0,0.8414634146341463,24.5,,0.023070097604259095,0.0437740313516711,0.006743566992014197,,,,0.0040081843927424485,0.4928169287516987,0.5134672937152629,,0.00896813950439229,0.15038943113477274,,0.3336864406779661,0.03253475303164744,0.024844720496894408,-0.002957704821058859,D,0.05113412875311394,0.051306319629300996,0.06447796509908311,0.04732327713694173
Luke Hughes,D,2024,2025,9000000.0,88000000.0,0.10227272727272728,22.0,0.8658536585365854,21.157981220657277,,0.01397934163957707,0.02929004914959005,0.005272208846926209,,,,0.004316216423050432,0.5139023744372849,0.5281632653061225,,0.009334330590875094,0.07416817369886723,,0.33612273361227335,0.012647975769141158,0.02196753686219254,-0.0026627317408718224,D,0.06282722513089005,0.01774045022355852,0.03994097611307734,0.05724873242874419
Dougie Hamilton,D,2020,2021,9000000.0,81500000.0,0.11042944785276074,28.0,0.6707317073170732,22.722121212121213,,0.012802901991117987,0.03280743635223984,0.006273421975647813,,,,0.0047585016820344776,0.5699910839383519,0.5602605863192183,,0.009839128178515828,0.12849579237960604,,0.37147102526002973,0.041609431471133454,0.01520344611445261,-0.00960217649333849,D,0.04981837052413077,0.059866903164717336,0.051211607964471946,0.03520798047557446
Victor Hedman,D,2019,2016,7875000.0,,,25.0,0.8048780487804879,23.74949494949495,,0.017225246682545083,0.035088465464443684,0.00546742089145968,,,,0.004830357272371227,0.5669518606329245,0.533724340175953,,0.010159055926115957,0.12434076216400136,,0.3522884882108183,0.046571963252807075,0.029346716570261992,-0.0025518883974140856,D,0.046177526936890714,0.08846546444368833,0.06060734943858455,0.0236049676760803
Alex Pietrangelo,D,2019,2020,8800000.0,81500000.0,0.10797546012269939,29.0,0.8536585365853658,23.95880952380952,,0.010136444493028711,0.029216810597553343,0.007834875331670427,,,,0.00451505673266938,0.5314096783889389,0.531905195989061,,0.0176721613254121,0.11876534130998638,,0.35555555555555557,0.027428026275254157,0.025639241952954975,0.0,D,0.0351435026357627,0.06803343039144563,0.05306726822820913,0.02623550339372137
K'Andre Miller,D,2024,2025,7500000.0,88000000.0,0.08522727272727272,25.0,0.9024390243902439,21.94662162162162,,0.006773190480588652,0.01662510390689942,0.00355284627936332,,,,0.0028914596216023506,0.49424626006904493,0.4947009841029523,,0.013186813186813187,0.034553533860821196,,0.22152690863579474,0.06588467103845325,0.028939995689787876,-0.002462978356577692,D,0.01782001782001782,0.09649743952875015,0.06773190480588652,0.059727225147009025
Morgan Rielly,D,2021,2022,7500000.0,82500000.0,0.09090909090909091,27.0,1.0,23.7380081300813,,0.016439622916149362,0.034934198696817395,0.004803452320812391,,,,0.004146100691016783,0.5292395622778281,0.5357766143106457,,0.004760139393490028,0.1154797886823471,,0.35799782372143635,0.04726391588392941,0.0205495286451867,-0.005651120377426343,D,0.031141098835916068,0.06735108013459941,0.04469522480328107,0.03904410442585473
Moritz Seider,D,2023,2024,8550000.0,88000000.0,0.0971590909090909,23.0,1.0,22.359552845528455,,0.009271968657109872,0.02290721668227145,0.003670608768373497,,,,0.0024541659103285533,0.4250910352002774,0.4574087329992842,,0.009737335834896811,0.09690116263214828,,0.23814133591481124,0.11508149333236371,0.022361806761264987,-0.0021816396840258524,D,0.0450281425891182,0.10924560717759456,0.11562690325337018,0.021270986919252062
Ivan Provorov,D,2024,2025,8500000.0,88000000.0,0.09659090909090909,28.0,1.0,23.353861788617888,,0.0062662640011836275,0.017232226003254976,0.002898147100547428,,,,0.00228375251884469,0.45995301962567253,0.48074324324324325,,0.01517302573203194,0.03923377516296638,,0.23732718894009217,0.014621282669428465,0.015143471336193768,0.0,D,0.01330967169476486,0.10308874596391676,0.06631796067919339,0.06266264001183627
Noah Hanifin,D,2023,2024,7350000.0,88000000.0,0.08352272727272728,27.0,0.975609756097561,23.613958333333333,,0.01005761069988619,0.024879352783928995,0.00609279469240474,,,,0.003669641643637023,0.5223989612075962,0.5120109814687714,,0.020109732824427483,0.07396755097179458,,0.2548828125,0.03334891968909632,0.031231527962804487,-0.003176087589437744,D,0.021469465648854963,0.09330639540525995,0.06405109972032785,0.03546631141538815
Owen Power,D,2023,2024,8350000.0,88000000.0,0.09488636363636363,20.0,0.926829268292683,22.919956140350877,,0.007463043582260919,0.018944649093431562,0.0037946706214418984,,,,0.003095997166135317,0.47692178583417255,0.5155052900401313,,0.007425528853072384,0.06648806391427067,,0.34104046242774566,0.025833612400133953,0.011481605511170645,-0.0040185619289097255,D,0.02590300762699669,0.07705114098454767,0.06601923168923121,0.02066688992010716
Filip Hronek,D,2023,2024,7250000.0,88000000.0,0.08238636363636363,26.0,0.9878048780487805,23.441358024691358,,0.007373271889400922,0.025279789335088874,0.0036550362080316,,,,0.00245136698212408,0.5123297754876702,0.5377196004133655,,0.016694068546857215,0.06940531051130129,,0.3397642015005359,0.054772876892692564,0.012639894667544437,-0.0026333113890717585,D,0.007588212975844189,0.08086899275839368,0.045819618169848586,0.026333113890717578
Zachary Werenski,D,2021,2022,9583333.0,82500000.0,0.11616161212121212,24.0,0.8292682926829268,25.66176470588235,,0.012607449856733524,0.027507163323782235,0.007822349570200574,,,,0.006234497056754656,0.460345953002611,0.49944008958566627,,0.010365416766181036,0.11997134670487106,,0.3850210970464135,0.018911174785100286,0.022349570200573064,-0.00171919770773639,D,0.028660138524002867,0.05659025787965616,0.054441260744985676,0.022349570200573064
Jacob Trouba,D,2019,2019,8000000.0,81500000.0,0.09815950920245399,24.0,0.8536585365853658,22.548095238095236,,0.005068530759646048,0.017106291313805415,0.0058478173639416285,,,,0.004019965289456337,0.45434162250305743,0.45336577453365773,,0.019293712316968133,0.07355705264936327,,0.22916666666666666,0.10960697767734578,0.027243352833097506,-0.00316783172477878,D,0.0,0.10287005554264958,0.08109649215433677,0.04371607780194716
Janis Moser,D,2024,2026,6750000.0,,,25.0,0.6585365853658537,18.852777777777778,,0.003929080104120623,0.013751780364422182,0.0025637247679387064,,,,0.002591865992605448,0.497765136123527,0.5042067307692307,,0.0004379562043795621,0.022428498927688556,,0.2703962703962704,0.033397180885025295,0.022592210598693582,-0.006875890182211089,D,0.0,0.08206866067481951,0.0687589018221109,0.04420215117135701
Cale Makar,D,2020,2021,9000000.0,81500000.0,0.11042944785276074,22.0,0.5365853658536586,24.291287878787877,,0.020583511359915173,0.041167022719830346,0.004921330443325172,,,,0.003402061855670103,0.6069514373883385,0.6087851750171586,,0.008973992569305516,0.16368569601896177,,0.42592592592592593,0.04584509348344743,0.02993965288714934,0.006549299069063918,D,0.0685910260074307,0.037736437493177816,0.03368210949804301,0.019647897207191754
Jared Spurgeon,D,2019,2020,7575000.0,81500000.0,0.09294478527607362,30.0,0.7560975609756098,22.557258064516127,,0.007150262772156877,0.022880840870902006,0.005720210217725502,,,,0.0038394919168591225,0.5752642449277123,0.5334685598377282,,0.013652932729481941,0.107885548127227,,0.3228247162673392,0.04361660291015695,0.007150262772156877,-0.0014300525544313752,D,0.026510548989285322,0.09990108803165183,0.07293268027600014,0.016445604375960817
Hampus Lindholm,D,2021,2022,6500000.0,82500000.0,0.07878787878787878,27.0,0.8658536585365854,22.506338028169015,,0.006883819894239494,0.01689664883131512,0.003930035357802184,,,,0.0035655706679451915,0.48588047659255085,0.4964774140074596,,0.010040567951318458,0.04113603888315237,,0.3025335320417288,0.04380612659970587,0.021903063299852935,-0.005632216277105039,D,0.015212981744421906,0.08564097750242498,0.05757376638818486,0.029412685002659658
Colton Parayko,D,2021,2022,6500000.0,82500000.0,0.07878787878787878,28.0,0.975609756097561,23.556041666666665,,0.0053064942645641155,0.018572729925974404,0.003900273284454625,,,,0.003701228602272143,0.46372475691847426,0.44169996367598985,,0.0013363028953229399,0.01191307962394644,,0.20569620253164558,0.038206758704861635,0.02706312074927699,0.003714545985194882,D,0.044543429844097995,0.08080906349220388,0.08967975307113356,0.028124419602189813
Cam Fowler,D,2019,2018,6500000.0,,,26.0,0.7317073170731707,21.801666666666666,,0.0053512728384680075,0.022169558902224603,0.004403333078510817,,,,0.002587916758492586,0.520014917951268,0.5159435441714585,,0.01586822874376522,0.10984124557245878,,0.375886524822695,0.01911168870881431,0.016053818515404022,-0.00611574038682058,D,0.013919498898039671,0.028132405779374665,0.044339117804449206,0.02446296154728232
Shea Theodore,D,2024,2025,7425000.0,88000000.0,0.084375,29.0,0.8170731707317073,21.992288557213932,,0.019002590234025948,0.03868384440498139,0.0049949665758011064,,,,0.0032168994450848458,0.5174561045324622,0.5234641638225256,,0.011970660146699267,0.11565564591840197,,0.3974522292993631,0.004071983621576989,0.019002590234025948,-0.004071983621576988,D,0.0528117359413203,0.006616973385062607,0.05565044282821885,0.0712597133775973
Jaccob Slavin,D,2024,2025,6461250.0,88000000.0,0.07342329545454546,30.0,0.975609756097561,21.57270833333333,,0.004056050758578064,0.01564476721165825,0.004212498430694647,,,,0.0036964613862319187,0.5607187112763321,0.5783505154639176,,0.0017467248908296944,0.006634540169388406,,0.28492849284928495,0.012168152275734194,0.03534558518189456,0.0005794358226540093,D,0.0,0.12735999381935123,0.07880327188094526,0.04519599416701272
Devon Toews,D,2023,2024,7250000.0,88000000.0,0.08238636363636363,29.0,1.0,23.429065040650407,,0.008328200501427071,0.0260256265669596,0.004731458909873255,,,,0.004330317802045802,0.5490624293998042,0.5366756393001346,,0.006530925854782942,0.06774470595379584,,0.32355723746452225,0.038517927319100205,0.029669214286333942,0.0010410250626783843,D,0.01536688436419516,0.11568391009013541,0.057256378447311115,0.023943576441602832
Alexander Romanov,D,2024,2025,6250000.0,88000000.0,0.07102272727272728,25.0,0.7804878048780488,22.30703125,,0.005603614331243652,0.014009035828109131,0.0026757258431688437,,,,0.0028925895754597294,0.48526488635381554,0.49226006191950467,,0.004285714285714286,0.004903162539838196,,0.2234375,0.1029664133366021,0.016810842993730955,-0.0007004517914054563,D,0.0,0.08431104729217012,0.11557454558190032,0.05673659510384198
Brandon Montour,D,2023,2024,7142857.0,88000000.0,0.08116882954545454,30.0,0.8048780487804879,23.447222222222223,,0.0038771795672636806,0.021324487619950244,0.0064425800476031496,,,,0.004442751967504443,0.5312825860271115,0.5523850085178875,,0.009501611023514088,0.15710116207687586,,0.3835978835978836,0.06720444583257046,0.011631538701791042,-0.003230982972719733,D,0.016453006101323095,0.02647252048981702,0.04329517183444443,0.02584786378175787
Damon Severson,D,2022,2023,6250000.0,83500000.0,0.0748502994011976,28.0,0.9878048780487805,19.954938271604938,,0.007424134624307854,0.0204163702168466,0.003235685340427507,,,,0.0027947075375681016,0.6014221831244044,0.5650898423175651,,0.006513409961685824,0.06458997123147833,,0.3046875,0.027221826955795468,0.01732298079005166,-0.005568100968230891,D,0.009578544061302681,0.048019715201946776,0.07114795681628361,0.025365793299718505
Travis Sanheim,D,2022,2023,6250000.0,83500000.0,0.0748502994011976,26.0,0.9878048780487805,20.40267489711934,,0.0066561110158637315,0.01391732303316962,0.004520104480772916,,,,0.004244100511975519,0.44797380270159637,0.46951912154486936,,0.005215329909126828,0.025525177244168338,,0.2054263565891473,0.0369111610879716,0.013312222031727463,-0.0024204040057686296,D,0.02370604504148558,0.08584366207126073,0.08289883719757557,0.02541424206057061
MacKenzie Weegar,D,2022,2023,6250000.0,83500000.0,0.0748502994011976,28.0,0.9878048780487805,21.098559670781892,,0.005266288924214202,0.01813943962784892,0.0038794995075044614,,,,0.0039335422619596275,0.5678752107925801,0.6139622641509433,,0.005565142364106989,0.04521206565306859,,0.24581589958158995,0.1088366377670935,0.02223544212445996,-0.0058514321380157795,D,0.012942191544434857,0.07935517217839066,0.06846175601478462,0.03627887925569783
Joshua Morrissey,D,2019,2020,6250000.0,81500000.0,0.07668711656441718,24.0,0.7926829268292683,22.76282051282051,,0.007434525485778654,0.020275978597578147,0.0036226415094339627,,,,0.0025941791104527804,0.42418516769012754,0.47797927461139894,,0.007770169693361119,0.07567445789918333,,0.29535864978902954,0.02297944241058857,0.014869050971557309,-0.0040551957195156295,D,0.03572491813039595,0.03880597014925373,0.03920022528865109,0.031089833849619827
Ryan Ellis,D,2019,2019,6250000.0,81500000.0,0.07668711656441718,27.0,0.5975609756097561,23.467346938775513,,0.013914253413340289,0.032176711018349416,0.006104878685103052,,,,0.0030514071009734903,0.5634756181793065,0.5366946778711484,,0.009510823248679053,0.0850363799750703,,0.2997076023391813,0.04174276024002087,0.020871380120010434,0.0008696408383337692,D,0.03068007499573888,0.09760269008899325,0.08348552048004174,0.031307070180015655
Ryan Pulock,D,2021,2022,6150000.0,82500000.0,0.07454545454545454,27.0,0.6829268292682927,21.135119047619046,,0.005914326752471344,0.017742980257414033,0.00494268735742248,,,,0.0034671376395342857,0.49801390268123136,0.4670299727520436,,0.01551176096630642,0.06645168558312445,,0.23355263157894737,0.07266172867321936,0.01267355732672431,0.003379615287126482,D,0.012714558169103623,0.07253499309995212,0.10983749683161068,0.02788182611879348
Jake Walman,D,2024,2026,7000000.0,,,29.0,0.7926829268292683,22.771282051282054,,0.01080983695162598,0.027024592379064946,0.006594000540491847,,,,0.004360702305762896,0.496061421876558,0.5053995680345572,,0.011763417305585982,0.10280605350869292,,0.2589641434262948,0.03851004414016755,0.01824159985586884,-0.0067561480947662365,D,0.026286966046002194,0.10672461940365732,0.09796414737411044,0.05404918475812989
Vladislav Gavrikov,D,2024,2025,7000000.0,88000000.0,0.07954545454545454,29.0,1.0,23.086585365853658,,0.0047541070202313665,0.015847023400771224,0.003158839997887064,,,,0.0026004753557101836,0.566951566951567,0.5488099344601587,,0.0,0.0036624231859560155,,0.16040100250626566,0.026411705667952038,0.011621150493898896,-0.004225872906872327,D,0.0,0.13249872343422606,0.0739527758702657,0.03644815382177381
Brady Skjei,D,2023,2024,7000000.0,88000000.0,0.07954545454545454,30.0,0.975609756097561,21.278125,,0.009399324423557056,0.027610515494198858,0.0057394624761345275,,,,0.004859030359914805,0.5336358083936829,0.5820125322521195,,0.023457061278278058,0.044578254271307585,,0.298879202988792,0.04053458657658981,0.025848142164781908,-0.0041122044353062125,D,0.07906874588183614,0.09870269741029031,0.05287119988250844,0.02114847995300338
Aaron Ekblad,D,2024,2025,6100000.0,88000000.0,0.06931818181818182,29.0,0.6829268292682927,23.5125,,0.01063264221158958,0.02506265664160401,0.004518872939925572,,,,0.0029932575086835116,0.531542715269157,0.5562130177514792,,0.013048078053367815,0.107680818207134,,0.3181148748159057,0.0683526999316473,0.01746791220475431,-0.006835269993164731,D,0.04231809098389561,0.09509885825675299,0.04860636439583808,0.04329004329004329
Philip Broberg,D,2024,2026,8000000.0,,,24.0,0.8292682926829268,20.499754901960785,,0.007173686916390679,0.02080369205753297,0.003493585528282261,,,,0.003426888946442933,0.5237178187715387,0.4807692307692308,,0.001571503404924044,0.02282428053898301,,0.2561863173216885,0.03084685374047992,0.015782111216059495,0.001434737383278136,D,0.0,0.06550771769150755,0.073888975238824,0.073888975238824
Ryan McDonagh,D,2019,2019,6750000.0,81500000.0,0.08282208588957055,29.0,0.6097560975609756,20.63866666666667,,0.006783383939530977,0.011628658182053104,0.002064086827314426,,,,0.0020119586296056882,0.5270015698587127,0.5027816411682893,,0.0,0.0048129724142386456,,0.17490494296577946,0.03488597454615931,0.024226371212610634,0.0009690548485044252,D,0.0,0.1515440273919504,0.09690548485044254,0.03100975515214161
Quinn Hughes,D,2020,2021,7850000.0,81500000.0,0.09631901840490797,21.0,0.6829268292682927,22.8125,,0.015655577299412915,0.03209393346379648,0.003827788649706458,,,,0.002652925531914894,0.44119446824134134,0.48997772828507796,,0.010119099365382944,0.15007175472928896,,0.4963768115942029,0.014090019569471625,0.026614481409001956,-0.0031311154598825837,D,0.05216030600712857,0.003000652315720809,0.03365949119373777,0.046966731898238745
Gustav Forsling,D,2023,2024,5750000.0,88000000.0,0.06534090909090909,27.0,0.9634146341463414,22.14198312236287,,0.00971863596085867,0.02229569426314636,0.004259049288729241,,,,0.0038229179405649995,0.5686994243764077,0.582977207977208,,0.02379471228615863,0.024506207540518136,,0.22247191011235956,0.06345697597972426,0.023439063199717967,-0.0017150534048574117,D,0.02332814930015552,0.14549369717873714,0.05831181576515202,0.027440854477718598
Adam Pelech,D,2020,2021,5750000.0,81500000.0,0.0705521472392638,26.0,0.6829268292682927,21.043154761904763,,0.0042429814015981894,0.01188034792447493,0.0034962166749169083,,,,0.0034340159460085353,0.6061721404303511,0.5198366394399067,,0.01477832512315271,0.005742168163496216,,0.15114235500878734,0.0560073545010961,0.021214907007990946,-0.002545788840958913,D,0.0,0.09884732338589916,0.06194752846333357,0.03903542889470334
Torey Krug,D,2019,2020,6500000.0,81500000.0,0.07975460122699386,28.0,0.7439024390243902,20.506284153005467,,0.01678813638362224,0.03757344809667834,0.006195621760622493,,,,0.003715042482198755,0.5183792815371763,0.5532763532763533,,0.013329303309656945,0.17632872769909264,,0.5356521739130434,0.028779662371923836,0.017587571449509013,0.0,D,0.06347287290312831,0.005462806283559618,0.03837288316256512,0.03837288316256512
Justin Faulk,D,2019,2020,6500000.0,81500000.0,0.07975460122699386,27.0,0.8414634146341463,20.28913043478261,,0.003571556127004536,0.010714668381013608,0.004800171434694096,,,,0.003925155925155925,0.5097377869655098,0.5,,0.018181818181818184,0.05146612379013536,,0.30626780626780625,0.05785920925747348,0.017143469409621772,-0.009286045930211793,D,0.013879250520471896,0.05116849411288498,0.05143040822886531,0.026429515339833565
Martin Fehervary,D,2024,2026,6000000.0,,,25.0,0.9878048780487805,19.00473251028807,,0.006496107748773859,0.016240269371934648,0.0025659625607656745,,,,0.003056420078206049,0.5172909368543969,0.5087064676616916,,0.0,0.0021112350183515043,,0.12640449438202248,0.09029589770795664,0.007145718523651245,-0.0019488323246321581,D,0.0,0.14986520576421294,0.0974416162316079,0.03962625726752054
Evan Bouchard,D,2024,2025,10500000.0,88000000.0,0.11931818181818182,25.0,1.0,23.458333333333332,,0.007278083438027987,0.03483082788199108,0.0067790148594203525,,,,0.005004574073077544,0.5788156200829638,0.5928104575163399,,0.011990008326394673,0.13527704371182256,,0.385,0.016115756184204827,0.02859247064939566,0.0025993155135814235,D,0.019214756933324795,0.00981674825629251,0.05614521509335875,0.06654247714768445
Neal Pionk,D,2024,2025,7000000.0,88000000.0,0.07954545454545454,29.0,0.8414634146341463,22.060144927536232,,0.0111684130998916,0.025621653582104262,0.0034556384062017537,,,,0.003016358558318925,0.5143235803853604,0.5093555093555093,,0.01383191141768016,0.06032038016402238,,0.23597122302158274,0.07489406431692014,0.019708964293926354,-0.007883585717570541,D,0.0435650753312761,0.0757700182855391,0.06635351312288539,0.047301514305423245
Jonas Brodin,D,2020,2021,6000000.0,81500000.0,0.0736196319018405,27.0,0.6463414634146342,22.44245283018868,,0.0058850729328681324,0.019336668207995292,0.004052293076632057,,,,0.002013900661129005,0.5069622051719239,0.46646341463414637,,0.01791044776119403,0.0384911793966399,,0.22202486678507993,0.02942536466434066,0.011770145865736265,-0.0016814494093908942,D,0.0,0.09106449759692856,0.08323174576484929,0.0159737693892135
Erik Cernak,D,2022,2023,5200000.0,83500000.0,0.06227544910179641,25.0,0.8536585365853658,19.240238095238094,,0.0037124577707928572,0.011879864866537145,0.0029551163855511143,,,,0.0028677981581551105,0.516419958827566,0.5166493236212278,,0.011570247933884299,0.004492073902659357,,0.17564102564102563,0.15518073481914144,0.015592322637330002,-0.0037124577707928572,D,0.0,0.14686482941256543,0.07424915541585715,0.023017238178915714
Niko Mikkola,D,2024,2026,5000000.0,,,29.0,0.926829268292683,20.194298245614036,,0.001954694524683448,0.014334426514345286,0.0037399821905609973,,,,0.0035033873563648614,0.5541419281877297,0.5489964580873672,,0.0,0.005625176465477923,,0.28793309438470727,0.08926438329387747,0.00977347262341724,-0.00847034294029494,D,0.0,0.08675585865386704,0.057337706057381144,0.0645049193145538
Michael Matheson,D,2019,2018,4875000.0,,,23.0,0.7073170731707317,17.92758620689655,,0.0038468936333910368,0.019234468166955183,0.004972110021157915,,,,0.0038717980801887633,0.46526938062609163,0.4994232987312572,,0.011570247933884299,0.011636853241007886,,0.2526997840172786,0.04135410655895365,0.03943065974225813,0.0,D,0.0,0.066310829005578,0.04904789382573572,0.05097134064243124
Jaccob Slavin,D,2019,2018,5300000.0,,,23.0,0.8292682926829268,23.325490196078434,,0.00882649630127774,0.022066240753194348,0.0038710490921318084,,,,0.0032766697898541025,0.5433531746031746,0.5499553969669938,,0.004539086578873634,0.0375021015467384,,0.26456876456876455,0.027109952925353058,0.05106758574310692,0.00441324815063887,D,0.016811431773606052,0.12307708473436449,0.06682918628110289,0.03089273705447209
Kris Letang,D,2021,2022,6100000.0,82500000.0,0.07393939393939394,34.0,0.9512195121951219,25.777350427350427,,0.016910094663373065,0.03382018932674613,0.0048193769790613235,,,,0.003699073076093986,0.5146788315797219,0.512396694214876,,0.010102604577742699,0.12602994081466867,,0.3652085452695829,0.08504782904225866,0.0293439877982062,-0.00547091297932658,D,0.04340962904498816,0.052437871980636284,0.06067739849798571,0.03929110230607271
Shea Theodore,D,2019,2018,5200000.0,,,22.0,0.8658536585365854,22.231455399061034,,0.007602475027981332,0.029142820940595105,0.00639874981521762,,,,0.005708923125048878,0.5797774467712258,0.5834373699542239,,0.007245703669298653,0.1364010727936984,,0.4434782608695652,0.012670791713302218,0.03547821679724621,-0.002534158342660444,D,0.032512772875058056,0.006430426794500876,0.04308069182522754,0.034844677211581104
Samuel Girard,D,2019,2020,5000000.0,81500000.0,0.06134969325153374,21.0,0.8536585365853658,21.296666666666667,,0.009391141023634371,0.022807056771683473,0.0028642980122084833,,,,0.0020645844362096348,0.510709234188725,0.5194915254237288,,0.0037021543610123403,0.10690248865237126,,0.37203495630461925,0.030856606220512936,0.025490239921293293,0.007378753661427007,D,0.03137418950010458,0.00462849093307694,0.060371620866220964,0.02616103570869575
Esa Lindell,D,2019,2019,5800000.0,81500000.0,0.07116564417177915,24.0,0.8414634146341463,23.416908212560386,,0.006189012439915004,0.01423472861180451,0.003131640294596992,,,,0.0018665088301284256,0.5058599936648717,0.4697314519799727,,0.016480571683787405,0.04619066284323232,,0.2571756601607348,0.05508221071524354,0.019185938563736512,0.0012378024879830009,D,0.0401965163019205,0.15305427763909804,0.07860045798692056,0.038371877127473024
Matt Roy,D,2023,2024,5750000.0,88000000.0,0.06534090909090909,29.0,0.9878048780487805,20.89485596707819,,0.007090173216870673,0.014771194201813902,0.004378181961417641,,,,0.004921950233614305,0.558747605962195,0.5362521891418564,,0.0,0.008498360397443599,,0.20256410256410257,0.08980886074702853,0.007090173216870673,-0.006499325448798117,D,0.06952491309385864,0.13041979733921555,0.11639701031029355,0.032496627243990585
Kaiden Guhle,D,2024,2025,5550000.0,88000000.0,0.06306818181818181,22.0,0.6707317073170732,21.175757575757576,,0.007727532913566113,0.015455065827132224,0.0029622209502003435,,,,0.0029429676569829645,0.4623943035157989,0.4640826873385013,,0.0,0.004479107040641099,,0.18933823529411764,0.08929593589009731,0.012020606754436176,-0.006868918145392101,D,0.0,0.09447624499141385,0.10646823125357756,0.04035489410417859
Marcus Pettersson,D,2024,2025,5500000.0,88000000.0,0.0625,28.0,0.9512195121951219,21.690598290598288,,0.00827488375758531,0.01714083064071243,0.002175112301993853,,,,0.0017289258118863649,0.535922749873892,0.504406779661017,,0.0,0.005792418630309717,,0.17562724014336917,0.047285050043344636,0.018914020017337854,-0.0059106312554180794,D,0.0,0.11317873748916384,0.08511309007802034,0.05201355504767909
Brett Pesce,D,2023,2024,5500000.0,88000000.0,0.0625,29.0,0.8536585365853658,20.28857142857143,,0.0021123785382340513,0.009153640332347557,0.004076890578791719,,,,0.0036699269871883185,0.5412726556343578,0.5836446658364467,,0.00996309963099631,0.0063606064873492,,0.26142857142857145,0.017603154485283764,0.024644416279397268,-0.0007041261794113506,D,0.0,0.10971459418861193,0.07956625827348261,0.012674271229404309
Michael Anderson,D,2022,2023,4125000.0,83500000.0,0.04940119760479042,23.0,0.9390243902439024,21.65995670995671,,0.002398345141852122,0.01199172570926061,0.0027820803645484614,,,,0.002925744466451232,0.5142523753958993,0.5184577522559475,,0.007009345794392523,0.004277048836302951,,0.1923536439665472,0.09713297824501095,0.01079255313833455,-0.0011991725709260609,D,0.0,0.1025192617094205,0.07734663082473094,0.018587174849353946
Kevin Bahl,D,2024,2025,5350000.0,88000000.0,0.06079545454545455,25.0,0.8902439024390244,21.387214611872146,,0.005764550151586319,0.012810111447969598,0.002171313890430847,,,,0.0020813360916292446,0.47967997090644604,0.4933579335793358,,0.006607929515418502,0.004846492164481831,,0.1875,0.0698151073914343,0.015372133737563517,-0.0032025278619923995,D,0.0,0.11047653614586447,0.07429864639822366,0.05444297365387079
Victor Hedman,D,2024,2025,8000000.0,88000000.0,0.09090909090909091,33.0,0.9634146341463414,23.079746835443036,,0.01425985849832721,0.03619810234190753,0.006674710689409313,,,,0.004326871329992705,0.5278864970645792,0.5231046931407942,,0.01179840520244639,0.11807345655313625,,0.42326139088729015,0.021389787747490813,0.0137114024022377,-0.004936104864805571,D,0.027870248509715877,0.06455328250973509,0.07294466077990457,0.06526627543465145
Michael Matheson,D,2024,2026,6000000.0,,,31.0,0.975609756097561,25.080625,,0.007974282937526478,0.015450173191457549,0.004555309128062,,,,0.0036416556672420213,0.45297085623917466,0.47058823529411764,,0.004603580562659846,0.07470075672622459,,0.2579979360165119,0.02990356101572429,0.021430885394602407,-0.0024919634179770235,D,0.026687423551651285,0.13096929070414579,0.083729970844028,0.05332801714470831
Nikita Zadorov,D,2023,2024,5000000.0,88000000.0,0.056818181818181816,29.0,0.9146341463414634,17.44088888888889,,0.00840935732123745,0.015289740584068092,0.0024692931043269967,,,,0.0024595506757246117,0.49509803921568624,0.5085470085470085,,0.0,0.006918607614290811,,0.18518518518518517,0.1353142041690026,0.012996279496457878,-0.017583201671678306,D,0.0,0.0882855104225065,0.05198511798583151,0.024463584934508946
Mattias Samuelsson,D,2022,2023,4285714.0,83500000.0,0.05132591616766467,22.0,0.6707317073170732,22.176060606060606,,0.0024596548284390755,0.008198849428130251,0.003402522512674055,,,,0.0026286542643150523,0.4857623200588421,0.48234683281412255,,0.0,0.003388857763627171,,0.22070844686648503,0.08772768888099369,0.017217583799073528,-0.004919309656878152,D,0.0,0.11593173091376177,0.0746095297959853,0.017217583799073528
Vince Dunn,D,2022,2023,7350000.0,83500000.0,0.08802395209580838,26.0,0.9878048780487805,23.66934156378601,,0.01251814696652265,0.0333817252440604,0.005085497205149826,,,,0.004062288422477996,0.5405114979583064,0.5490128160720471,,0.009040590405904058,0.11308059426425461,,0.40831556503198296,0.05998278754792103,0.026079472846922188,-0.002086357827753774,D,0.027675276752767528,0.024401693427103528,0.0417271565550755,0.028165830674675964
Alex Vlasic,D,2023,2024,4600000.0,88000000.0,0.05227272727272727,22.0,0.926829268292683,21.47872807017544,,0.0030630060341218872,0.00980161930919004,0.00232175857386439,,,,0.0018065571332986398,0.46596808306094983,0.45358735306039727,,0.008403908794788273,0.03134476174918065,,0.226457399103139,0.034305667582165134,0.036756072409462645,-0.001837803620473131,D,0.01954397394136808,0.10385632459695945,0.09066497861000786,0.02879225672074574
Jakob Chychrun,D,2019,2019,4600000.0,81500000.0,0.05644171779141104,20.0,0.7682926829268293,22.461904761904762,,0.004946646880079147,0.018373259840293973,0.005603844251289662,,,,0.003920186759459102,0.5010720411663808,0.49675925925925923,,0.017204837302082034,0.09446917767884484,,0.2907488986784141,0.052293124160836695,0.01907992368030528,-0.0021199915200339203,D,0.014960728088766986,0.06542529385438013,0.06713306480107413,0.036746519680587945
Rasmus Andersson,D,2019,2020,4550000.0,81500000.0,0.0558282208588957,23.0,0.8536585365853658,19.94404761904762,,0.0057303169581567484,0.01575837163493106,0.0035169820330687046,,,,0.0027280453257790367,0.5356128468429102,0.5119266055045871,,0.008430431802604523,0.06967110368292247,,0.3183856502242152,0.03653077060824927,0.013609502775622277,0.0035814480988479672,D,0.0205620287868403,0.03390437533576076,0.059452038440876265,0.02793529517101415
Chris Tanev,D,2023,2024,4500000.0,88000000.0,0.05113636363636364,34.0,0.9146341463414634,19.683777777777777,,0.005419013965250573,0.01287015816747011,0.0008805897693532182,,,,0.001019719981655831,0.5416155419222904,0.5162928480744816,,0.0,0.0026982173701976813,,0.1750291715285881,0.030481953554534473,0.01693441864140804,-0.005419013965250573,D,0.0,0.11913927994851936,0.14021698635085858,0.02574031633494022
Ryan Graves,D,2022,2023,4500000.0,83500000.0,0.05389221556886228,28.0,0.9512195121951219,19.94786324786325,,0.0032135052915720466,0.016710227516174642,0.0036698230429752774,,,,0.0037227455248245583,0.5318838228135648,0.5184473481936972,,0.0,0.002602939286173358,,0.18193069306930693,0.05334418784009597,0.014782124341231415,-0.0057843095248296846,D,0.0,0.11552551523201508,0.09769056086379022,0.03020694974077724
John Marino,D,2020,2021,4400000.0,81500000.0,0.053987730061349694,23.0,0.6341463414634146,20.73365384615385,,0.0046375736214812405,0.012057691415851226,0.0022816862217687702,,,,0.0017471813633987904,0.476881639982044,0.5114777618364419,,0.008500914076782448,0.06764674055867304,,0.2891566265060241,0.04452070676621991,0.026897927004591194,0.0009275147242962479,D,0.027422303473491772,0.0846048014345561,0.046375736214812405,0.01947780921022121
Esa Lindell,D,2024,2025,5250000.0,88000000.0,0.05965909090909091,30.0,0.975609756097561,22.180625,,0.00676265885203866,0.01465242751275043,0.004057595311223196,,,,0.0025724987632217483,0.49546033092914726,0.4615103976650857,,0.03757225433526012,0.009749499845022401,,0.13147914032869784,0.028177745216827747,0.01690664713009665,0.001690664713009665,D,0.0,0.15295819361867996,0.09580433373721435,0.061427484572684495
Cameron York,D,2024,2025,5150000.0,88000000.0,0.058522727272727275,24.0,0.8048780487804879,20.783080808080808,,0.004374187433931543,0.012393531062806041,0.003601414320603638,,,,0.004017240657823158,0.5415969899665551,0.48558352402745997,,0.0,0.007351064993134956,,0.16942148760330578,0.04374187433931544,0.018225780974714764,-0.006561281150897316,D,0.0,0.08926987521415293,0.09185793611256242,0.06561281150897316
Rasmus Ristolainen,D,2021,2022,5100000.0,82500000.0,0.06181818181818182,27.0,0.8048780487804879,21.440909090909088,,0.004946646880079147,0.011306621440180907,0.004289449508868632,,,,0.0032751633446365066,0.47051661158462343,0.4605651623787431,,0.023168789808917196,0.02958565943514004,,0.23609022556390977,0.16253268320260053,0.00847996608013568,-0.004239983040067841,D,0.0,0.08368077638800556,0.08833298000141333,0.02331990672037312
Mattias Ekholm,D,2021,2022,6250000.0,82500000.0,0.07575757575757576,31.0,0.926829268292683,23.47828947368421,,0.0067251380054361536,0.017373273180710063,0.005167147700843445,,,,0.0038321713147410354,0.48538497003227293,0.4894894894894895,,0.00632688927943761,0.06377672541821952,,0.21187427240977882,0.04427382520245468,0.016252416846470705,-0.005604281671196795,D,0.01757469244288225,0.1316352359869607,0.05380110404348923,0.03362569002718077
Scott Mayfield,D,2022,2023,3500000.0,83500000.0,0.041916167664670656,30.0,1.0,21.028861788617885,,0.0052193075718621335,0.013918153524965688,0.0027024414760975046,,,,0.003140066191037871,0.5100086349006986,0.48946986201888165,,0.0,0.0018170922657594092,,0.1540436456996149,0.06205176779880536,0.012178384334344977,-0.006379153698942607,D,0.0,0.12333030484622373,0.09742707467475982,0.03711507606657517
Sean Durzi,D,2023,2024,6000000.0,88000000.0,0.06818181818181818,25.0,0.926829268292683,22.71951754385965,,0.006370594878427814,0.023744944546867305,0.005328133898321444,,,,0.003506136375210062,0.49566831683168316,0.5114806017418844,,0.01124453390712848,0.13906236426289323,,0.3219178082191781,0.025482379513711257,0.012741189756855629,-0.005212304900531848,D,0.01665856875130145,0.05276010849316126,0.09266319823167729,0.03880271425951487
Neal Pionk,D,2020,2021,5875000.0,81500000.0,0.07208588957055215,25.0,0.6585365853658537,21.953086419753088,,0.016027443482172984,0.02699358902260713,0.0033573276346867617,,,,0.0025745030337568304,0.48596031448895544,0.5035756853396901,,0.010907424381301559,0.09203126757395119,,0.29233511586452765,0.11556630300303677,0.016027443482172984,0.003374198627825892,D,0.06416131989000917,0.03371386795636037,0.06242267461477899,0.0371161849060848
Rasmus Sandin,D,2023,2024,4600000.0,88000000.0,0.05227272727272727,23.0,0.8292682926829268,21.120588235294118,,0.008355382258738338,0.016014482662581812,0.0030427517058905446,,,,0.002513048521167601,0.4520873298620627,0.46116700201207245,,0.001906443071491615,0.0657406117996565,,0.27389705882352944,0.05222113911711461,0.016014482662581812,-0.005570254839158892,D,0.042365401588702556,0.011047672097665134,0.0738058766188553,0.021584737501740704
Jamie Oleksiak,D,2020,2021,4600000.0,81500000.0,0.05644171779141104,28.0,0.6829268292682927,20.47827380952381,,0.0026160129056636682,0.01220806022643045,0.0038106587992500765,,,,0.004110910962429233,0.5463712540832268,0.5255761663856099,,0.0030612244897959186,0.00569709477233421,,0.26357827476038337,0.12905663667940762,0.014824073132094119,-0.003488017207551557,D,0.0,0.07265249175229264,0.07673637856613426,0.035752176377403466
Jake McCabe,D,2024,2025,4513102.0,88000000.0,0.05128525,31.0,0.8048780487804879,21.512626262626263,,0.0070430801737293115,0.016199084399577415,0.002098837891771335,,,,0.0018571104043616541,0.528919246447064,0.4896884598508118,,0.0,0.008134757600657355,,0.1625615763546798,0.08310834605000587,0.00633877215635638,-0.0007043080173729302,D,0.0,0.10910905035802325,0.09508158234534571,0.05845756544195328
Nicolas Hague,D,2024,2025,5500000.0,88000000.0,0.0625,26.0,0.8292682926829268,16.99607843137255,,0.0017305029995385325,0.010383017997231195,0.003106252884171666,,,,0.0024720040890293202,0.47236559139784945,0.47439613526570046,,0.0,0.001067143516382095,,0.2559055118110236,0.07095062298107983,0.015574526995846792,-0.0017305029995385336,D,0.0,0.05690470696815875,0.0640286109829257,0.048454083987078914
Adam Larsson,D,2024,2025,5250000.0,88000000.0,0.05965909090909091,31.0,1.0,21.18577235772358,,0.005180651227046837,0.016117581595256825,0.0037876316748853543,,,,0.002778635381290522,0.45790285273708564,0.48644986449864497,,0.0,0.004576241917224706,,0.2243211334120425,0.05986530306809678,0.018995721165838402,-0.005756279141163152,D,0.0,0.11861772550223536,0.08519293128921465,0.03165953527639734
William Borgen,D,2024,2025,4100000.0,88000000.0,0.04659090909090909,28.0,1.024390243902439,17.08154761904762,,0.0027877478482071297,0.010454054430776736,0.002097780255775865,,,,0.0019840557791392173,0.44488479262672814,0.46077654516640254,,0.04788732394366198,0.0049482524305676555,,0.17912552891396333,0.08502630937031747,0.015332613165139215,-0.0006969369620517824,D,0.0,0.07165673531495743,0.08154162456005855,0.05087639822978012
Marcus Pettersson,D,2019,2020,4025175.0,81500000.0,0.049388650306748466,23.0,0.8414634146341463,19.366666666666667,,0.006735014592531618,0.016463369003966177,0.0022150714659881763,,,,0.002207064343745927,0.531323877068558,0.5194416749750748,,0.0052144659377628255,0.04448851305844496,,0.35266457680250785,0.0785751702462022,0.0127216942303375,-0.005986679637805882,D,0.01682085786375105,0.06419466686622266,0.06286013619696176,0.02843672827957794
Johnathan Kovacevic,D,2024,2025,4000000.0,88000000.0,0.045454545454545456,27.0,0.9878048780487805,19.813991769547325,,0.006230788402425853,0.01059234028412395,0.002367699592921824,,,,0.0020022981199423026,0.5391042456038084,0.5142503097893433,,0.0,0.0034580875633463486,,0.1475609756097561,0.0635540417047437,0.01744620752679239,-0.011215419124366535,D,0.0,0.11974536844728753,0.06168480518401595,0.062307884024258534
Dylan Demelo,D,2023,2024,4900000.0,88000000.0,0.05568181818181818,31.0,1.0,21.729674796747968,,0.006734636610232906,0.017397811243101677,0.001767842110186138,,,,0.0016476122750396585,0.5216012975523445,0.509830056647784,,0.0,0.0036385745019175005,,0.3011305241521069,0.09316247310822187,0.007857076045271725,-0.004489757740155272,D,0.15424164524421594,0.11269291927789729,0.07800954073519784,0.03367318305116453
Sam Malinski,D,2024,2026,4750000.0,,,27.0,0.926829268292683,15.954166666666666,,0.004948385589201523,0.012370963973003808,0.0036453107173784554,,,,0.0033911569062214687,0.5116146012129534,0.5247657295850067,,0.022596630327056492,0.013869225165289824,,0.23340040241448692,0.04700966309741447,0.023917197014474027,0.0,D,0.05946481665014866,0.01747055023298649,0.08824620967409383,0.05608170334428393
Ben Chiarot,D,2021,2022,4750000.0,82500000.0,0.05757575757575758,30.0,0.9024390243902439,22.848873873873874,,0.0065057319441295626,0.01537718459521533,0.0036254669834103834,,,,0.0031888768067247423,0.4803820952080209,0.4918541505042669,,0.007957189390414145,0.0423661149937407,,0.21566401816118047,0.09285453774803103,0.011828603534781023,-0.010645743181302922,D,0.0,0.12141075811491488,0.07688592297607665,0.04080868219499453
Artem Zub,D,2022,2023,4600000.0,83500000.0,0.055089820359281436,27.0,0.6463414634146342,20.25314465408805,,0.000931604689076935,0.009316046890769349,0.002235851253784644,,,,0.0012172532415983064,0.5233656322825954,0.4997098084735926,,0.0,0.005216986258830836,,0.208955223880597,0.12204021426907848,0.00745283751261548,-0.00931604689076935,D,0.0,0.07007219936340346,0.06241751416815464,0.028879745361384983
Cam Fowler,D,2024,2026,6100000.0,,,33.0,0.8292682926829268,21.54313725490196,,0.011604623646127242,0.02730499681441704,0.003495039592245381,,,,0.002709006833899415,0.49690618762475053,0.506039689387403,,0.012951807228915663,0.06798944206789842,,0.3051702395964691,0.005460999362883408,0.010921998725766815,-0.0040957495221625555,D,0.0,0.05128788568308,0.059388368071357056,0.043005369982706834
Sean Walker,D,2023,2024,3600000.0,88000000.0,0.04090909090909091,29.0,0.9878048780487805,19.231687242798355,,0.0057775019793293815,0.01861639526672801,0.004981490595510667,,,,0.0035392806526985104,0.5315589353612167,0.5383795309168443,,0.013719885667619437,0.026202041384032697,,0.23865300146412885,0.0757494703956519,0.026319731239167185,-0.010271114629918901,D,0.024499795835034706,0.10096719662765069,0.08152697237498127,0.016048616609248282
Josh Manson,D,2021,2022,4500000.0,82500000.0,0.05454545454545454,30.0,0.8170731707317073,18.97761194029851,,0.0031458906802988595,0.012583562721195438,0.0036728273692489184,,,,0.0036972953282943264,0.4841212989493792,0.5042821158690176,,0.0,0.0016778083628260585,,0.1721556886227545,0.14077860794337396,0.029885961462839165,-0.01258356272119544,D,0.0,0.10749770612137895,0.055053086905230045,0.033818324813212744
Cody Ceci,D,2024,2025,4500000.0,88000000.0,0.05113636363636364,31.0,1.0365853658536586,21.211764705882352,,0.0033277870216306157,0.013311148086522463,0.0019412090959511925,,,,0.001928070631004934,0.3980805042257556,0.43053777208706784,,0.005825242718446602,0.004760584211499353,,0.17357222844344905,0.04215196894065446,0.012756516916250694,-0.0011092623405435384,D,0.0,0.10972453318543168,0.08596783139212424,0.04270660011092623
Ryan Lindgren,D,2024,2025,4500000.0,88000000.0,0.05113636363636364,27.0,0.8780487804878049,19.703935185185188,,0.0035243946852128146,0.015507336614936385,0.0026221496457983343,,,,0.002184294672148167,0.4782735491396909,0.5012765957446809,,0.0,0.0007871148130308619,,0.2668428005284016,0.05639031496340503,0.008458547244510756,-0.004229273622255378,D,0.0,0.12056954218113039,0.09022450394144806,0.05075128346706453
Connor Murphy,D,2021,2022,4400000.0,82500000.0,0.05333333333333334,28.0,0.6951219512195121,21.762573099415206,,0.0016122964475734937,0.008061482237867469,0.0016445423765249637,,,,0.0018083125572001136,0.45463797615585927,0.4381306425916091,,0.0,0.0024990594937389153,,0.16778523489932887,0.1047992690922771,0.015316816251948192,-0.010479926909227711,D,0.0,0.11789917772881174,0.12092223356801203,0.0378889665179771
Jacob Middleton,D,2024,2025,4350000.0,88000000.0,0.04943181818181818,28.0,0.8170731707317073,21.874378109452735,,0.004776255188491499,0.014328765565474497,0.0033911411838289645,,,,0.0037330977957317473,0.4732424960505529,0.4547244094488189,,0.0,0.0037186558253255245,,0.2,0.0675498948086655,0.014328765565474499,-0.0013646443395690013,D,0.0,0.08803093193836356,0.1071245806561665,0.043668618866207994
Dylan Samberg,D,2024,2025,5750000.0,88000000.0,0.06534090909090909,26.0,0.7317073170731707,21.1375,,0.007884880741178789,0.015769761482357578,0.0024995071949536762,,,,0.0022931696085955492,0.5426640705532012,0.5232889733840305,,0.03444108761329305,0.004349825875550299,,0.16166666666666665,0.044155332150601224,0.026020106445890007,-0.0023654642223536375,D,0.18126888217522658,0.11107168670740522,0.09461856889414548,0.050463236743544256
Jonas Siegenthaler,D,2022,2023,3400000.0,83500000.0,0.0407185628742515,25.0,0.975609756097561,20.153958333333332,,0.004341578887522095,0.013024736662566287,0.001997126288260164,,,,0.0017794748027808798,0.5482245876330544,0.5311827956989247,,0.04159663865546218,0.004920456072525042,,0.2627450980392157,0.06264278109139024,0.017986541105448683,-0.004961804442882396,D,0.0,0.10721632433661708,0.09365405885940521,0.02232811999297078
Zach Whitecloud,D,2021,2022,2750000.0,82500000.0,0.03333333333333333,25.0,0.7195121951219512,18.799717514124296,,0.007212513711289086,0.017129720064311578,0.003768538414148547,,,,0.0038656794454470325,0.55196017423771,0.5274725274725275,,0.0,0.0039218043305134405,,0.2585551330798479,0.08835329296329131,0.011720334780844765,-0.0045078210695556785,D,0.0,0.08588901744526754,0.10367988459978061,0.02344066956168953
Dante Fabbro,D,2024,2025,4125000.0,88000000.0,0.046875,27.0,0.8292682926829268,20.89558823529412,,0.003518896474065733,0.018298261665141813,0.002280244915194595,,,,0.002329034779210629,0.535901334684913,0.507137490608565,,0.0020547945205479454,0.0034250592347573132,,0.26618705035971224,0.04715321275248082,0.016890703075515517,-0.005630234358505172,D,0.0,0.06949820536279823,0.10064043915827996,0.05489478499542543
Erik Gudbranson,D,2021,2022,4000000.0,82500000.0,0.048484848484848485,29.0,0.9512195121951219,18.139316239316237,,0.003533901898883287,0.012015266456203176,0.0025514771709937334,,,,0.0027616964706891375,0.5292828061384278,0.5753424657534246,,0.0,0.003981529472741836,,0.27899159663865547,0.10248315506761534,0.014135607595533149,-0.007774584177543233,D,0.0,0.15301795222164633,0.06502379493945248,0.029684775950619614
Nick Leddy,D,2021,2022,4000000.0,82500000.0,0.048484848484848485,30.0,0.9146341463414634,21.41911111111111,,0.0037349822588342704,0.014939929035337082,0.0016869669869068122,,,,0.0014138144428047794,0.4650598376433174,0.45965770171149145,,0.0025767336112163704,0.082138484842197,,0.2710674157303371,0.023032390596144668,0.018674911294171353,-0.0037349822588342704,D,0.0,0.015635050733509015,0.04170730189031602,0.02054240242358849
Adam Larsson,D,2020,2021,4000000.0,81500000.0,0.049079754601226995,28.0,0.6829268292682927,19.663690476190478,,0.0018162554866051157,0.00908127743302558,0.0024428636294838804,,,,0.0027880744195945585,0.4916482823826033,0.45998698763825635,,0.0,0.0014378689268957166,,0.13076923076923078,0.1507492053882246,0.010897532919630694,-0.007265021946420463,D,0.0,0.1153624943242016,0.1162403511427274,0.03814136521870743
Joel Edmundson,D,2023,2024,3850000.0,88000000.0,0.04375,31.0,0.6463414634146342,16.666037735849056,,0.0022642363862787275,0.006792709158836183,0.0028189743009170163,,,,0.0030159137577002054,0.4820601851851852,0.4763140817650876,,0.0,0.0014340163779765274,,0.1501597444089457,0.09056945545114911,0.010189063738254274,-0.006792709158836183,D,0.0,0.10117362919355448,0.07358768255405865,0.040756254953017095
Oliver Ekman-Larsson,D,2023,2024,3500000.0,88000000.0,0.03977272727272727,32.0,0.975609756097561,18.39375,,0.0067957866123003734,0.021746517159361198,0.004777437988447163,,,,0.003537787354230058,0.5394351464435146,0.5613165013525698,,0.013131768953068593,0.10039642088571753,,0.35125,0.07135575942915393,0.010193679918450561,-0.01019367991845056,D,0.03384476534296029,0.07759655680144976,0.04757050628610262,0.02378525314305131
David Savard,D,2020,2021,3500000.0,81500000.0,0.04294478527607362,30.0,0.6585365853658537,19.84598765432099,,0.0,0.0055986687609834995,0.0035271613194196045,,,,0.002815331511577736,0.46613423437260026,0.4463171036204744,,0.0,0.006516228363478017,,0.21365638766519823,0.12317071274163698,0.0065317802211474155,-0.007464891681311333,D,0.0,0.08964090760641359,0.1017091491578669,0.022394675043933998
Dmitry Orlov,D,2024,2025,6500000.0,88000000.0,0.07386363636363637,33.0,0.926829268292683,19.996491228070177,,0.00592209159501667,0.018424284962274082,0.004408668187401299,,,,0.003597611669563903,0.5566021126760563,0.5934110084371234,,0.0,0.0013379540270222845,,0.24182076813655762,0.06645902789963151,0.013818213721705563,0.0,D,0.49180327868852464,0.09713326899456044,0.03948061063344446,0.06448499736795929
Kaedan Korczak,D,2024,2026,3250000.0,,,24.0,0.4878048780487805,15.073333333333332,,0.00829279080053074,0.01658558160106148,0.0016585581601061478,,,,0.0016969285593076533,0.557373375168086,0.49353049907578556,,0.0,0.00284719150818222,,0.28668941979522183,0.09785493144626273,0.011609907120743035,-0.0016585581601061478,D,0.0,0.014070101724900487,0.06634232640424592,0.05970809376382132
Mario Ferraro,D,2021,2022,3250000.0,82500000.0,0.03939393939393939,23.0,0.7682926829268293,23.00079365079365,,0.002070321935060902,0.009661502363617543,0.0016010489631137642,,,,0.0015171295469224534,0.46675927763445124,0.4499113475177305,,0.005402701350675337,0.022992075267704127,,0.2219215155615697,0.09661502363617543,0.021393326662295986,0.0006901073116869667,D,0.0,0.11261401147878496,0.10420620406473206,0.024153755909043857
Bowen Byram,D,2024,2025,6250000.0,88000000.0,0.07102272727272728,24.0,1.0,22.697154471544717,,0.00752216351750694,0.020417300976090267,0.004733590042088296,,,,0.0035595882045018324,0.4737806274330204,0.4915136820228611,,0.009483550817864363,0.04872391868899436,,0.3029439696106363,0.04029730455807289,0.008059460911614578,-0.00376108175875347,D,0.0,0.07655592370377004,0.06232649771648607,0.04513298110504164
Ryan McDonagh,D,2024,2026,4100000.0,,,36.0,1.0,20.37032520325203,,0.007184051405878949,0.018558799465187285,0.0025802717966115223,,,,0.0020871186764846515,0.5286093888396811,0.4907621247113164,,0.009364548494983279,0.00895013070982419,,0.1826530612244898,0.013769431861267986,0.014368102811757898,-0.004789367603919299,D,0.0,0.11588274031649738,0.09099798447446669,0.06884715930633993
Nick Jensen,D,2022,2023,4050000.0,83500000.0,0.048502994011976046,32.0,0.9390243902439024,20.616666666666667,,0.008818990225619166,0.018267908324496845,0.003288223498409432,,,,0.0032174747251125383,0.500627142737687,0.49295774647887325,,0.0,0.001249356948629382,,0.15180722891566265,0.06740228243866077,0.02267740343730643,0.005039422986068094,D,0.0,0.11431091140064463,0.08063076777708952,0.0371657445222522
Mattias Ekholm,D,2024,2026,4000000.0,,,35.0,0.7926829268292683,22.196153846153845,,0.006238086986657425,0.022872985617743893,0.005392479639577196,,,,0.00447237526243853,0.5950481430536452,0.5975872468763465,,0.01993067590987868,0.039993068792237046,,0.2821997105643994,0.029111072604401315,0.024259227170334432,-0.005544966210362156,D,0.01733102253032929,0.08859238722347369,0.0658464737480506,0.05752902443250736
Brian Dumoulin,D,2024,2025,4000000.0,88000000.0,0.045454545454545456,33.0,0.975609756097561,19.54375,,0.0063959066197633516,0.014070994563479372,0.0025007994883274706,,,,0.002575523814263674,0.42572480028722737,0.4586793198892843,,0.0,0.0015776569662082933,,0.20628930817610064,0.0473297089862488,0.017908538535337384,0.0031979533098816758,D,0.0,0.10492484809721778,0.06971538215542053,0.03389830508474576
Brenden Dillon,D,2023,2024,4000000.0,88000000.0,0.045454545454545456,33.0,0.9390243902439024,18.74134199134199,,0.002771842697926893,0.013859213489634464,0.002009585955996997,,,,0.002218747875739243,0.49247524752475247,0.49035699630693474,,0.0,0.006871860021943755,,0.2152230971128609,0.1670035225500953,0.004157764046890339,-0.012473292140671019,D,0.0,0.1118900502396489,0.07691863486747127,0.01940289888548825
Radko Gudas,D,2022,2023,4000000.0,83500000.0,0.04790419161676647,33.0,0.8780487804878049,17.36087962962963,,0.005600074667662235,0.013600181335751143,0.0032480433072440964,,,,0.003395932665174662,0.5782499178622276,0.558116723884257,,0.0037325038880248835,0.008573447645968613,,0.2440944881889764,0.24960332804437393,0.016000213336177814,-0.014400192002560033,D,0.0,0.1325617674902332,0.09920132268430246,0.02880038400512007
Ben Chiarot,D,2024,2026,3850000.0,,,34.0,0.9878048780487805,21.23230452674897,,0.004070201281144308,0.007558945236410859,0.0024479353419453623,,,,0.002570711075865715,0.4408393991017501,0.44288107202680066,,0.0017751479289940828,0.006551085871556076,,0.24368825466520308,0.0738450803864753,0.015117890472821716,-0.005233115932899823,D,0.08875739644970414,0.079630580778959,0.08256694027464168,0.05000533002548722
Alex Carrier,D,2023,2024,3750000.0,88000000.0,0.04261363636363636,33.0,0.8902439024390244,18.800228310502284,,0.005100491833141052,0.014572833808974436,0.002987430930839759,,,,0.0029304772532935263,0.5195058517555267,0.5125932835820896,,0.007041383570105003,0.019661181613941345,,0.1629746835443038,0.04371850142692331,0.011658267047179548,-0.0072864169044872164,D,0.0,0.10615095027020463,0.09982391159147488,0.01603011718987188
Brett Kulak,D,2021,2022,2750000.0,82500000.0,0.03333333333333333,27.0,0.9024390243902439,17.75472972972973,,0.005327853255698901,0.015983559767096703,0.0021996422727099747,,,,0.0022621110264051565,0.4989185291997116,0.5083532219570406,,0.0,0.004033946036457739,,0.23738317757009345,0.07839555504814097,0.0159835597670967,-0.006088975149370171,D,0.0,0.060090573505346884,0.04795067930129011,0.041861704151919935
Brayden McNabb,D,2024,2025,3650000.0,88000000.0,0.04147727272727273,33.0,1.0,20.11280487804878,,0.00424435349401243,0.012126724268606944,0.0022616340760951946,,,,0.002468023155048702,0.5422199080100668,0.5159399047270062,,0.025,0.0007276034561164165,,0.24971098265895952,0.07943004395937547,0.01273306048203729,-0.006063362134303472,D,0.0,0.09334546005760194,0.10125814764286797,0.04790056086099742
Nick Seeler,D,2023,2024,2700000.0,88000000.0,0.03068181818181818,30.0,0.8658536585365854,16.948356807511736,,0.005817174515235457,0.010803324099722993,0.0027922437673130194,,,,0.002886718180492784,0.5484649122807018,0.5182291666666666,,0.012244897959183675,0.004750692520775623,,0.2403846153846154,0.10969529085872577,0.008310249307479225,-0.0008310249307479211,D,0.0,0.1110803324099723,0.1703601108033241,0.024930747922437674
Nate Schmidt,D,2024,2025,3500000.0,88000000.0,0.03977272727272727,33.0,0.975609756097561,16.52958333333333,,0.0068059791787451794,0.014368178266239824,0.002994630838647879,,,,0.002974194488992564,0.5814819122949867,0.5677480916030534,,0.004826599928494816,0.07050490282574172,,0.33962264150943394,0.062010032517456085,0.021174157444985003,-0.002268659726248393,D,0.04290311047550947,0.041453454664616474,0.053691613521211976,0.06654735196995287
Olli Maatta,D,2024,2025,3500000.0,88000000.0,0.03977272727272727,30.0,0.9390243902439024,19.554761904761904,,0.005977220149873261,0.011954440299746521,0.003101513122212014,,,,0.0031246087979770166,0.5193536264562195,0.5190808370947887,,0.0,0.0029332654439192854,,0.22704081632653061,0.0166033893052035,0.017267524877411643,0.00132827114441628,D,0.0,0.08388032276988809,0.08235281095380936,0.06907009950964657
Justin Holl,D,2022,2023,3400000.0,83500000.0,0.0407185628742515,31.0,0.975609756097561,20.241458333333334,,0.0012350888749369591,0.011115799874432631,0.00240842330612707,,,,0.0022028522190863905,0.5218661325321315,0.5012325390304027,,0.0,0.002748072746734734,,0.15755208333333334,0.09324921005774041,0.017291244249117425,-0.003705266624810877,D,0.0,0.14085159377926904,0.08583867680811866,0.03458248849823485
Jake Walman,D,2022,2023,3400000.0,83500000.0,0.0407185628742515,27.0,0.7682926829268293,19.71851851851852,,0.004024900719115595,0.014489642588816142,0.005224321133412042,,,,0.0045960866298631305,0.5334270740125272,0.5019305019305019,,0.006307977736549166,0.04338842975206612,,0.196048632218845,0.0378340667596866,0.026564344746162927,-0.0032199205752924745,D,0.03710575139146568,0.10146774712890415,0.09740259740259741,0.028979285177632284
Connor Clifton,D,2022,2023,3333333.0,83500000.0,0.039920155688622755,28.0,0.9512195121951219,17.85576923076923,,0.006462035541195477,0.01651409082749955,0.00389158140369772,,,,0.003995318616570483,0.5072126570497906,0.4850171232876712,,0.0,0.005002094178184647,,0.27232142857142855,0.14934482139651767,0.014360078980434392,-0.003590019745108598,D,0.0,0.07090288996589482,0.08616047388260635,0.033746185604020824
Ilya Lyubushkin,D,2023,2024,3250000.0,88000000.0,0.036931818181818184,30.0,0.9024390243902439,17.124774774774774,,0.003156482626193545,0.00631296525238709,0.0021385169792461265,,,,0.0023122510443991063,0.456534123276746,0.4549689440993789,,0.009677419354838708,0.0016308493568666649,,0.20538243626062322,0.13888523555251597,0.018149775100612883,-0.009469447878580634,D,0.0,0.14823631533261436,0.13257227030012889,0.03156482626193545
Carson Soucy,D,2022,2023,3250000.0,83500000.0,0.038922155688622756,28.0,0.9512195121951219,16.29188034188034,,0.003934632636466175,0.012590824436691761,0.0025889882747947434,,,,0.0028783018019368574,0.5097796762589928,0.516979219462747,,0.001721664275466284,0.00914146315872308,,0.27181208053691275,0.11253049340293261,0.022820869291503818,-0.01416467749127823,D,0.0,0.10150040657870577,0.07554494662015057,0.025181648873383523
Shayne Gostisbehere,D,2023,2024,3200000.0,88000000.0,0.03636363636363636,31.0,0.9878048780487805,19.08744855967078,,0.011642321996442625,0.036220557322265944,0.006138090874791139,,,,0.0028787645651778596,0.47672886937431397,0.49020501138952166,,0.015648081573959083,0.16492211502182935,,0.4018817204301075,0.018757074327602007,0.013582708995849728,0.009701934997035519,D,0.023530949735276818,0.017646741766830162,0.0485096749851776,0.021344256993478146
Henri Jokiharju,D,2024,2025,3000000.0,88000000.0,0.03409090909090909,26.0,0.7317073170731707,17.825833333333332,,0.0028049179561497827,0.009349726520499275,0.0018418961245383573,,,,0.0017666695198151159,0.4787234042553191,0.5147379912663755,,0.0005314437555358725,0.017593068736072803,,0.2719449225473322,0.04674863260249638,0.012154644476649058,-0.004674863260249638,D,0.0,0.04503451607373818,0.04955355055864616,0.059838249731195364
Tyler Myers,D,2023,2024,3000000.0,88000000.0,0.03409090909090909,34.0,0.9390243902439024,18.948917748917747,,0.008224435712327515,0.01987571963812483,0.002857991410033812,,,,0.0030013084723585215,0.5179591441572272,0.4904513888888889,,0.0,0.015203783240427671,,0.16164383561643836,0.07539066069633556,0.008909805355021476,-0.01644887142465503,D,0.0,0.11339440738371562,0.09321027140637851,0.02261719820890067
Jalen Chatfield,D,2023,2024,3000000.0,88000000.0,0.03409090909090909,28.0,0.8780487804878049,15.197222222222223,,0.003655638822884299,0.020106013525863643,0.004341071102175105,,,,0.004462001023541454,0.5879390813068043,0.6108165429480382,,0.0,0.002924511058307439,,0.2984189723320158,0.053006762931822334,0.02101992323158472,-0.0027417291171632236,D,0.0,0.041095473100590994,0.06031804057759093,0.027417291171632243
Trevor Van Riemsdyk,D,2022,2023,3000000.0,83500000.0,0.03592814371257485,31.0,0.9146341463414634,19.065333333333335,,0.004895447234072313,0.016085040911951884,0.002797398419469893,,,,0.00295828813726457,0.5184913278884097,0.5112483458314954,,0.0020253164556962027,0.013812154696132596,,0.2830655129789864,0.014686341702216938,0.020980488146024195,0.0020980488146024193,D,0.05063291139240506,0.1275846795813227,0.11189593677879571,0.027973984194698927
Brayden McNabb,D,2021,2022,2850000.0,82500000.0,0.034545454545454546,30.0,0.8414634146341463,19.7,,0.0036783638637534026,0.013242109909512249,0.0026557787096299565,,,,0.002749450837200506,0.5251887865935657,0.5060918462980318,,0.0,0.0010544643076093087,,0.18926553672316385,0.1132936070036048,0.02721989259177518,-0.005149709409254763,D,0.0,0.12526055077368253,0.13168542632237182,0.020598837637019054
Luke Schenn,D,2022,2023,2750000.0,83500000.0,0.03293413173652695,33.0,0.8536585365853658,16.354761904761904,,0.009608385500072791,0.019216771000145582,0.0024195661668365122,,,,0.0026871841984382177,0.45706127827805837,0.4491922876498176,,0.0,0.003275585965933906,,0.20621931260229132,0.2777696899111952,0.009608385500072791,-0.019216771000145582,D,0.0,0.09095938273402242,0.08560197990973942,0.028825156500218375
Andrew Peeke,D,2022,2023,2750000.0,83500000.0,0.03293413173652695,25.0,0.975609756097561,21.246875,,0.0011766436240623621,0.0076481835564053535,0.0019649948521841447,,,,0.0017422918929127908,0.4242741092254484,0.4368151935719503,,0.0,0.0018728244349659263,,0.18635809987819732,0.1058979261656126,0.014119723488748345,0.0017649654360935426,D,0.0,0.1387655047310879,0.11589939697014266,0.018237976172966613
Jan Rutta,D,2021,2022,2750000.0,82500000.0,0.03333333333333333,31.0,0.926829268292683,16.38728070175439,,0.004014666916468164,0.01445280089928539,0.002729973503198351,,,,0.002682167569082781,0.528677781272937,0.5229403058707449,,0.0,0.0014988089821481145,,0.25569176882662,0.07467280464630784,0.004817600299761796,-0.008029333832936327,D,0.0,0.0695206487701737,0.05700827021384792,0.01445280089928539
Martin Fehervary,D,2022,2023,2675000.0,83500000.0,0.032035928143712575,23.0,0.8170731707317073,20.000248756218905,,0.003731296874416985,0.011940149998134352,0.004865611124239748,,,,0.003813345305572703,0.47026002737130224,0.4666364049024058,,0.008602150537634409,0.003470106093207796,,0.18811881188118812,0.16193828434969715,0.00970137187348416,0.0014925187497667938,D,0.0,0.0790661807688959,0.09552119998507481,0.0246265593711521
Thomas Harley,D,2023,2024,4000000.0,88000000.0,0.045454545454545456,23.0,0.9634146341463414,21.0168776371308,,0.008432041758682996,0.028307568761292916,0.004529211001806866,,,,0.004084448737408582,0.5557436517533253,0.5560553633217993,,0.007522200940275117,0.057649066452519576,,0.3224181360201511,0.040353342702268626,0.02228468179080506,-0.0012045773940975706,D,0.05223750652968832,0.04319413772334872,0.08130897410158604,0.03673961051997591
Jeremy Lauzon,D,2021,2022,2000000.0,82500000.0,0.024242424242424242,24.0,0.8048780487804879,17.671464646464646,,0.002572200231498021,0.0060018005401620495,0.0024607382214664403,,,,0.002535792680929136,0.46127033307513554,0.47273781902552203,,0.0,0.001600480144043213,,0.19439252336448598,0.19205761728518556,0.00857400077166007,-0.0077166006944940635,D,0.0,0.0997442089769788,0.05401620486145844,0.020577601851984168
Josh Manson,D,2024,2026,3950000.0,,,33.0,0.5853658536585366,18.041319444444444,,0.006928539810234993,0.017321349525587483,0.0023903462345310723,,,,0.0022370689655172413,0.48814301349872313,0.5288035450516987,,0.0,0.0010777728593698878,,0.17913832199546487,0.12124944667911237,0.02309513270078331,-0.0034642699051174956,D,0.0,0.07596374064165977,0.06813064146731077,0.08545199099289824
Niko Mikkola,D,2022,2023,2500000.0,83500000.0,0.029940119760479042,27.0,0.9878048780487805,17.431069958847736,,0.0014165141946526588,0.004249542583957976,0.0016573216077436107,,,,0.001787247745813654,0.44706675657451106,0.4306535025858016,,0.0,0.0019713155875582837,,0.1590909090909091,0.10694682169627574,0.006374313875936965,-0.012040370654547602,D,0.0,0.09642920380097976,0.07507525231659092,0.0240807413090952
Jacob Middleton,D,2021,2022,2450000.0,82500000.0,0.029696969696969697,25.0,0.8048780487804879,18.684343434343436,,0.004054601973239627,0.011352885525070956,0.003195026354912826,,,,0.0024601958872951767,0.49655328285682,0.46235472460838806,,0.004724409448818898,0.010298689012028652,,0.24525316455696203,0.0956886065684552,0.021894850655493986,-0.008920124341127177,D,0.0,0.08248411947560481,0.10055412893634275,0.015407487498310581
Janis Moser,D,2023,2024,3375000.0,88000000.0,0.03835227272727273,24.0,0.975609756097561,20.571458333333332,,0.0048611040782637754,0.01579858825435727,0.0029470443474474135,,,,0.002775284260921604,0.48026141481939416,0.49594124468496326,,0.002687747035573123,0.03843310411877297,,0.19067357512953367,0.06015616296851422,0.01276039820544241,-0.0036458280586978316,D,0.0,0.11065088158147919,0.06805545709569286,0.02126733034240402
Mason Lohrei,D,2024,2025,3200000.0,88000000.0,0.03636363636363636,24.0,0.9390243902439024,19.527489177489176,,0.005985568130175023,0.02194708314397508,0.004229801478657016,,,,0.0032599665035804247,0.4676864244741874,0.474390243902439,,0.008847446600889082,0.10223128678630414,,0.4219409282700422,0.016626578139375063,0.02394227252070009,0.0006650631255750022,D,0.02602190176732083,0.016571156212243813,0.06850150193422526,0.06916656505980026
Timothy Liljegren,D,2023,2024,3000000.0,88000000.0,0.03409090909090909,25.0,0.6707317073170732,19.663333333333334,,0.007397247607452727,0.02126708687142659,0.003014378400036986,,,,0.002328690807799443,0.541030534351145,0.49252136752136755,,0.00743801652892562,0.08204780471266317,,0.36795774647887325,0.08506834748570635,0.009246559509315909,-0.0018493119018631815,D,0.056348610067618335,0.05330641557120622,0.10726009030806453,0.036986238037263634
Olli Maatta,D,2022,2023,3000000.0,83500000.0,0.03592814371257485,28.0,0.9512195121951219,18.70705128205128,,0.005482644005071445,0.015762601514580404,0.0019394853167940239,,,,0.0016940591366515136,0.4441009274957614,0.46376146788990824,,0.0,0.003038298552810426,,0.21994134897360704,0.053455779049446595,0.015762601514580407,0.0,D,0.0,0.07925847239831409,0.08772230408114312,0.026042559024089366
Nick Perbix,D,2024,2025,2750000.0,88000000.0,0.03125,27.0,0.9024390243902439,14.684684684684687,,0.006441717791411042,0.017484662576687113,0.0042331288343558275,,,,0.0043148984916947745,0.5075410568651548,0.517948717948718,,0.0,0.0009969325153374234,,0.27789473684210525,0.046012269938650305,0.01932515337423313,-0.003680981595092024,D,0.0,0.01794478527607362,0.0607361963190184,0.05705521472392638
William Borgen,D,2022,2023,2700000.0,83500000.0,0.032335329341317366,26.0,1.0,16.359756097560975,,0.007454342154304882,0.014908684308609765,0.0021468505404398062,,,,0.0019628402466132615,0.49737118822292326,0.5040341718082582,,0.08098159509202453,0.0040501925705056525,,0.15097402597402598,0.1513231457323891,0.010436079016026835,-0.0014908684308609765,D,0.0,0.09505528637097777,0.06634364517331345,0.01714498695490123
Dmitry Kulikov,D,2023,2024,1150000.0,88000000.0,0.013068181818181817,33.0,0.926829268292683,16.513815789473682,,0.009561372056890165,0.01593562009481694,0.0037209672921397555,,,,0.003801707466628933,0.5399686520376176,0.5438169425511198,,0.0,0.004090142491003015,,0.3258064516129032,0.11553324568742282,0.017529182104298633,-0.0031871240189633877,D,0.0,0.13010105839076797,0.06692960439823115,0.03744870722281981
Conor Timmins,D,2024,2025,2200000.0,88000000.0,0.025,26.0,0.8292682926829268,16.92205882352941,,0.005214217432866951,0.013035543582167377,0.0026418701659859213,,,,0.002549277704650349,0.51583342999652,0.5164102564102564,,0.0,0.013832160134410939,,0.2550091074681239,0.04779699313461371,0.009559398626922743,-0.006952289910489267,D,0.0,0.09343587960951305,0.07821326149300425,0.051273138089858346
Braden Schneider,D,2023,2024,2200000.0,88000000.0,0.025,22.0,1.0,15.898373983739837,,0.00383533623114293,0.014574277678343133,0.0028918435182817693,,,,0.0028093758348683197,0.4893962455606291,0.4907640638119228,,0.0,0.0010227563283047815,,0.2079646017699115,0.12810023012017385,0.01917668115571465,-0.002301201738685758,D,0.0,0.06805164919457939,0.10201994374840194,0.029915622602914853
Ryker Evans,D,2024,2025,2050000.0,88000000.0,0.023295454545454546,23.0,0.8902439024390244,19.480593607305934,,0.0070319367125695875,0.017579841781423966,0.0022572516847348375,,,,0.0019654461879854176,0.44939227707862756,0.4636324968098681,,0.007904884318766067,0.036472311749194256,,0.283363802559415,0.08649282156460593,0.008438324055083504,-0.004219162027541752,D,0.0,0.045156753589217696,0.07453852915323762,0.05133313800175799
Simon Benoit,D,2023,2024,1350000.0,88000000.0,0.01534090909090909,25.0,0.7804878048780488,17.228125,,0.000906947215672048,0.0045347360783602395,0.0014329766007618358,,,,0.0015314456847263817,0.5028500619578687,0.5093134646088345,,0.0,0.0017383154967047585,,0.1371308016877637,0.2231090150553238,0.015418102666424816,-0.00816252494104843,D,0.0,0.08774714311627063,0.0925086159985489,0.026301469254489392
Vincent Desharnais,D,2023,2024,2000000.0,88000000.0,0.022727272727272728,28.0,0.9512195121951219,15.727991452991452,,0.0,0.00896653850856576,0.0009781678372980831,,,,0.001137207208630139,0.5450422845937002,0.5194174757281553,,0.0,0.0027578898746043177,,0.2177293934681182,0.10922874183161928,0.01141195810181097,-0.009781678372980832,D,0.0,0.12305894819786162,0.09944706345863845,0.03423587430543291
Erik Gustafsson,D,2023,2024,2000000.0,88000000.0,0.022727272727272728,32.0,0.926829268292683,17.39188596491228,,0.011348304689371683,0.023453163024701476,0.0034650156984881537,,,,0.002942143561737838,0.5280816921954777,0.5412483631601921,,0.0037881445106980006,0.07189781482088592,,0.37791932059447986,0.047662879695361066,0.019670394794910916,-0.006052429167664897,D,0.06313574184496668,0.01182745533181182,0.049932540633235406,0.029505592192366373
Jon Merrill,D,2021,2022,1200000.0,82500000.0,0.014545454545454545,29.0,0.8414634146341463,17.112801932367148,,0.005928267957711689,0.016937908450604826,0.001863169929566531,,,,0.001996411678355896,0.5127240817349881,0.48507462686567165,,0.0,0.002540686267590724,,0.19560878243512975,0.0389571894363911,0.005081372535181448,-0.006775163380241929,D,0.0,0.1121148390192951,0.09485228732338702,0.017784803873135066
Jake Bean,D,2023,2024,1750000.0,88000000.0,0.019886363636363636,26.0,0.8780487804878049,16.327083333333334,,0.0051039938752073495,0.01105865339628259,0.0031134362638764834,,,,0.002611859083983707,0.4494949494949495,0.47189483227561196,,0.0,0.0028071966313640423,,0.21308016877637131,0.023818638084300965,0.021266641146697293,-0.008506656458678916,D,0.0,0.06336041285639346,0.09357322104546809,0.012759984688018375
Joel Hanley,D,2024,2025,1750000.0,88000000.0,0.019886363636363636,34.0,0.6463414634146342,18.580503144654088,,0.0020309379548454796,0.009139220796804657,0.0018481535389093865,,,,0.0019218449711723253,0.5184202770409667,0.530373831775701,,0.0,0.005077344887113699,,0.22928709055876687,0.05585079375825069,0.007108282841959178,-0.004061875909690959,D,0.0,0.06976271874894222,0.09139220796804658,0.06803642148732357
Wyatt Kaiser,D,2024,2025,1700000.0,88000000.0,0.019318181818181818,23.0,0.6951219512195121,18.116959064327485,,0.0019367333763718527,0.007746933505487411,0.0020045190445448675,,,,0.00204954873970731,0.4536649214659685,0.47177658942364825,,0.0,0.0028889606197546806,,0.19402985074626866,0.05229180116204002,0.022272433828276306,0.0019367333763718525,D,0.0,0.0854906391220142,0.09005810200129115,0.05810200129115558
Jacob Bernard-Docker,D,2024,2026,1600000.0,,,25.0,0.4878048780487805,13.615,,0.005508630187293426,0.014689680499449137,0.002038193169298568,,,,0.002090657960823707,0.49633789062500006,0.4944612286002014,,0.0,0.004070265638389032,,0.29508196721311475,0.055086301872934264,0.005508630187293426,-0.0073448402497245675,D,0.0,0.00508018117272616,0.0918105031215571,0.040396621373485125
Declan Chisholm,D,2024,2025,1600000.0,88000000.0,0.01818181818181818,25.0,0.8048780487804879,16.992676767676766,,0.005349898203325853,0.010699796406651706,0.0018100488921252468,,,,0.0017330686934211165,0.5326639892904954,0.5086912065439673,,0.0025,0.0499323832310413,,0.2429245283018868,0.029424440118292195,0.02407454191496634,-0.003566598802217235,D,0.0,0.010045919959578547,0.061523829338247314,0.07400692514600764
Tyler Kleven,D,2024,2025,1600000.0,88000000.0,0.01818181818181818,23.0,0.9634146341463414,14.46561181434599,,0.0026251695421996004,0.008750565140665335,0.0024676593696676243,,,,0.00225154339668321,0.4379052369077307,0.4682498709344347,,0.02531645569620253,0.006912946461125614,,0.2828096118299446,0.09188093397698602,0.026251695421996006,0.0,D,0.0,0.016932343547187423,0.08488048186445375,0.056003616900258145
Urho Vaakanainen,D,2024,2025,1550000.0,88000000.0,0.017613636363636363,26.0,0.6219512195121951,16.41078431372549,,0.007168887030288547,0.01911703208076946,0.002413525300197144,,,,0.002566328583225697,0.45356234096692116,0.4637391882900865,,0.0,0.0013939502558894398,,0.14335664335664336,0.022701475595913734,0.011948145050480911,-0.0011948145050480908,D,0.0,0.05131728299181552,0.05854591074735647,0.047792580201923646
Ian Cole,D,2023,2024,3100000.0,88000000.0,0.035227272727272725,35.0,0.9512195121951219,18.689316239316238,,0.0020579425148057533,0.007545789220954429,0.001406260718450598,,,,0.001424764955199978,0.5457297974524953,0.48698035632708997,,0.0,0.005327784510552672,,0.12446351931330472,0.0569364095762925,0.012347655088834519,-0.01097569341229735,D,0.0,0.1337776964763451,0.113872819152585,0.028811195207280545
Ian Cole,D,2024,2025,3000000.0,88000000.0,0.03409090909090909,36.0,1.0,20.282113821138214,,0.004810197618952178,0.01022166994027338,0.003138653946366296,,,,0.0023748713913938147,0.5203324912395078,0.523826714801444,,0.0,0.0015833567162384255,,0.22403003754693368,0.06373511845111636,0.015031867559225557,-0.015633142261594582,D,0.0,0.13140858620274984,0.1268689621998637,0.07095041487954463
Jordan Spence,D,2023,2024,1500000.0,88000000.0,0.017045454545454544,23.0,0.8658536585365854,14.42605633802817,,0.012692213814986576,0.023431779350744447,0.0037490846961191113,,,,0.003445881270997166,0.5323336457357076,0.5554245283018868,,0.005457967377666248,0.10375071190301847,,0.46357615894039733,0.06541371735416159,0.005857944837686112,-0.001952648279228704,D,0.037641154328732745,0.0014156700024408103,0.053697827678789355,0.017573834513058335
Colin Miller,D,2023,2024,1500000.0,88000000.0,0.017045454545454544,31.0,0.5609756097560976,15.705072463768115,,0.004152632307479353,0.012457896922438058,0.002796105753702764,,,,0.0026185402921469463,0.5314954051796157,0.5454545454545454,,0.0031347962382445144,0.022078161768098556,,0.3525835866261398,0.12596317999354037,0.01937895076823698,-0.005536843076639137,D,0.06269592476489029,0.05495316753564343,0.05121579845891201,0.02353158307571633
Jayden Struble,D,2024,2025,1412500.0,88000000.0,0.016051136363636365,23.0,0.6829268292682927,14.954464285714286,,0.005970505701832945,0.015523314824765655,0.0018627977789718788,,,,0.0019696555207171567,0.5311545510079413,0.5208613728129206,,0.0,0.0017911517105498836,,0.2988505747126437,0.14806854140545703,0.027464326228431545,-0.01194101140366589,D,0.0,0.03038987402232969,0.0644814615797958,0.06089915815869604
Michael Kesselring,D,2023,2024,1400000.0,88000000.0,0.015909090909090907,24.0,0.7926829268292683,15.792820512820512,,0.006819067411352124,0.020457202234056372,0.002980906611248214,,,,0.002861186937620059,0.4944961896697714,0.5183630640083945,,0.0,0.002695155214962982,,0.2883895131086142,0.10326016365761788,0.013638134822704248,-0.014612287310040266,D,0.0,0.016219638914144695,0.057474996752825046,0.027276269645408496
Ty Emberson,D,2024,2025,1300000.0,88000000.0,0.014772727272727272,24.0,0.926829268292683,15.113377192982455,,0.0060942873311374554,0.01131796218639813,0.0018021678250649332,,,,0.001999387942466592,0.5010660980810235,0.49548532731376976,,0.0,0.0020749597341729905,,0.20416666666666666,0.10882655948459742,0.02785959922805694,0.0034824499035071175,D,0.0,0.12192927724654294,0.0844494101600476,0.04091878636620863
Arber Xhekaj,D,2023,2024,1300000.0,88000000.0,0.014772727272727272,23.0,0.5365853658536586,15.927272727272726,,0.00856164383561644,0.014269406392694067,0.0023829908675799087,,,,0.002076560041950708,0.5204946996466431,0.4893280632411067,,0.005988023952095809,0.059574771689497714,,0.34532374100719426,0.1783675799086758,0.005707762557077626,-0.021404109589041098,D,0.0,0.021094939117199393,0.06992009132420092,0.039954337899543384
Zach Bogosian,D,2023,2024,1250000.0,88000000.0,0.014204545454545454,33.0,0.7926829268292683,17.88051282051282,,0.005162474546132446,0.012045773940975708,0.0024005506639515873,,,,0.002297260340084619,0.5230466185160866,0.5141298958849777,,0.012080536912751677,0.004273381707631858,,0.2394678492239468,0.09378495425473944,0.009464536667909484,-0.0111853615166203,D,0.0,0.08364642785441821,0.07141423122149884,0.021510310608885194
Brayden Pachal,D,2024,2025,1187500.0,88000000.0,0.013494318181818182,25.0,0.926829268292683,14.240131578947368,,0.00462000462000462,0.011088011088011088,0.0020512820512820513,,,,0.002198776185038095,0.4846281413445593,0.5071355759429154,,0.0,0.0011396011396011395,,0.3302180685358255,0.1469161469161469,0.014784014784014783,-0.012012012012012012,D,0.0,0.08496188496188496,0.07669207669207669,0.059136059136059134
Justin Barron,D,2023,2024,1150000.0,88000000.0,0.013068181818181817,22.0,0.5853658536585366,18.627083333333335,,0.002236886254333967,0.014539760653170787,0.004798121015546359,,,,0.004323244346199626,0.4640194736041382,0.46551724137931033,,0.006251915415262029,0.06082466539909779,,0.3,0.068225030757186,0.006710658763001901,-0.006710658763001902,D,0.0,0.03446668903552921,0.06598814450285202,0.036908623196510455
Albert Johansson,D,2024,2025,1125000.0,88000000.0,0.01278409090909091,24.0,0.7439024390243902,16.360928961748634,,0.002003974549523221,0.009017885472854495,0.0018236168400661312,,,,0.0019038936905033223,0.46126668411410626,0.4813753581661891,,0.0,0.0036238539770544914,,0.27331887201735355,0.07013910923331274,0.015029809121424159,0.0,D,0.0,0.02561747465807184,0.08316494380521368,0.05410731283712697
Drew Helleson,D,2024,2025,1100000.0,88000000.0,0.0125,24.0,0.6829268292682927,16.351190476190474,,0.006552602839461231,0.014197306152166,0.0025882781215871863,,,,0.002656923290772255,0.4002622759726067,0.4344991108476586,,0.0,0.0012741172187841281,,0.22632794457274827,0.1081179468511103,0.018565708045140152,-0.012013105205678921,D,0.0,0.058973425555151074,0.07972333454677831,0.051328722242446306
Parker Wotherspoon,D,2024,2025,1000000.0,88000000.0,0.011363636363636364,27.0,0.6707317073170732,18.02909090909091,,0.005042355788624445,0.0070592981040742235,0.0016942315449778136,,,,0.0012548550941141323,0.4858305933928292,0.4746081504702194,,0.0,0.00626932903052306,,0.16904761904761906,0.07563533682936668,0.015127067365873336,0.0030254134731746672,D,0.0,0.07013916901976604,0.06655909640984267,0.06857603872529246
Derek Forbort,D,2024,2025,2000000.0,88000000.0,0.022727272727272728,33.0,0.6585365853658537,17.101543209876542,,0.004331426302586223,0.011911422332112112,0.0015051706401487122,,,,0.0016564729867482163,0.42690563593176417,0.4694767441860465,,0.0,0.0027973794870869355,,0.15022421524663676,0.07038567741702612,0.008662852605172446,-0.0021657131512931097,D,0.0,0.1208106986229674,0.08337995632478479,0.05955711166056056
Jacob Christiansen,D,2024,2025,975000.0,88000000.0,0.011079545454545455,25.0,0.8292682926829268,12.539950980392158,,0.004690889900904951,0.009381779801809901,0.002052264331645916,,,,0.002124443524174345,0.43653250773993807,0.4432601880877743,,0.0,0.0018177198366006685,,0.20298507462686566,0.05863612376131189,0.009381779801809901,-0.0023454449504524753,D,0.0,0.03217168657037312,0.07622696088970544,0.05980884623653812
Ben Hutton,D,2023,2024,975000.0,88000000.0,0.011079545454545455,30.0,0.5,16.257723577235772,,0.006000900135020253,0.015002250337550632,0.0043056458468770315,,,,0.004260177089714317,0.5520596149865452,0.511443661971831,,0.003873908089631599,0.06583487523128469,,0.4253968253968254,0.025503825573836073,0.016502475371305694,-0.003000450067510126,D,0.02278769464489176,0.012401860279041856,0.08101215182277341,0.021003150472570883
Darren Raddysh,D,2023,2024,975000.0,88000000.0,0.011079545454545455,27.0,1.0,19.10569105691057,,0.005106382978723404,0.02106382978723404,0.002846808510638298,,,,0.0026511261315054096,0.5277009471125639,0.5244653860094237,,0.005406976744186046,0.03659574468085106,,0.3111111111111111,0.047872340425531915,0.008936170212765958,0.002553191489361701,D,0.01744186046511628,0.04252127659574468,0.06702127659574468,0.017872340425531916
Jackson Lacombe,D,2023,2024,925000.0,88000000.0,0.010511363636363636,23.0,0.8658536585365854,19.377230046948355,,0.007268586381091984,0.012356596847856373,0.0024204392649036306,,,,0.002544552221971577,0.46303285968028424,0.4440059200789344,,0.0004952538175815105,0.02935297466897646,,0.2155525238744884,0.03634293190545992,0.022532617781385152,-0.005814869104873587,D,0.049525381758151056,0.11859910111815088,0.0937647643160866,0.025440052333821944
Joshua Mahura,D,2024,2025,907500.0,88000000.0,0.0103125,27.0,0.7804878048780488,13.755208333333334,,0.005679666792881484,0.010223400227186673,0.0029761453994698976,,,,0.0023932651834034876,0.45584313725490194,0.4678168546781685,,0.0,0.0025369178341537297,,0.2712765957446808,0.10109806891329041,0.011359333585762969,-0.006815600151457781,D,0.0,0.03989019310867096,0.06134040136312003,0.04657326770162817
Nikolas Matinpalo,D,2024,2025,875000.0,88000000.0,0.009943181818181818,26.0,0.5,12.609756097560975,,0.0038684719535783366,0.007736943907156673,0.0036363636363636364,,,,0.0036055349834340283,0.44970278920896206,0.4777542372881356,,0.0,0.0003546099290780142,,0.2527075812274368,0.048355899419729204,0.015473887814313346,-0.013539651837524178,D,0.0,0.0022888459058671823,0.05609284332688588,0.059961315280464215
Uvis Balinskis,D,2024,2026,875000.0,,,29.0,0.926829268292683,14.852631578947367,,0.006201275690999292,0.015946137491141037,0.003401842664776754,,,,0.0028972040155977766,0.546896992962252,0.5519156024430871,,0.008836104513064132,0.06216040633120718,,0.34601449275362317,0.07352941176470588,0.0203756201275691,0.0017717930545712267,D,0.07125890736342043,0.026709780297661235,0.04872430900070872,0.04340892983699504
Troy Stecher,D,2023,2024,787500.0,88000000.0,0.008948863636363637,30.0,0.6585365853658537,18.119135802469135,,0.0030661261199877356,0.007154294279971383,0.003761114707184956,,,,0.0036841793520108984,0.5117996235702911,0.5030978934324659,,0.0,0.0030661261199877356,,0.22544642857142858,0.06949885871972201,0.013286546519946854,-0.008176336319967295,D,0.0,0.09920621401560317,0.07869723707968522,0.02248492487991006
Jani Hakanpaa,D,2023,2024,1470000.0,88000000.0,0.016704545454545455,32.0,0.7804878048780488,18.646354166666665,,0.004189827099801682,0.010055585039524036,0.0014329208681321752,,,,0.0015142086704003318,0.4961453744493392,0.47814498933901917,,0.0,0.0016061003882573113,,0.11524822695035461,0.16424122231222593,0.010893550459484373,-0.006703723359682691,D,0.0,0.16073573363872518,0.10306974665512138,0.025976928018770426
Sam Malinski,D,2024,2025,1400000.0,88000000.0,0.015909090909090907,26.0,0.926829268292683,15.954166666666666,,0.004948385589201523,0.012370963973003808,0.0036453107173784554,,,,0.0033911569062214687,0.5116146012129534,0.5247657295850067,,0.022596630327056492,0.013869225165289824,,0.23340040241448692,0.04700966309741447,0.023917197014474027,0.0,D,0.05946481665014866,0.01747055023298649,0.08824620967409383,0.05608170334428393
Urho Vaakanainen,D,2023,2024,1100000.0,88000000.0,0.0125,25.0,0.8292682926829268,17.47598039215686,,0.005048946733611961,0.011780875711761242,0.0014221199966340356,,,,0.0015644867936068503,0.47611670539633355,0.4825793031721269,,0.0,0.002201901769936327,,0.1589648798521257,0.046282011724776306,0.010939384589492581,-0.0025244733668059807,D,0.0,0.10597178199769992,0.06647779865922415,0.026086224790328464
Matthew Grzelcyk,D,2024,2025,1000000.0,88000000.0,0.011363636363636364,31.0,1.0,20.6119918699187,,0.011241384070761555,0.023666071727919062,0.0020826143120568773,,,,0.0020154517971111854,0.4666235132292257,0.5001753770606805,,0.002995506739890165,0.09875654514796225,,0.3635307781649245,0.02544102710751299,0.018932857382335248,-0.0017749553795939291,D,0.03594608087868198,0.028103460176903888,0.05975683111299563,0.05029040242182801
Travis Hamonic,D,2024,2025,1000000.0,88000000.0,0.011363636363636364,35.0,0.7195121951219512,17.066949152542374,,0.0009930979691146532,0.006951685783802572,0.0026813645166095636,,,,0.0029039882940006755,0.4660092044707429,0.4719600222098834,,0.014285714285714287,0.002780674313521029,,0.1827956989247312,0.07249615174536968,0.016882665474949102,-0.0029792939073439596,D,0.0,0.08684641739907642,0.09136501315854809,0.061572074085108494
Brent Burns,D,2024,2025,1000000.0,88000000.0,0.011363636363636364,40.0,1.0,20.955691056910567,,0.005819479738511378,0.016876491241682993,0.004137650094081589,,,,0.003456959706959707,0.55384,0.5780283739541652,,0.011443932411674348,0.07576962619541813,,0.3174097664543524,0.006401427712362515,0.02095012705864096,-0.005237531764660239,D,0.007680491551459294,0.10625400089232023,0.0570309014374115,0.060522589280518325
Erik Johnson,D,2023,2024,1000000.0,88000000.0,0.011363636363636364,36.0,0.8170731707317073,14.473383084577115,,0.0,0.006187374318959145,0.0022068301737620953,,,,0.0022157874858365857,0.4819136522753792,0.4834656084656085,,0.0,0.0004812402248079336,,0.21526418786692758,0.14746575460185965,0.006187374318959146,0.003093687159479573,D,0.0,0.1607857965385078,0.10002921815650619,0.015468435797397866
Jacob Bryson,D,2024,2025,900000.0,88000000.0,0.010227272727272727,27.0,0.5853658536585366,14.392361111111112,,0.007237635705669481,0.010132689987937274,0.0016791314837153195,,,,0.001834910759009781,0.43320363164721143,0.461734693877551,,0.0,0.0005307599517490953,,0.18155619596541786,0.02171290711700844,0.011580217129071169,-0.0028950542822677927,D,0.0,0.06318455971049457,0.0738238841978287,0.047768395657418576
Jacob Bernard-Docker,D,2024,2025,875000.0,88000000.0,0.009943181818181818,25.0,0.4878048780487805,13.615,,0.005508630187293426,0.014689680499449137,0.002038193169298568,,,,0.002090657960823707,0.49633789062500006,0.4944612286002014,,0.0,0.004070265638389032,,0.29508196721311475,0.055086301872934264,0.005508630187293426,-0.0073448402497245675,D,0.0,0.00508018117272616,0.0918105031215571,0.040396621373485125
Calvin de Haan,D,2023,2024,800000.0,88000000.0,0.00909090909090909,33.0,0.7195121951219512,16.62542372881356,,0.003058415740646345,0.010194719135487817,0.0021408910184524416,,,,0.0018351841028638224,0.531772076372315,0.5166028097062579,,0.0,0.0014612430760865872,,0.16113744075829384,0.09786930370068304,0.0112141910490366,-0.006116831481292691,D,0.0,0.10882862677133245,0.0835966969110001,0.023447854011621982
Gustav Lindstrom,D,2023,2024,775000.0,88000000.0,0.008806818181818181,25.0,0.5609756097560976,15.4,,0.007058159232072276,0.01411631846414455,0.0022162619988706947,,,,0.001540512516664198,0.4574906734733949,0.4369256474519632,,0.0,0.0010351966873706005,,0.2222222222222222,0.08893280632411067,0.009881422924901186,-0.015527950310559004,D,0.0,0.020868624129493696,0.08893280632411067,0.022586109542631284
Ryan Suter,D,2023,2024,775000.0,88000000.0,0.008806818181818181,39.0,1.0,18.93983739837398,,0.004507211538461539,0.010946085164835164,0.0024789663461538465,,,,0.0026502267573696144,0.5257586450247,0.5194281524926686,,0.0,0.00431404532967033,,0.2507204610951009,0.05537431318681319,0.010302197802197802,-0.009014423076923078,D,0.0,0.06309023008241758,0.07147149725274725,0.01931662087912088
Jack Johnson,D,2023,2024,775000.0,88000000.0,0.008806818181818181,37.0,0.975609756097561,14.927291666666667,,0.006699138881522937,0.013398277763045875,0.002880629719054863,,,,0.002714891178111944,0.47811238745731144,0.49221876389506447,,0.012244897959183675,0.0013677408549775997,,0.14988814317673377,0.06531660409484864,0.010048708322284406,-0.0008373923601903673,D,0.0,0.06093425074318572,0.07452792005694267,0.016747847203807342
Pierre-Olivier Joseph,D,2024,2025,775000.0,88000000.0,0.008806818181818181,26.0,0.573170731707317,15.261347517730496,,0.0027882984408764554,0.004182447661314683,0.0022724632293143108,,,,0.0022671568627450982,0.48035680394761815,0.5139949109414759,,0.0,0.0021376954713386155,,0.20394736842105263,0.050189371935776196,0.027882984408764553,-0.012547342983944049,D,0.0,0.062434649255291956,0.050189371935776196,0.07388990868322606
Jeff Petry,D,2024,2025,775000.0,88000000.0,0.008806818181818181,37.0,0.5365853658536586,18.89659090909091,,0.004810872572012749,0.009621745144025497,0.002068675205965482,,,,0.0020992958058372825,0.44971355824315723,0.43457627118644065,,0.013017751479289942,0.010162968308376931,,0.30256410256410254,0.061338625293162544,0.019243490288050995,-0.006013590715015936,D,0.1183431952662722,0.05783069737606992,0.09260929701124541,0.061338625293162544
