player_name,position,team,age_at_signing,start_year,end_year,contract_years,total_value_raw,aav_raw,aav,stat_season,mp_id,match_method,is_goalie,playerId,season,name,team_mp,position_mp,games_played,icetime,gameScore,onIce_xGoalsPercentage,offIce_xGoalsPercentage,onIce_corsiPercentage,offIce_corsiPercentage,I_F_goals,I_F_primaryAssists,I_F_secondaryAssists,I_F_xGoals,I_F_highDangerGoals,I_F_highDangerShots,I_F_shotsOnGoal,I_F_rebounds,I_F_hits,I_F_takeaways,I_F_giveaways,I_F_dZoneGiveaways,penaltiesDrawn,penalties,shotsBlockedByPlayer,faceoffsWon,faceoffsLost,OnIce_F_xGoals,OnIce_A_xGoals,OnIce_F_shotAttempts,OnIce_A_shotAttempts,OnIce_F_highDangerShots,OnIce_A_highDangerShots,I_F_oZoneShiftStarts,I_F_dZoneShiftStarts,I_F_neutralZoneShiftStarts,ev_icetime,ev_I_F_goals,ev_I_F_primaryAssists,ev_I_F_secondaryAssists,ev_I_F_xGoals,ev_OnIce_F_xGoals,ev_OnIce_A_xGoals,ev_OnIce_F_shotAttempts,ev_OnIce_A_shotAttempts,pp_icetime,pp_I_F_goals,pp_I_F_primaryAssists,pp_I_F_secondaryAssists,pp_I_F_xGoals,pp_OnIce_F_xGoals,pp_OnIce_A_xGoals,pp_OnIce_F_shotAttempts,pp_OnIce_A_shotAttempts,sh_icetime,sh_I_F_goals,sh_I_F_primaryAssists,sh_I_F_secondaryAssists,sh_I_F_xGoals,sh_OnIce_F_xGoals,sh_OnIce_A_xGoals,sh_OnIce_F_shotAttempts,sh_OnIce_A_shotAttempts,ongoal,goals,xGoals,flurryAdjustedxGoals,highDangerShots,highDangerGoals,highDangerxGoals,mediumDangerShots,mediumDangerGoals,mediumDangerxGoals,lowDangerShots,lowDangerGoals,lowDangerxGoals,unblocked_shot_attempts
Kirill Kaprizov,LW,MIN                  MIN,28.0,2026,2033,8,"$136,000,000","$17,000,000",17000000.0,2024,8478864,exact,False,8478864,2024,Kirill Kaprizov,MIN,L,41.0,55269.0,57.65,0.62,0.44,0.59,0.45,25.0,22.0,9.0,20.38,10.0,25.0,145.0,18.0,16.0,12.0,59.0,14.0,11.0,8.0,17.0,0.0,2.0,63.94,38.89,1072.0,756.0,77.0,47.0,185.0,75.0,165.0,44612.0,12.0,13.0,6.0,8.39,31.24,25.77,739.0,647.0,7561.0,2.0,7.0,3.0,5.45,20.58,1.84,250.0,28.0,15.0,0.0,0.0,0.0,0.0,0.0,0.0,0.0,1.0,,,,,,,,,,,,,,
Leon Draisaitl,C,EDM                  EDM,28.0,2025,2032,8,"$112,000,000","$14,000,000",14000000.0,2024,8477934,exact,False,8477934,2024,Leon Draisaitl,EDM,C,71.0,91664.0,119.47,0.66,0.45,0.63,0.47,52.0,30.0,24.0,31.42,14.0,27.0,241.0,26.0,23.0,35.0,88.0,22.0,29.0,17.0,27.0,650.0,546.0,127.9,65.88,2004.0,1169.0,146.0,69.0,332.0,175.0,272.0,72319.0,23.0,20.0,10.0,13.63,69.13,45.55,1414.0,994.0,13471.0,14.0,7.0,9.0,8.12,33.07,3.89,389.0,52.0,281.0,0.0,0.0,0.0,0.02,0.02,0.09,2.0,3.0,,,,,,,,,,,,,,
Shea Weber,D,CHI                  CHI,26.0,2012,2025,14,"$110,000,000","$7,857,143",7857143.0,2019,8470642,exact,False,8470642,2019,Shea Weber,MTL,D,65.0,93605.0,54.68,0.5,0.55,0.51,0.55,15.0,9.0,12.0,8.8,4.0,5.0,185.0,16.0,113.0,18.0,80.0,71.0,11.0,16.0,117.0,0.0,0.0,87.31,86.5,1671.0,1580.0,99.0,88.0,226.0,286.0,329.0,69650.0,8.0,8.0,6.0,4.59,59.35,48.3,1300.0,1096.0,8025.0,3.0,0.0,3.0,1.46,13.19,1.89,203.0,42.0,11829.0,0.0,0.0,0.0,0.26,2.84,26.01,48.0,362.0,,,,,,,,,,,,,,
Jack Eichel,C,VGK                  VGK,28.0,2026,2033,8,"$108,000,000","$13,500,000",13500000.0,2024,8478403,exact,False,8478403,2024,Jack Eichel,VGK,C,77.0,94865.0,89.47,0.58,0.51,0.53,0.49,28.0,27.0,39.0,26.32,9.0,33.0,233.0,14.0,22.0,28.0,90.0,23.0,15.0,4.0,55.0,572.0,682.0,119.48,84.75,1763.0,1553.0,155.0,102.0,322.0,262.0,254.0,70132.0,20.0,13.0,14.0,14.95,55.64,49.3,1188.0,1122.0,12441.0,5.0,9.0,18.0,6.12,37.89,3.57,379.0,48.0,6723.0,1.0,1.0,0.0,0.94,2.82,13.07,34.0,221.0,,,,,,,,,,,,,,
Sidney Crosby,C,PIT                  PIT,25.0,2013,2024,12,"$104,400,000","$8,700,000",8700000.0,2019,8471675,exact,False,8471675,2019,Sidney Crosby,PIT,C,41.0,49798.0,45.96,0.58,0.48,0.6,0.47,16.0,20.0,10.0,12.04,4.0,12.0,110.0,10.0,28.0,26.0,25.0,7.0,11.0,6.0,17.0,494.0,393.0,58.64,42.37,996.0,672.0,61.0,55.0,238.0,76.0,199.0,37236.0,9.0,13.0,5.0,6.92,27.7,28.44,640.0,568.0,8966.0,3.0,7.0,5.0,2.4,21.77,2.3,257.0,39.0,692.0,0.0,0.0,0.0,0.0,0.09,2.35,4.0,17.0,,,,,,,,,,,,,,
Nathan MacKinnon,C,COL                  COL,27.0,2023,2030,8,"$100,800,000","$12,600,000",12600000.0,2022,8477492,exact,False,8477492,2022,Nathan MacKinnon,COL,C,71.0,95072.0,125.2,0.62,0.43,0.63,0.45,42.0,42.0,27.0,30.83,12.0,22.0,366.0,25.0,53.0,43.0,47.0,7.0,31.0,15.0,40.0,519.0,649.0,115.41,70.98,2087.0,1251.0,109.0,80.0,376.0,143.0,353.0,73410.0,25.0,30.0,10.0,17.63,62.86,54.16,1406.0,1118.0,16397.0,10.0,5.0,12.0,7.3,32.68,2.88,478.0,50.0,359.0,0.0,0.0,0.0,0.05,0.07,0.07,2.0,2.0,,,,,,,,,,,,,,
Connor McDavid,C,EDM                  EDM,20.0,2018,2025,8,"$100,000,000","$12,500,000",12500000.0,2019,8478402,exact,False,8478402,2019,Connor McDavid,EDM,C,64.0,83861.0,80.82,0.59,0.44,0.56,0.43,34.0,38.0,25.0,24.76,13.0,31.0,211.0,13.0,37.0,53.0,73.0,17.0,24.0,14.0,18.0,319.0,349.0,98.81,68.08,1492.0,1196.0,108.0,71.0,301.0,108.0,234.0,65433.0,21.0,18.0,12.0,16.52,48.76,50.79,970.0,1047.0,13942.0,10.0,17.0,12.0,5.08,36.46,3.96,421.0,62.0,322.0,0.0,0.0,0.0,0.0,0.0,0.3,0.0,4.0,,,,,,,,,,,,,,
Kyle Connor,LW,WPG                  WPG,28.0,2026,2033,8,"$96,000,000","$12,000,000",12000000.0,2024,8478398,exact,False,8478398,2024,Kyle Connor,WPG,L,82.0,100342.0,86.77,0.56,0.51,0.53,0.48,41.0,31.0,25.0,30.19,8.0,24.0,267.0,30.0,21.0,33.0,80.0,25.0,11.0,11.0,46.0,1.0,7.0,106.67,85.23,1794.0,1617.0,112.0,97.0,396.0,156.0,252.0,78289.0,26.0,14.0,11.0,17.5,56.89,53.37,1239.0,1336.0,12864.0,6.0,8.0,10.0,6.16,33.22,3.77,368.0,67.0,3828.0,1.0,0.0,0.0,0.98,1.65,5.83,17.0,96.0,,,,,,,,,,,,,,
Mitchell Marner,RW,VGK                  VGK,28.0,2025,2032,8,"$96,000,000","$12,000,000",12000000.0,2024,8478483,exact,False,8478483,2024,Mitch Marner,TOR,R,81.0,103593.0,87.64,0.53,0.46,0.51,0.45,27.0,47.0,28.0,23.73,12.0,30.0,173.0,18.0,49.0,56.0,106.0,33.0,18.0,7.0,40.0,10.0,24.0,128.17,112.76,1851.0,1753.0,163.0,151.0,360.0,376.0,333.0,72408.0,15.0,19.0,16.0,10.71,56.72,49.17,1177.0,1179.0,13820.0,5.0,16.0,9.0,4.05,38.14,5.93,428.0,75.0,9742.0,1.0,1.0,0.0,1.53,2.62,26.02,42.0,303.0,,,,,,,,,,,,,,
Mikko Rantanen,RW,DAL                  DAL,28.0,2025,2032,8,"$96,000,000","$12,000,000",12000000.0,2024,8478420,exact,False,8478420,2024,Mikko Rantanen,DAL,R,82.0,104546.0,89.3,0.6,0.44,0.6,0.48,32.0,34.0,22.0,36.26,15.0,48.0,212.0,28.0,48.0,40.0,82.0,19.0,20.0,25.0,44.0,135.0,120.0,129.44,87.31,2137.0,1430.0,151.0,104.0,444.0,155.0,324.0,79609.0,12.0,19.0,8.0,18.58,64.22,57.48,1439.0,1231.0,18046.0,10.0,6.0,8.0,8.7,34.97,4.09,482.0,68.0,60.0,0.0,0.0,0.0,0.0,0.0,0.0,0.0,0.0,,,,,,,,,,,,,,
Martin Necas,C,COL                  COL,26.0,2026,2033,8,"$92,000,000","$11,500,000",11500000.0,2024,8480039,exact,False,8480039,2024,Martin Necas,COL,C,79.0,90053.0,93.12,0.6,0.52,0.65,0.54,27.0,32.0,24.0,23.09,10.0,24.0,194.0,18.0,62.0,23.0,83.0,15.0,23.0,8.0,23.0,51.0,84.0,107.27,71.27,1982.0,1078.0,116.0,91.0,336.0,100.0,267.0,67850.0,12.0,17.0,8.0,12.55,56.85,47.99,1293.0,921.0,16181.0,12.0,11.0,12.0,6.54,32.25,4.02,477.0,66.0,238.0,0.0,0.0,0.0,0.0,0.0,0.2,0.0,6.0,,,,,,,,,,,,,,
William Nylander,C,TOR                  TOR,27.0,2024,2031,8,"$92,000,000","$11,500,000",11500000.0,2023,8477939,exact,False,8477939,2023,William Nylander,TOR,R,82.0,97975.0,94.78,0.59,0.48,0.57,0.48,40.0,36.0,22.0,30.99,9.0,34.0,316.0,30.0,32.0,68.0,45.0,12.0,20.0,12.0,29.0,56.0,63.0,134.17,92.1,2083.0,1594.0,164.0,121.0,355.0,192.0,307.0,71831.0,22.0,16.0,7.0,14.91,56.79,54.92,1251.0,1224.0,15743.0,10.0,10.0,11.0,8.43,41.47,5.76,543.0,91.0,4571.0,3.0,1.0,0.0,0.97,2.18,11.51,29.0,143.0,,,,,,,,,,,,,,
Erik Karlsson,D,PIT                  PIT,28.0,2019,2026,8,"$92,000,000","$11,500,000",11500000.0,2019,8474578,exact,False,8474578,2019,Erik Karlsson,S.J,D,56.0,82426.0,44.1,0.51,0.46,0.53,0.47,6.0,20.0,15.0,4.95,0.0,3.0,120.0,12.0,26.0,52.0,68.0,44.0,10.0,8.0,74.0,0.0,0.0,78.08,76.35,1369.0,1192.0,77.0,84.0,203.0,199.0,239.0,60326.0,4.0,11.0,11.0,3.09,44.23,44.35,939.0,840.0,9215.0,1.0,8.0,3.0,1.25,18.24,2.9,290.0,39.0,8440.0,1.0,0.0,0.0,0.09,2.07,13.63,31.0,222.0,,,,,,,,,,,,,,
David Pastrnak,RW,BOS                  BOS,26.0,2023,2030,8,"$90,000,000","$11,250,000",11250000.0,2022,8477956,exact,False,8477956,2022,David Pastrnak,BOS,R,82.0,96257.0,123.3,0.64,0.48,0.6,0.47,61.0,31.0,21.0,45.36,19.0,44.0,407.0,36.0,91.0,52.0,109.0,19.0,28.0,18.0,33.0,8.0,11.0,125.75,71.89,1910.0,1261.0,138.0,80.0,453.0,143.0,192.0,72410.0,34.0,14.0,13.0,22.23,61.05,55.0,1176.0,1059.0,17592.0,16.0,13.0,5.0,12.29,40.44,5.58,545.0,77.0,267.0,0.0,0.0,0.0,0.0,0.0,0.0,0.0,0.0,,,,,,,,,,,,,,
Rasmus Dahlin,D,BUF                  BUF,23.0,2024,2031,8,"$88,000,000","$11,000,000",11000000.0,2023,8480839,exact,False,8480839,2023,Rasmus Dahlin,BUF,D,81.0,123553.0,77.08,0.55,0.43,0.58,0.45,20.0,24.0,15.0,14.26,4.0,12.0,235.0,18.0,195.0,42.0,44.0,30.0,25.0,28.0,154.0,0.0,0.0,130.53,108.02,2449.0,1796.0,138.0,130.0,404.0,287.0,422.0,98154.0,8.0,13.0,8.0,6.57,72.84,71.91,1730.0,1487.0,13702.0,4.0,9.0,4.0,2.75,26.77,4.73,436.0,59.0,5367.0,0.0,0.0,0.0,0.46,2.57,10.27,42.0,139.0,,,,,,,,,,,,,,
Drew Doughty,D,LAK                  LAK,29.0,2019,2026,8,"$88,000,000","$11,000,000",11000000.0,2019,8474563,exact,False,8474563,2019,Drew Doughty,L.A,D,67.0,103715.0,34.63,0.49,0.52,0.52,0.54,7.0,12.0,17.0,7.96,3.0,8.0,141.0,13.0,106.0,15.0,82.0,68.0,6.0,18.0,86.0,0.0,0.0,83.77,86.92,1670.0,1561.0,86.0,94.0,291.0,300.0,335.0,79122.0,1.0,4.0,12.0,2.31,48.72,51.87,1162.0,1170.0,11954.0,4.0,4.0,4.0,2.64,19.05,2.83,338.0,43.0,8163.0,0.0,0.0,1.0,0.35,1.64,13.92,29.0,245.0,,,,,,,,,,,,,,
Adrian Kempe,LW,LAK                  LAK,29.0,2026,2033,8,"$85,000,000","$10,625,000",10625000.0,2024,8477960,exact,False,8477960,2024,Adrian Kempe,LAK,R,81.0,93095.0,78.56,0.56,0.53,0.54,0.52,35.0,27.0,11.0,29.58,13.0,29.0,237.0,25.0,100.0,13.0,78.0,26.0,20.0,18.0,36.0,11.0,13.0,91.95,73.05,1685.0,1423.0,107.0,70.0,308.0,261.0,281.0,68299.0,21.0,15.0,6.0,16.92,48.81,43.78,1161.0,1095.0,12705.0,6.0,8.0,2.0,5.59,23.71,2.83,351.0,53.0,6746.0,0.0,0.0,0.0,0.81,0.93,10.59,19.0,166.0,,,,,,,,,,,,,,
Thomas Harley,D,DAL                  DAL,24.0,2026,2033,8,"$84,700,000","$10,587,500",10587500.0,2024,8481581,exact,False,8481581,2024,Thomas Harley,DAL,D,78.0,109429.0,61.42,0.56,0.49,0.54,0.48,16.0,14.0,20.0,9.84,2.0,6.0,171.0,20.0,33.0,29.0,118.0,79.0,4.0,8.0,110.0,0.0,0.0,112.49,87.11,1957.0,1655.0,123.0,95.0,254.0,241.0,269.0,87096.0,11.0,7.0,11.0,6.75,70.8,63.98,1497.0,1366.0,10987.0,1.0,4.0,7.0,1.48,24.73,1.76,327.0,44.0,6772.0,0.0,0.0,0.0,0.38,1.27,8.84,29.0,136.0,,,,,,,,,,,,,,
Jonathan Huberdeau,LW,CGY                  CGY,29.0,2023,2030,8,"$84,000,000","$10,500,000",10500000.0,2022,8476456,exact,False,8476456,2022,Jonathan Huberdeau,CGY,C,79.0,79936.0,62.75,0.61,0.51,0.62,0.55,15.0,23.0,17.0,17.51,6.0,18.0,126.0,11.0,65.0,34.0,62.0,14.0,22.0,18.0,27.0,5.0,10.0,88.22,55.3,1638.0,998.0,86.0,60.0,357.0,135.0,270.0,63232.0,10.0,16.0,10.0,11.32,48.7,39.39,1110.0,849.0,12971.0,4.0,5.0,5.0,3.59,25.98,4.69,423.0,59.0,671.0,0.0,0.0,0.0,0.0,0.42,0.57,3.0,12.0,,,,,,,,,,,,,,
Artemi Panarin,LW,LAK                  LAK,27.0,2019,2025,7,"$81,500,000","$11,642,857",11642857.0,2019,8478550,exact,False,8478550,2019,Artemi Panarin,NYR,L,69.0,85300.0,86.75,0.59,0.39,0.58,0.4,32.0,34.0,29.0,19.0,10.0,16.0,208.0,14.0,25.0,56.0,82.0,17.0,16.0,10.0,18.0,1.0,1.0,88.41,62.23,1623.0,1191.0,83.0,63.0,305.0,153.0,277.0,66460.0,21.0,21.0,16.0,10.56,46.71,44.22,1062.0,1052.0,14325.0,6.0,6.0,12.0,4.14,29.34,3.83,437.0,56.0,114.0,0.0,0.0,0.0,0.02,0.27,0.0,5.0,2.0,,,,,,,,,,,,,,
Logan Cooley,C,UTA                  UTA,21.0,2026,2033,8,"$80,000,000","$10,000,000",10000000.0,2024,8483431,exact,False,8483431,2024,Logan Cooley,UTA,C,75.0,80376.0,59.0,0.53,0.51,0.52,0.51,25.0,20.0,20.0,20.19,6.0,23.0,158.0,14.0,63.0,24.0,66.0,15.0,21.0,23.0,32.0,340.0,420.0,81.23,73.0,1408.0,1285.0,87.0,70.0,298.0,134.0,207.0,61552.0,18.0,12.0,9.0,12.13,41.48,44.09,1021.0,1005.0,10275.0,7.0,5.0,8.0,6.17,21.08,1.95,247.0,41.0,4995.0,0.0,0.0,0.0,0.45,0.82,10.09,13.0,150.0,,,,,,,,,,,,,,
Aleksander Barkov,C,FLA                  FLA,26.0,2022,2029,8,"$80,000,000","$10,000,000",10000000.0,2021,8477493,exact,False,8477493,2021,Aleksander Barkov,FLA,C,67.0,81619.0,97.14,0.61,0.52,0.6,0.53,39.0,26.0,23.0,28.66,17.0,28.0,214.0,20.0,50.0,59.0,51.0,16.0,7.0,9.0,42.0,713.0,539.0,108.22,69.34,1615.0,1087.0,107.0,78.0,281.0,268.0,284.0,54897.0,15.0,14.0,9.0,14.54,52.04,39.02,1023.0,734.0,13654.0,11.0,6.0,7.0,7.28,29.66,3.59,391.0,55.0,8092.0,4.0,1.0,0.0,1.62,3.44,15.86,38.0,228.0,,,,,,,,,,,,,,
Jack Eichel,C,VGK                  VGK,21.0,2018,2025,8,"$80,000,000","$10,000,000",10000000.0,2019,8478403,exact,False,8478403,2019,Jack Eichel,BUF,C,68.0,90149.0,78.51,0.53,0.43,0.58,0.44,36.0,19.0,24.0,22.76,12.0,22.0,227.0,11.0,40.0,44.0,66.0,13.0,35.0,11.0,42.0,615.0,696.0,83.89,73.86,1601.0,1154.0,70.0,80.0,362.0,149.0,325.0,68775.0,17.0,8.0,11.0,12.17,41.67,45.74,1021.0,983.0,15187.0,9.0,8.0,8.0,3.91,22.46,4.68,397.0,52.0,1051.0,1.0,0.0,0.0,0.15,0.38,2.2,4.0,22.0,,,,,,,,,,,,,,
Tyler Seguin,C,DAL                  DAL,26.0,2019,2026,8,"$78,800,000","$9,850,000",9850000.0,2019,8475794,exact,False,8475794,2019,Tyler Seguin,DAL,C,69.0,79480.0,52.3,0.58,0.49,0.54,0.47,17.0,19.0,13.0,22.86,6.0,20.0,245.0,26.0,90.0,34.0,52.0,18.0,13.0,11.0,31.0,537.0,389.0,81.14,59.44,1467.0,1275.0,86.0,52.0,379.0,324.0,243.0,61780.0,9.0,9.0,7.0,13.68,43.32,37.92,987.0,1024.0,10116.0,3.0,6.0,4.0,4.58,20.43,2.11,303.0,50.0,2808.0,0.0,0.0,0.0,0.03,0.43,4.92,11.0,83.0,,,,,,,,,,,,,,
Sebastian Aho,LW,CAR                  CAR,26.0,2024,2031,8,"$78,000,000","$9,750,000",9750000.0,2023,8478427,exact,False,8478427,2023,Sebastian Aho,CAR,C,78.0,91857.0,99.07,0.59,0.54,0.62,0.58,36.0,34.0,19.0,27.18,13.0,33.0,216.0,20.0,48.0,50.0,57.0,18.0,14.0,16.0,18.0,571.0,484.0,112.22,76.62,1897.0,1186.0,142.0,100.0,381.0,146.0,211.0,66388.0,15.0,18.0,6.0,13.51,51.59,43.68,1237.0,915.0,12894.0,10.0,10.0,9.0,6.57,35.64,2.54,430.0,48.0,7957.0,1.0,1.0,0.0,1.72,2.75,11.83,49.0,134.0,,,,,,,,,,,,,,
Noah Dobson,D,MTL                  MTL,25.0,2025,2032,8,"$76,000,000","$9,500,000",9500000.0,2024,8480865,exact,False,8480865,2024,Noah Dobson,NYI,D,71.0,99140.0,54.05,0.56,0.44,0.56,0.47,10.0,16.0,13.0,9.54,2.0,5.0,196.0,21.0,57.0,36.0,108.0,59.0,10.0,15.0,126.0,0.0,0.0,96.49,75.78,1868.0,1471.0,103.0,93.0,265.0,206.0,258.0,79099.0,8.0,9.0,7.0,5.44,60.13,51.2,1365.0,1215.0,12125.0,1.0,6.0,5.0,2.33,19.85,2.54,318.0,51.0,2909.0,0.0,1.0,0.0,0.16,0.94,6.35,12.0,87.0,,,,,,,,,,,,,,
Matthew Tkachuk,LW,FLA                  FLA,24.0,2022,2029,8,"$76,000,000","$9,500,000",9500000.0,2021,8479314,exact,False,8479314,2021,Matthew Tkachuk,CGY,L,82.0,88065.0,121.15,0.67,0.5,0.65,0.51,42.0,39.0,23.0,34.58,15.0,35.0,253.0,21.0,93.0,41.0,91.0,18.0,33.0,33.0,20.0,20.0,23.0,108.4,54.6,1939.0,1041.0,92.0,47.0,364.0,204.0,265.0,71630.0,26.0,25.0,13.0,20.64,64.99,41.17,1364.0,937.0,13761.0,9.0,11.0,5.0,9.47,29.27,3.5,470.0,61.0,146.0,0.0,0.0,0.0,0.0,0.0,0.02,1.0,4.0,,,,,,,,,,,,,,
Charlie McAvoy,D,BOS                  BOS,24.0,2022,2029,8,"$76,000,000","$9,500,000",9500000.0,2021,8479325,exact,False,8479325,2021,Charlie McAvoy,BOS,D,78.0,115386.0,78.05,0.59,0.5,0.57,0.51,10.0,16.0,30.0,8.86,3.0,4.0,166.0,12.0,155.0,29.0,65.0,39.0,24.0,30.0,130.0,0.0,0.0,126.22,88.86,2135.0,1629.0,127.0,83.0,380.0,312.0,327.0,84523.0,3.0,7.0,15.0,5.64,74.57,44.82,1531.0,1116.0,13934.0,4.0,5.0,9.0,1.21,25.0,5.93,420.0,84.0,9453.0,0.0,0.0,0.0,0.01,2.42,21.36,40.0,261.0,,,,,,,,,,,,,,
Brayden Point,C,TBL                  TBL,25.0,2022,2029,8,"$76,000,000","$9,500,000",9500000.0,2021,8478010,exact,False,8478010,2021,Brayden Point,TBL,C,66.0,77069.0,56.35,0.6,0.47,0.58,0.47,28.0,14.0,16.0,26.43,12.0,22.0,176.0,10.0,75.0,33.0,24.0,6.0,16.0,12.0,27.0,366.0,351.0,96.38,64.73,1448.0,1029.0,84.0,64.0,353.0,141.0,251.0,58694.0,15.0,10.0,5.0,14.0,46.21,44.56,903.0,883.0,13574.0,9.0,4.0,8.0,7.4,30.62,4.02,402.0,59.0,71.0,0.0,0.0,0.0,0.0,0.01,0.0,1.0,0.0,,,,,,,,,,,,,,
Seth Jones,D,FLA                  FLA,26.0,2022,2029,8,"$76,000,000","$9,500,000",9500000.0,2021,8477495,exact,False,8477495,2021,Seth Jones,CHI,D,63.0,99650.0,38.6,0.5,0.44,0.51,0.43,5.0,14.0,26.0,7.08,0.0,3.0,156.0,9.0,76.0,25.0,59.0,50.0,9.0,12.0,129.0,0.0,0.0,79.03,80.28,1537.0,1502.0,72.0,83.0,280.0,258.0,295.0,76920.0,5.0,5.0,15.0,4.53,42.24,47.53,1086.0,1168.0,11735.0,0.0,8.0,7.0,1.13,22.62,2.11,287.0,39.0,7092.0,0.0,1.0,0.0,0.3,1.68,11.61,24.0,197.0,,,,,,,,,,,,,,
Mark Stone,RW,VGK                  VGK,26.0,2019,2026,8,"$76,000,000","$9,500,000",9500000.0,2019,8475913,exact,False,8475913,2019,Mark Stone,VGK,R,65.0,75649.0,73.74,0.56,0.49,0.58,0.51,21.0,28.0,14.0,17.78,3.0,11.0,169.0,16.0,56.0,77.0,38.0,14.0,13.0,12.0,51.0,16.0,30.0,79.3,62.37,1516.0,1103.0,71.0,74.0,226.0,211.0,206.0,55114.0,13.0,17.0,8.0,14.52,51.88,34.33,1054.0,775.0,9324.0,6.0,5.0,4.0,1.79,14.7,2.32,310.0,25.0,7120.0,0.0,1.0,0.0,0.97,2.96,14.25,41.0,221.0,,,,,,,,,,,,,,
Nikita Kucherov,RW,TBL                  TBL,25.0,2019,2026,8,"$76,000,000","$9,500,000",9500000.0,2019,8476453,exact,False,8476453,2019,Nikita Kucherov,T.B,R,68.0,76402.0,84.42,0.64,0.46,0.62,0.46,32.0,27.0,23.0,19.63,5.0,15.0,209.0,14.0,37.0,30.0,59.0,16.0,19.0,19.0,19.0,0.0,1.0,86.38,49.46,1548.0,964.0,86.0,47.0,353.0,117.0,229.0,58578.0,20.0,14.0,13.0,13.43,48.72,35.63,1000.0,827.0,13586.0,4.0,10.0,8.0,3.59,25.04,5.26,404.0,80.0,56.0,0.0,0.0,0.0,0.0,0.27,0.08,1.0,1.0,,,,,,,,,,,,,,
Darnell Nurse,D,EDM                  EDM,26.0,2022,2029,8,"$74,000,000","$9,250,000",9250000.0,2021,8477498,exact,False,8477498,2021,Darnell Nurse,EDM,D,71.0,106707.0,51.82,0.53,0.54,0.51,0.54,9.0,12.0,14.0,10.71,1.0,4.0,203.0,8.0,196.0,33.0,67.0,50.0,9.0,27.0,132.0,0.0,0.0,108.65,95.24,1801.0,1754.0,100.0,82.0,227.0,313.0,350.0,86155.0,6.0,7.0,7.0,7.03,71.09,61.19,1487.0,1287.0,4546.0,0.0,3.0,2.0,1.36,11.09,1.16,133.0,12.0,11284.0,2.0,0.0,1.0,0.77,3.24,20.24,55.0,317.0,,,,,,,,,,,,,,
Mathew Barzal,C,NYI                  NYI,25.0,2023,2030,8,"$73,200,000","$9,150,000",9150000.0,2022,8478445,exact,False,8478445,2022,Mathew Barzal,NYI,C,58.0,65132.0,55.03,0.59,0.44,0.62,0.43,14.0,22.0,15.0,13.37,1.0,11.0,139.0,18.0,25.0,49.0,68.0,13.0,8.0,11.0,34.0,104.0,188.0,74.1,52.04,1398.0,847.0,73.0,55.0,281.0,39.0,147.0,50293.0,9.0,16.0,5.0,7.74,37.88,35.06,888.0,738.0,11652.0,4.0,2.0,9.0,3.56,26.34,2.3,385.0,48.0,51.0,0.0,0.0,0.0,0.0,0.0,0.0,0.0,0.0,,,,,,,,,,,,,,
Roman Josi,D,NSH                  NSH,29.0,2020,2027,8,"$72,472,000","$9,059,000",9059000.0,2019,8474600,exact,False,8474600,2019,Roman Josi,NSH,D,69.0,106324.0,81.4,0.55,0.45,0.55,0.48,16.0,29.0,21.0,11.72,3.0,5.0,260.0,16.0,52.0,34.0,68.0,35.0,17.0,19.0,108.0,0.0,0.0,97.36,80.03,2036.0,1642.0,93.0,77.0,310.0,298.0,369.0,79949.0,10.0,18.0,11.0,7.06,57.85,50.55,1453.0,1272.0,12255.0,3.0,10.0,7.0,2.67,23.91,2.38,389.0,41.0,8039.0,0.0,0.0,0.0,0.23,1.78,13.76,34.0,200.0,,,,,,,,,,,,,,
Jackson Lacombe,D,ANA                  ANA,24.0,2026,2033,8,"$72,000,000","$9,000,000",9000000.0,2024,8481605,exact,False,8481605,2024,Jackson LaCombe,ANA,D,75.0,100353.0,43.54,0.48,0.44,0.49,0.45,14.0,18.0,11.0,10.27,4.0,11.0,134.0,13.0,69.0,35.0,78.0,48.0,11.0,15.0,129.0,0.0,1.0,92.27,100.29,1668.0,1716.0,107.0,127.0,239.0,367.0,306.0,76158.0,10.0,10.0,7.0,6.53,53.56,56.74,1245.0,1281.0,9109.0,2.0,3.0,3.0,2.05,15.78,1.72,236.0,25.0,9460.0,0.0,1.0,0.0,0.11,3.64,18.59,42.0,246.0,,,,,,,,,,,,,,
Jakob Chychrun,D,WAS                  WAS,26.0,2025,2032,8,"$72,000,000","$9,000,000",9000000.0,2024,8479345,exact,False,8479345,2024,Jakob Chychrun,WSH,D,74.0,93525.0,55.27,0.57,0.49,0.56,0.47,20.0,15.0,12.0,12.44,4.0,9.0,179.0,17.0,59.0,35.0,80.0,54.0,11.0,26.0,87.0,0.0,0.0,92.96,70.97,1757.0,1356.0,107.0,81.0,243.0,121.0,211.0,79525.0,13.0,6.0,7.0,6.38,54.96,56.32,1341.0,1227.0,9550.0,4.0,8.0,0.0,3.19,19.52,2.35,255.0,44.0,464.0,0.0,0.0,0.0,0.06,0.61,1.05,7.0,13.0,,,,,,,,,,,,,,
Lane Hutson,D,MTL                  MTL,21.0,2026,2033,8,"$70,800,000","$8,850,000",8850000.0,2024,8483457,exact,False,8483457,2024,Lane Hutson,MTL,D,82.0,111847.0,58.75,0.54,0.41,0.56,0.41,6.0,25.0,35.0,6.3,0.0,4.0,90.0,9.0,40.0,56.0,109.0,57.0,15.0,18.0,123.0,0.0,0.0,109.23,92.86,2048.0,1640.0,111.0,104.0,311.0,113.0,317.0,92402.0,5.0,11.0,17.0,4.07,74.14,71.89,1552.0,1487.0,13021.0,1.0,9.0,11.0,1.1,23.04,2.19,341.0,32.0,1045.0,0.0,0.0,0.0,0.0,0.09,2.42,5.0,28.0,,,,,,,,,,,,,,
Timo Meier,LW,NJD                  NJD,26.0,2023,2030,8,"$70,400,000","$8,800,000",8800000.0,2022,8478414,exact,False,8478414,2022,Timo Meier,NJD,R,78.0,90737.0,85.85,0.59,0.48,0.6,0.45,40.0,17.0,9.0,38.86,11.0,41.0,328.0,37.0,154.0,58.0,65.0,13.0,28.0,21.0,37.0,21.0,36.0,112.4,76.59,1845.0,1248.0,128.0,79.0,351.0,135.0,307.0,72472.0,22.0,9.0,5.0,24.65,68.19,51.81,1313.0,1083.0,12884.0,13.0,5.0,1.0,8.86,26.64,3.4,381.0,47.0,567.0,0.0,0.0,0.0,0.01,0.02,0.08,2.0,3.0,,,,,,,,,,,,,,
Travis Konecny,C,PHI                  PHI,27.0,2025,2032,8,"$70,000,000","$8,750,000",8750000.0,2024,8478439,exact,False,8478439,2024,Travis Konecny,PHI,R,82.0,101366.0,61.48,0.54,0.49,0.52,0.46,24.0,35.0,17.0,24.74,9.0,28.0,188.0,17.0,94.0,26.0,96.0,23.0,26.0,25.0,42.0,39.0,61.0,104.21,88.34,1756.0,1638.0,126.0,92.0,372.0,193.0,281.0,76477.0,8.0,20.0,13.0,11.11,54.85,52.38,1193.0,1287.0,13025.0,6.0,3.0,4.0,5.77,22.09,5.06,320.0,71.0,5871.0,1.0,2.0,0.0,1.31,3.11,9.77,37.0,150.0,,,,,,,,,,,,,,
Dylan Larkin,C,DET                  DET,26.0,2023,2030,8,"$69,600,000","$8,700,000",8700000.0,2022,8477946,exact,False,8477946,2022,Dylan Larkin,DET,C,80.0,93867.0,71.84,0.54,0.44,0.54,0.44,32.0,24.0,23.0,27.39,14.0,26.0,244.0,25.0,47.0,56.0,47.0,14.0,23.0,17.0,27.0,737.0,618.0,101.19,84.64,1672.0,1428.0,110.0,98.0,332.0,265.0,291.0,64101.0,9.0,16.0,7.0,9.66,44.93,46.13,984.0,1012.0,15839.0,15.0,5.0,9.0,10.76,33.19,3.33,480.0,64.0,8146.0,1.0,0.0,0.0,1.24,1.99,21.01,38.0,236.0,,,,,,,,,,,,,,
Sam Reinhart,C,FLA                  FLA,28.0,2024,2031,8,"$69,000,000","$8,625,000",8625000.0,2023,8477933,exact,False,8477933,2023,Sam Reinhart,FLA,C,82.0,99875.0,106.15,0.66,0.51,0.62,0.53,57.0,22.0,15.0,44.25,27.0,58.0,233.0,38.0,78.0,40.0,35.0,10.0,11.0,13.0,66.0,234.0,296.0,139.69,73.5,2145.0,1341.0,178.0,90.0,411.0,324.0,335.0,65337.0,20.0,14.0,7.0,13.91,49.66,34.63,1222.0,899.0,17621.0,24.0,3.0,3.0,20.42,61.38,3.85,640.0,67.0,10312.0,4.0,0.0,0.0,1.83,4.25,19.22,66.0,243.0,,,,,,,,,,,,,,
Brock Faber,D,MIN                  MIN,21.0,2025,2032,8,"$68,000,000","$8,500,000",8500000.0,2024,8482122,exact,False,8482122,2024,Brock Faber,MIN,D,78.0,119457.0,22.5,0.48,0.52,0.46,0.49,10.0,6.0,13.0,6.39,2.0,4.0,124.0,18.0,36.0,29.0,109.0,61.0,8.0,12.0,115.0,0.0,0.0,100.0,108.06,1856.0,2154.0,108.0,116.0,245.0,286.0,374.0,94693.0,7.0,1.0,7.0,4.6,59.24,66.33,1433.0,1643.0,10088.0,2.0,3.0,4.0,1.43,23.16,1.75,282.0,44.0,9111.0,0.0,0.0,1.0,0.01,1.68,21.31,27.0,294.0,,,,,,,,,,,,,,
Pierre-Luc Dubois,C,WAS                  WAS,25.0,2023,2030,8,"$68,000,000","$8,500,000",8500000.0,2022,8479400,exact,False,8479400,2022,Pierre-Luc Dubois,WPG,L,73.0,80819.0,66.35,0.6,0.48,0.6,0.48,27.0,18.0,18.0,29.91,8.0,35.0,205.0,24.0,71.0,40.0,47.0,25.0,38.0,37.0,47.0,483.0,505.0,100.58,67.86,1617.0,1086.0,106.0,73.0,388.0,160.0,231.0,61543.0,13.0,8.0,10.0,16.2,49.09,44.35,1002.0,925.0,14651.0,9.0,5.0,6.0,9.43,33.18,4.32,456.0,69.0,232.0,0.0,0.0,0.0,0.26,0.26,0.21,1.0,5.0,,,,,,,,,,,,,,
Bo Horvat,C,NYI                  NYI,27.0,2023,2030,8,"$68,000,000","$8,500,000",8500000.0,2022,8477500,exact,False,8477500,2022,Bo Horvat,NYI,C,79.0,97900.0,74.44,0.54,0.46,0.56,0.47,38.0,20.0,12.0,29.06,10.0,35.0,229.0,20.0,57.0,38.0,37.0,12.0,20.0,9.0,55.0,958.0,727.0,104.81,89.24,1858.0,1461.0,117.0,106.0,339.0,319.0,294.0,70385.0,19.0,13.0,6.0,16.18,52.35,53.66,1133.0,1098.0,15754.0,10.0,4.0,5.0,6.65,31.14,5.34,503.0,59.0,6604.0,2.0,1.0,0.0,0.76,2.42,13.76,30.0,203.0,,,,,,,,,,,,,,
Mikhail Sergachev,D,UTA                  UTA,24.0,2023,2030,8,"$68,000,000","$8,500,000",8500000.0,2022,8479410,exact,False,8479410,2022,Mikhail Sergachev,TBL,D,79.0,112864.0,66.7,0.54,0.5,0.52,0.51,10.0,28.0,26.0,7.27,1.0,4.0,156.0,17.0,128.0,55.0,45.0,28.0,13.0,25.0,149.0,0.0,0.0,120.52,100.87,1917.0,1764.0,133.0,103.0,327.0,301.0,310.0,86795.0,7.0,15.0,11.0,5.28,75.75,67.49,1435.0,1315.0,11693.0,3.0,10.0,12.0,1.23,25.25,3.58,332.0,51.0,10182.0,0.0,1.0,0.0,0.1,3.03,20.35,44.0,297.0,,,,,,,,,,,,,,
Filip Forsberg,C,NSH                  NSH,27.0,2022,2029,8,"$68,000,000","$8,500,000",8500000.0,2021,8476887,exact,False,8476887,2021,Filip Forsberg,NSH,L,69.0,74925.0,86.96,0.61,0.43,0.6,0.44,42.0,27.0,15.0,26.94,11.0,24.0,226.0,16.0,112.0,53.0,56.0,14.0,23.0,11.0,48.0,1.0,0.0,93.95,59.76,1478.0,983.0,87.0,62.0,373.0,149.0,247.0,57571.0,26.0,12.0,7.0,17.27,44.96,37.73,933.0,838.0,12368.0,10.0,11.0,5.0,5.42,32.28,5.44,387.0,57.0,77.0,0.0,0.0,0.0,0.0,0.0,0.65,0.0,3.0,,,,,,,,,,,,,,
Mika Zibanejad,C,NYR                  NYR,28.0,2022,2029,8,"$68,000,000","$8,500,000",8500000.0,2021,8476459,exact,False,8476459,2021,Mika Zibanejad,NYR,C,81.0,95415.0,74.84,0.61,0.45,0.53,0.45,29.0,33.0,19.0,28.61,15.0,37.0,219.0,16.0,67.0,62.0,58.0,16.0,13.0,6.0,47.0,700.0,638.0,109.52,68.76,1587.0,1388.0,126.0,68.0,283.0,266.0,322.0,67486.0,12.0,18.0,9.0,10.82,43.86,43.02,939.0,1005.0,14058.0,13.0,7.0,5.0,10.74,38.52,2.76,447.0,59.0,8459.0,1.0,2.0,2.0,0.89,2.53,14.46,42.0,217.0,,,,,,,,,,,,,,
Leon Draisaitl,C,EDM                  EDM,21.0,2017,2024,8,"$68,000,000","$8,500,000",8500000.0,2019,8477934,exact,False,8477934,2019,Leon Draisaitl,EDM,C,71.0,96187.0,91.66,0.57,0.44,0.53,0.44,43.0,39.0,27.0,30.47,16.0,31.0,218.0,16.0,27.0,60.0,91.0,25.0,20.0,9.0,19.0,661.0,605.0,109.38,82.68,1649.0,1460.0,131.0,85.0,339.0,222.0,248.0,72459.0,23.0,21.0,13.0,14.36,51.77,53.07,1080.0,1152.0,15255.0,13.0,16.0,11.0,9.75,41.03,4.35,452.0,72.0,3113.0,0.0,0.0,0.0,0.05,0.28,3.92,5.0,92.0,,,,,,,,,,,,,,
Roope Hintz,LW,DAL                  DAL,26.0,2023,2030,8,"$67,600,000","$8,450,000",8450000.0,2022,8478449,exact,False,8478449,2022,Roope Hintz,DAL,C,73.0,76903.0,81.34,0.67,0.49,0.61,0.48,37.0,24.0,14.0,28.69,11.0,34.0,184.0,16.0,47.0,26.0,38.0,12.0,16.0,15.0,45.0,249.0,230.0,108.87,54.07,1618.0,1032.0,125.0,58.0,338.0,157.0,270.0,57229.0,21.0,16.0,6.0,16.18,50.19,36.64,1017.0,841.0,12556.0,8.0,5.0,7.0,5.36,40.33,4.09,443.0,55.0,3691.0,3.0,0.0,0.0,1.23,2.01,4.55,23.0,65.0,,,,,,,,,,,,,,
Miro Heiskanen,D,DAL                  DAL,21.0,2021,2028,8,"$67,600,000","$8,450,000",8450000.0,2020,8480036,exact,False,8480036,2020,Miro Heiskanen,DAL,D,55.0,82396.0,34.58,0.52,0.52,0.54,0.51,8.0,8.0,11.0,7.71,5.0,6.0,121.0,5.0,47.0,16.0,48.0,30.0,16.0,6.0,52.0,0.0,0.0,63.16,58.68,1323.0,1115.0,47.0,55.0,242.0,222.0,246.0,65537.0,4.0,3.0,6.0,3.95,39.28,32.96,968.0,875.0,8536.0,3.0,3.0,3.0,2.15,14.62,1.45,229.0,34.0,5133.0,0.0,0.0,0.0,0.03,1.01,9.32,19.0,130.0,,,,,,,,,,,,,,
Tim Stützle,C,OTT                  OTT,20.0,2023,2030,8,"$66,800,000","$8,350,000",8350000.0,2022,8482116,exact,False,8482116,2022,Tim Sttzle,OTT,L,78.0,99520.0,94.18,0.59,0.46,0.59,0.47,39.0,30.0,21.0,32.58,15.0,33.0,228.0,21.0,114.0,61.0,62.0,27.0,35.0,27.0,49.0,202.0,284.0,132.06,91.51,2089.0,1424.0,137.0,106.0,439.0,188.0,376.0,71143.0,21.0,15.0,11.0,17.35,67.49,56.4,1338.0,1086.0,17322.0,10.0,7.0,9.0,8.59,38.96,7.63,546.0,97.0,5535.0,3.0,0.0,0.0,0.7,1.55,11.73,32.0,136.0,,,,,,,,,,,,,,
Adam Fox,D,NYR                  NYR,23.0,2022,2028,7,"$66,500,000","$9,500,000",9500000.0,2021,8479323,exact,False,8479323,2021,Adam Fox,NYR,D,78.0,111886.0,67.65,0.58,0.46,0.52,0.45,11.0,33.0,30.0,7.06,2.0,6.0,158.0,13.0,30.0,78.0,58.0,32.0,18.0,13.0,128.0,0.0,0.0,113.48,82.44,1802.0,1641.0,116.0,84.0,336.0,303.0,308.0,83689.0,8.0,11.0,13.0,3.05,53.76,54.12,1202.0,1213.0,13461.0,0.0,17.0,14.0,2.11,36.91,2.95,418.0,58.0,9571.0,1.0,0.0,1.0,0.21,1.68,18.15,30.0,277.0,,,,,,,,,,,,,,
Tomas Hertl,C,VGK                  VGK,28.0,2022,2029,8,"$65,100,000","$8,137,500",8137500.0,2021,8476881,exact,False,8476881,2021,Tomas Hertl,SJS,C,82.0,98106.0,62.14,0.49,0.45,0.51,0.43,30.0,21.0,13.0,29.02,11.0,37.0,205.0,17.0,105.0,65.0,31.0,10.0,15.0,14.0,57.0,769.0,697.0,89.36,93.13,1670.0,1577.0,89.0,88.0,334.0,322.0,243.0,73698.0,18.0,14.0,7.0,16.0,51.35,54.39,1142.0,1189.0,11648.0,5.0,4.0,5.0,4.92,19.26,4.07,327.0,63.0,7455.0,0.0,1.0,0.0,1.46,1.85,10.97,38.0,199.0,,,,,,,,,,,,,,
Jordan Kyrou,C,STL                  STL,24.0,2023,2030,8,"$65,000,000","$8,125,000",8125000.0,2022,8479385,exact,False,8479385,2022,Jordan Kyrou,STL,C,79.0,85337.0,64.66,0.48,0.42,0.53,0.43,37.0,24.0,12.0,25.9,9.0,20.0,272.0,7.0,14.0,54.0,55.0,11.0,11.0,12.0,35.0,5.0,9.0,75.56,80.61,1412.0,1253.0,62.0,84.0,323.0,146.0,250.0,68303.0,22.0,12.0,8.0,14.96,43.19,56.98,989.0,1110.0,13289.0,11.0,8.0,4.0,8.44,26.0,4.39,318.0,63.0,106.0,0.0,0.0,0.0,0.0,0.0,0.26,0.0,4.0,,,,,,,,,,,,,,
Robert Thomas,C,STL                  STL,23.0,2023,2030,8,"$65,000,000","$8,125,000",8125000.0,2022,8480023,exact,False,8480023,2022,Robert Thomas,STL,C,73.0,84724.0,49.96,0.44,0.43,0.5,0.44,18.0,30.0,17.0,13.36,5.0,11.0,106.0,6.0,15.0,67.0,40.0,12.0,14.0,11.0,29.0,646.0,575.0,74.15,92.51,1324.0,1322.0,57.0,106.0,321.0,226.0,244.0,62745.0,9.0,17.0,9.0,7.56,41.08,52.15,893.0,997.0,12682.0,5.0,10.0,7.0,2.84,21.91,4.9,311.0,63.0,5017.0,1.0,0.0,0.0,0.44,1.37,11.27,18.0,154.0,,,,,,,,,,,,,,
Lucas Raymond,RW,DET                  DET,22.0,2024,2031,8,"$64,600,000","$8,075,000",8075000.0,2023,8482078,exact,False,8482078,2023,Lucas Raymond,DET,L,82.0,87346.0,63.36,0.55,0.44,0.55,0.43,31.0,24.0,17.0,21.04,10.0,19.0,163.0,16.0,69.0,48.0,25.0,7.0,38.0,15.0,27.0,4.0,6.0,86.96,71.59,1627.0,1323.0,89.0,76.0,293.0,244.0,326.0,69314.0,17.0,17.0,9.0,11.46,44.1,48.8,1112.0,1146.0,12516.0,5.0,5.0,5.0,4.61,27.45,4.21,374.0,63.0,657.0,0.0,0.0,0.0,0.0,0.03,2.13,2.0,12.0,,,,,,,,,,,,,,
Nick Schmaltz,C,UTA                  UTA,30.0,2026,2033,8,"$64,000,000","$8,000,000",8000000.0,2024,8477951,exact,False,8477951,2024,Nick Schmaltz,UTA,C,82.0,91454.0,67.99,0.61,0.47,0.59,0.49,20.0,21.0,22.0,26.2,8.0,27.0,186.0,22.0,14.0,31.0,93.0,25.0,14.0,7.0,45.0,185.0,191.0,115.2,73.47,1782.0,1249.0,132.0,79.0,396.0,171.0,270.0,69774.0,11.0,9.0,14.0,12.87,58.03,49.36,1209.0,1035.0,15359.0,7.0,8.0,5.0,7.77,35.58,3.24,399.0,64.0,2277.0,0.0,0.0,0.0,0.14,0.31,4.9,5.0,63.0,,,,,,,,,,,,,,
Sam Bennett,C,FLA                  FLA,29.0,2025,2032,8,"$64,000,000","$8,000,000",8000000.0,2024,8477935,exact,False,8477935,2024,Sam Bennett,FLA,C,76.0,79588.0,61.54,0.61,0.52,0.61,0.53,25.0,17.0,9.0,32.86,14.0,43.0,241.0,31.0,145.0,27.0,57.0,21.0,20.0,34.0,45.0,450.0,523.0,104.68,66.76,1735.0,1122.0,145.0,80.0,306.0,135.0,276.0,64289.0,14.0,10.0,6.0,17.96,53.94,47.29,1184.0,997.0,10004.0,7.0,2.0,1.0,8.94,26.63,3.08,333.0,32.0,322.0,0.0,0.0,0.0,0.01,0.03,0.58,4.0,6.0,,,,,,,,,,,,,,
Jake Sanderson,D,OTT                  OTT,21.0,2024,2031,8,"$64,000,000","$8,000,000",8000000.0,2023,8482105,exact,False,8482105,2023,Jake Sanderson,OTT,D,79.0,110055.0,52.11,0.51,0.5,0.53,0.51,10.0,12.0,16.0,6.98,0.0,3.0,158.0,11.0,49.0,34.0,82.0,56.0,7.0,10.0,139.0,1.0,0.0,95.84,91.06,1939.0,1748.0,110.0,105.0,295.0,357.0,376.0,78066.0,4.0,4.0,8.0,3.82,56.21,50.01,1356.0,1181.0,14084.0,3.0,6.0,5.0,1.54,24.28,2.15,418.0,47.0,13021.0,0.0,0.0,0.0,0.15,2.83,26.9,52.0,391.0,,,,,,,,,,,,,,
Jack Hughes,C,NJD                  NJD,20.0,2022,2029,8,"$64,000,000","$8,000,000",8000000.0,2021,8481559,exact,False,8481559,2021,Jack Hughes,NJD,C,49.0,57522.0,56.23,0.57,0.46,0.58,0.47,26.0,21.0,9.0,18.2,8.0,14.0,165.0,11.0,6.0,49.0,60.0,16.0,16.0,0.0,15.0,122.0,231.0,60.06,45.26,1109.0,791.0,50.0,35.0,194.0,68.0,175.0,45822.0,16.0,10.0,6.0,12.87,38.57,32.53,784.0,704.0,8136.0,7.0,7.0,1.0,3.09,13.22,2.78,222.0,34.0,112.0,0.0,0.0,0.0,0.0,0.01,0.0,1.0,0.0,,,,,,,,,,,,,,
Thomas Chabot,D,OTT                  OTT,22.0,2020,2027,8,"$64,000,000","$8,000,000",8000000.0,2019,8478469,exact,False,8478469,2019,Thomas Chabot,OTT,D,71.0,110653.0,42.48,0.55,0.45,0.54,0.44,6.0,17.0,16.0,8.5,0.0,2.0,187.0,17.0,79.0,42.0,87.0,66.0,10.0,21.0,85.0,0.0,0.0,104.35,86.75,1969.0,1653.0,98.0,83.0,294.0,192.0,349.0,92105.0,6.0,12.0,7.0,5.53,66.18,63.68,1488.0,1463.0,12973.0,0.0,2.0,5.0,0.98,19.65,3.8,312.0,60.0,933.0,0.0,0.0,0.0,0.05,0.66,1.59,5.0,19.0,,,,,,,,,,,,,,
Logan Couture,C,SJS                  SJS,29.0,2019,2026,8,"$64,000,000","$8,000,000",8000000.0,2019,8474053,exact,False,8474053,2019,Logan Couture,S.J,C,52.0,57569.0,38.87,0.52,0.49,0.54,0.48,16.0,15.0,8.0,13.52,4.0,13.0,126.0,17.0,55.0,28.0,26.0,10.0,13.0,4.0,45.0,195.0,248.0,58.12,53.7,1010.0,860.0,63.0,57.0,197.0,119.0,215.0,40819.0,11.0,8.0,2.0,5.59,26.27,29.39,614.0,622.0,8005.0,0.0,4.0,4.0,2.91,18.64,3.51,280.0,39.0,4999.0,0.0,2.0,0.0,0.34,1.39,7.85,21.0,113.0,,,,,,,,,,,,,,
John Carlson,D,ANA                  ANA,27.0,2018,2025,8,"$64,000,000","$8,000,000",8000000.0,2019,8474590,exact,False,8474590,2019,John Carlson,WSH,D,69.0,101430.0,72.16,0.57,0.49,0.55,0.49,15.0,39.0,20.0,11.4,4.0,11.0,189.0,16.0,55.0,42.0,80.0,61.0,8.0,13.0,109.0,0.0,1.0,109.77,81.79,1839.0,1485.0,118.0,90.0,315.0,245.0,384.0,73799.0,11.0,16.0,9.0,4.93,50.77,52.25,1201.0,1138.0,15254.0,0.0,13.0,7.0,2.28,27.81,3.84,400.0,67.0,5204.0,0.0,0.0,0.0,0.14,0.76,6.94,22.0,133.0,,,,,,,,,,,,,,
Josh Norris,C,BUF                  BUF,22.0,2022,2029,8,"$63,600,000","$7,950,000",7950000.0,2021,8480064,exact,False,8480064,2021,Josh Norris,OTT,C,66.0,73573.0,55.27,0.56,0.45,0.55,0.45,35.0,7.0,13.0,26.17,17.0,30.0,172.0,13.0,79.0,24.0,32.0,17.0,18.0,8.0,44.0,529.0,507.0,83.75,66.89,1321.0,1099.0,89.0,70.0,354.0,156.0,295.0,54987.0,16.0,6.0,6.0,12.17,39.16,43.14,872.0,881.0,12138.0,14.0,1.0,5.0,9.66,31.24,3.6,339.0,58.0,2229.0,0.0,0.0,0.0,0.0,0.69,3.9,8.0,66.0,,,,,,,,,,,,,,
Seth Jarvis,RW,CAR                  CAR,22.0,2024,2031,8,"$63,200,000","$7,900,000",7900000.0,2023,8482093,exact,False,8482093,2023,Seth Jarvis,CAR,C,81.0,91125.0,84.72,0.6,0.54,0.6,0.59,33.0,20.0,14.0,33.43,16.0,48.0,178.0,21.0,115.0,43.0,42.0,11.0,16.0,7.0,52.0,157.0,195.0,105.87,70.09,1833.0,1227.0,126.0,85.0,379.0,326.0,290.0,64164.0,14.0,14.0,9.0,13.51,48.44,35.53,1223.0,865.0,13523.0,11.0,3.0,3.0,13.28,39.72,3.12,453.0,51.0,9703.0,2.0,0.0,1.0,0.89,2.42,18.82,48.0,252.0,,,,,,,,,,,,,,
Luke Hughes,D,NJD                  NJD,22.0,2025,2031,7,"$63,000,000","$9,000,000",9000000.0,2024,8482684,exact,False,8482684,2024,Luke Hughes,NJD,D,71.0,90133.0,46.37,0.55,0.52,0.55,0.5,7.0,21.0,16.0,7.92,1.0,6.0,121.0,13.0,19.0,33.0,86.0,48.0,5.0,9.0,60.0,0.0,1.0,85.22,69.79,1611.0,1300.0,101.0,75.0,241.0,207.0,269.0,78402.0,6.0,12.0,7.0,5.64,58.22,55.07,1294.0,1156.0,6685.0,0.0,7.0,8.0,1.04,18.54,1.77,201.0,34.0,1599.0,0.0,0.0,0.0,0.03,0.55,2.43,10.0,40.0,,,,,,,,,,,,,,
Jake Guentzel,C,TBL                  TBL,29.0,2024,2030,7,"$63,000,000","$9,000,000",9000000.0,2023,8477404,exact,False,8477404,2023,Jake Guentzel,CAR,C,67.0,80483.0,92.59,0.66,0.47,0.63,0.49,30.0,33.0,14.0,38.64,10.0,52.0,238.0,36.0,48.0,33.0,26.0,5.0,24.0,11.0,28.0,6.0,17.0,124.53,63.65,1938.0,1145.0,152.0,72.0,343.0,107.0,307.0,62851.0,19.0,16.0,7.0,20.96,62.4,44.46,1301.0,985.0,13069.0,4.0,9.0,7.0,7.53,35.74,3.37,434.0,66.0,188.0,0.0,0.0,0.0,0.05,0.06,0.4,2.0,5.0,,,,,,,,,,,,,,
Jesper Bratt,LW,NJD                  NJD,24.0,2023,2030,8,"$63,000,000","$7,875,000",7875000.0,2022,8479407,exact,False,8479407,2022,Jesper Bratt,NJD,L,82.0,85448.0,89.15,0.65,0.53,0.65,0.49,32.0,22.0,19.0,26.58,9.0,23.0,212.0,20.0,24.0,41.0,44.0,12.0,9.0,3.0,23.0,0.0,0.0,111.47,60.37,1916.0,1054.0,107.0,57.0,366.0,157.0,303.0,68219.0,20.0,14.0,9.0,17.33,64.72,47.4,1329.0,947.0,13163.0,7.0,5.0,7.0,6.0,30.35,3.93,416.0,54.0,160.0,0.0,0.0,0.0,0.0,0.11,0.0,2.0,0.0,,,,,,,,,,,,,,
Nick Suzuki,C,MTL                  MTL,22.0,2022,2029,8,"$63,000,000","$7,875,000",7875000.0,2021,8480018,exact,False,8480018,2021,Nick Suzuki,MTL,C,82.0,100910.0,50.28,0.45,0.43,0.51,0.44,21.0,19.0,21.0,18.81,9.0,21.0,186.0,17.0,89.0,50.0,71.0,44.0,26.0,15.0,62.0,699.0,711.0,82.03,98.29,1619.0,1569.0,79.0,108.0,341.0,279.0,306.0,74510.0,10.0,12.0,13.0,10.24,43.25,57.99,1050.0,1189.0,14201.0,7.0,6.0,5.0,4.3,22.69,5.06,371.0,67.0,7010.0,1.0,1.0,1.0,1.65,2.88,15.14,47.0,208.0,,,,,,,,,,,,,,
Dougie Hamilton,D,NJD                  NJD,28.0,2021,2027,7,"$63,000,000","$9,000,000",9000000.0,2020,8476462,exact,False,8476462,2020,Dougie Hamilton,CAR,D,55.0,74983.0,55.35,0.62,0.52,0.59,0.5,10.0,16.0,15.0,7.84,1.0,3.0,180.0,12.0,52.0,19.0,44.0,31.0,4.0,16.0,64.0,0.0,0.0,82.93,50.45,1474.0,1013.0,79.0,41.0,250.0,185.0,238.0,57371.0,6.0,6.0,5.0,4.55,44.75,33.76,1032.0,810.0,9635.0,2.0,8.0,7.0,1.58,21.43,4.24,324.0,41.0,4489.0,1.0,0.0,0.0,0.41,1.95,3.98,28.0,94.0,,,,,,,,,,,,,,
Victor Hedman,D,TBL                  TBL,25.0,2016,2024,8,"$63,000,000","$7,875,000",7875000.0,2019,8475167,exact,False,8475167,2019,Victor Hedman,T.B,D,66.0,94048.0,63.38,0.55,0.51,0.53,0.5,11.0,27.0,17.0,8.57,1.0,4.0,155.0,14.0,73.0,46.0,37.0,27.0,9.0,13.0,95.0,0.0,0.0,90.11,72.98,1555.0,1357.0,101.0,73.0,254.0,208.0,259.0,68939.0,7.0,13.0,6.0,5.55,55.0,42.01,1092.0,954.0,11694.0,4.0,9.0,8.0,1.98,21.22,4.92,340.0,69.0,8320.0,0.0,0.0,0.0,0.27,2.44,14.53,31.0,220.0,,,,,,,,,,,,,,
Cole Caufield,RW,MTL                  MTL,22.0,2023,2030,8,"$62,800,000","$7,850,000",7850000.0,2022,8481540,exact,False,8481540,2022,Cole Caufield,MTL,R,46.0,49817.0,37.65,0.44,0.39,0.54,0.42,26.0,2.0,8.0,15.47,6.0,14.0,158.0,9.0,18.0,19.0,23.0,13.0,10.0,1.0,12.0,0.0,0.0,40.55,51.19,836.0,705.0,40.0,64.0,225.0,77.0,184.0,38585.0,17.0,2.0,5.0,9.58,25.55,33.38,577.0,612.0,8651.0,5.0,0.0,2.0,4.21,9.82,3.38,180.0,39.0,45.0,0.0,0.0,0.0,0.0,0.0,0.0,0.0,0.0,,,,,,,,,,,,,,
Andrei Svechnikov,RW,CAR                  CAR,20.0,2021,2028,8,"$62,000,000","$7,750,000",7750000.0,2020,8480830,exact,False,8480830,2020,Andrei Svechnikov,CAR,R,55.0,57879.0,47.7,0.62,0.53,0.62,0.5,15.0,13.0,14.0,18.75,7.0,24.0,147.0,12.0,114.0,23.0,45.0,9.0,18.0,22.0,18.0,2.0,4.0,68.15,41.91,1186.0,730.0,70.0,44.0,253.0,111.0,204.0,45893.0,7.0,8.0,6.0,12.35,36.78,29.45,780.0,646.0,9282.0,4.0,5.0,8.0,2.75,20.75,3.64,319.0,34.0,45.0,0.0,0.0,0.0,0.03,0.03,0.0,1.0,0.0,,,,,,,,,,,,,,
Alex Pietrangelo,D,VGK                  VGK,29.0,2020,2026,7,"$61,600,000","$8,800,000",8800000.0,2019,8474565,exact,False,8474565,2019,Alex Pietrangelo,STL,D,70.0,100627.0,62.85,0.55,0.46,0.55,0.47,15.0,17.0,17.0,13.14,4.0,10.0,224.0,11.0,46.0,43.0,44.0,29.0,10.0,10.0,89.0,0.0,0.0,94.43,76.25,1669.0,1365.0,106.0,80.0,304.0,265.0,286.0,76411.0,8.0,7.0,9.0,5.75,53.04,46.77,1167.0,1027.0,11951.0,5.0,7.0,5.0,3.52,23.49,4.76,343.0,55.0,6846.0,0.0,0.0,0.0,0.17,1.15,9.74,28.0,160.0,,,,,,,,,,,,,,
Juraj Slafkovsky,LW,MTL                  MTL,20.0,2025,2032,8,"$60,800,000","$7,600,000",7600000.0,2024,8483515,exact,False,8483515,2024,Juraj Slafkovsk,MTL,L,79.0,82234.0,47.84,0.53,0.44,0.56,0.43,18.0,16.0,17.0,20.49,2.0,21.0,133.0,13.0,194.0,16.0,71.0,17.0,18.0,21.0,62.0,5.0,14.0,77.33,69.39,1540.0,1213.0,70.0,77.0,347.0,143.0,236.0,65586.0,13.0,12.0,13.0,14.16,49.57,57.48,1108.0,1128.0,13900.0,5.0,3.0,2.0,6.01,22.32,3.19,356.0,47.0,46.0,0.0,0.0,0.0,0.0,0.0,0.0,0.0,1.0,,,,,,,,,,,,,,
K'Andre Miller,D,CAR                  CAR,25.0,2025,2032,8,"$60,000,000","$7,500,000",7500000.0,2024,8480817,exact,False,8480817,2024,K'Andre Miller,NYR,D,74.0,97443.0,29.05,0.48,0.5,0.48,0.51,7.0,11.0,9.0,5.77,0.0,4.0,110.0,16.0,107.0,47.0,97.0,70.0,7.0,11.0,110.0,0.0,0.0,82.18,89.25,1516.0,1642.0,101.0,90.0,177.0,295.0,327.0,81343.0,7.0,10.0,5.0,3.92,60.13,61.53,1307.0,1335.0,3367.0,0.0,1.0,1.0,0.74,5.49,0.61,78.0,13.0,9403.0,0.0,0.0,0.0,0.32,4.15,16.07,62.0,213.0,,,,,,,,,,,,,,
Morgan Rielly,D,TOR                  TOR,27.0,2022,2029,8,"$60,000,000","$7,500,000",7500000.0,2021,8476853,exact,False,8476853,2021,Morgan Rielly,TOR,D,82.0,116791.0,75.98,0.56,0.56,0.56,0.52,10.0,32.0,26.0,9.35,1.0,4.0,221.0,13.0,92.0,40.0,76.0,50.0,9.0,20.0,87.0,0.0,0.0,130.53,100.95,2195.0,1691.0,127.0,97.0,329.0,261.0,329.0,90157.0,7.0,17.0,12.0,6.23,75.93,67.54,1535.0,1330.0,13487.0,2.0,7.0,12.0,1.07,31.61,4.89,462.0,72.0,7866.0,0.0,3.0,0.0,0.26,3.78,9.99,54.0,162.0,,,,,,,,,,,,,,
Moritz Seider,D,DET                  DET,23.0,2024,2030,7,"$59,850,000","$8,550,000",8550000.0,2023,8481542,exact,False,8481542,2023,Moritz Seider,DET,D,82.0,110009.0,34.77,0.43,0.5,0.45,0.48,9.0,17.0,16.0,6.73,3.0,6.0,135.0,6.0,211.0,41.0,39.0,27.0,20.0,24.0,212.0,0.0,0.0,90.36,121.13,1748.0,2161.0,104.0,133.0,246.0,454.0,333.0,82635.0,5.0,9.0,8.0,3.38,49.03,66.31,1278.0,1516.0,10660.0,3.0,8.0,6.0,1.73,22.48,3.23,307.0,48.0,12018.0,0.0,0.0,1.0,0.21,4.25,35.49,52.0,456.0,,,,,,,,,,,,,,
Ivan Provorov,D,CBJ                  CBJ,28.0,2025,2031,7,"$59,500,000","$8,500,000",8500000.0,2024,8478500,exact,False,8478500,2024,Ivan Provorov,CBJ,D,82.0,114901.0,30.55,0.44,0.51,0.45,0.51,7.0,12.0,14.0,5.55,2.0,3.0,100.0,6.0,28.0,29.0,120.0,79.0,14.0,14.0,127.0,0.0,0.0,87.21,113.03,1689.0,2059.0,100.0,132.0,206.0,325.0,337.0,93793.0,5.0,5.0,11.0,3.57,60.7,71.27,1423.0,1537.0,4508.0,1.0,1.0,1.0,1.14,6.59,0.89,105.0,18.0,11845.0,1.0,2.0,0.0,0.11,3.98,22.37,65.0,336.0,,,,,,,,,,,,,,
Mark Scheifele,C,WPG                  WPG,30.0,2024,2030,7,"$59,500,000","$8,500,000",8500000.0,2023,8476460,exact,False,8476460,2023,Mark Scheifele,WPG,C,74.0,89624.0,62.43,0.56,0.48,0.54,0.48,25.0,32.0,15.0,22.56,10.0,21.0,154.0,9.0,63.0,45.0,33.0,9.0,29.0,19.0,40.0,603.0,650.0,94.41,75.62,1672.0,1403.0,90.0,95.0,392.0,147.0,231.0,72287.0,13.0,20.0,9.0,12.77,51.95,61.09,1181.0,1254.0,13559.0,6.0,8.0,3.0,4.08,23.18,2.71,380.0,51.0,197.0,0.0,0.0,0.0,0.0,0.0,0.47,0.0,12.0,,,,,,,,,,,,,,
Noah Hanifin,D,VGK                  VGK,27.0,2024,2031,8,"$58,800,000","$7,350,000",7350000.0,2023,8478396,exact,False,8478396,2023,Noah Hanifin,VGK,D,80.0,113347.0,54.35,0.5,0.51,0.5,0.52,13.0,19.0,15.0,11.51,5.0,10.0,164.0,17.0,63.0,59.0,67.0,52.0,7.0,13.0,121.0,0.0,0.0,105.18,105.19,1953.0,1938.0,127.0,111.0,261.0,385.0,378.0,88292.0,7.0,11.0,10.0,5.4,64.37,58.85,1492.0,1422.0,8384.0,5.0,3.0,4.0,2.81,15.96,3.84,251.0,42.0,10576.0,0.0,2.0,0.0,0.11,3.47,22.29,52.0,318.0,,,,,,,,,,,,,,
Owen Power,D,BUF                  BUF,20.0,2024,2030,7,"$58,450,000","$8,350,000",8350000.0,2023,8482671,exact,False,8482671,2023,Owen Power,BUF,D,76.0,104515.0,40.0,0.44,0.5,0.5,0.51,6.0,13.0,14.0,6.61,0.0,3.0,108.0,15.0,45.0,20.0,36.0,20.0,2.0,9.0,115.0,0.0,0.0,81.13,101.57,1712.0,1737.0,83.0,123.0,295.0,303.0,267.0,84690.0,6.0,7.0,10.0,4.37,56.83,62.33,1413.0,1328.0,6949.0,0.0,3.0,3.0,0.86,7.8,1.69,135.0,30.0,8053.0,0.0,1.0,0.0,0.07,2.7,16.2,40.0,249.0,,,,,,,,,,,,,,
Filip Hronek,D,VAN                  VAN,26.0,2024,2031,8,"$58,000,000","$7,250,000",7250000.0,2023,8479425,exact,False,8479425,2023,Filip Hronek,VAN,D,81.0,113925.0,59.65,0.5,0.54,0.52,0.51,5.0,14.0,29.0,6.94,1.0,3.0,148.0,17.0,104.0,24.0,50.0,40.0,14.0,19.0,87.0,0.0,0.0,101.9,102.98,1934.0,1770.0,128.0,135.0,317.0,293.0,323.0,91296.0,2.0,11.0,19.0,3.73,69.6,66.25,1561.0,1342.0,7907.0,1.0,1.0,8.0,2.2,14.61,1.37,214.0,28.0,9213.0,0.0,0.0,0.0,0.14,1.92,15.9,35.0,269.0,,,,,,,,,,,,,,
Brady Tkachuk,LW,OTT                  OTT,21.0,2021,2027,7,"$57,500,000","$8,214,286",8214286.0,2020,8480801,exact,False,8480801,2020,Brady Tkachuk,OTT,L,56.0,61192.0,39.77,0.56,0.44,0.54,0.45,17.0,11.0,8.0,23.59,5.0,25.0,220.0,20.0,248.0,33.0,37.0,19.0,31.0,24.0,23.0,118.0,131.0,60.77,48.58,1069.0,897.0,55.0,47.0,248.0,137.0,247.0,48048.0,10.0,6.0,4.0,13.9,34.96,34.9,749.0,789.0,10533.0,5.0,2.0,3.0,6.48,16.32,2.57,241.0,45.0,51.0,0.0,0.0,0.0,0.0,0.0,0.0,0.0,0.0,,,,,,,,,,,,,,
Zachary Werenski,D,CBJ                  CBJ,24.0,2022,2027,6,"$57,500,000","$9,583,333",9583333.0,2021,8478460,last+initial,False,8478460,2021,Zach Werenski,CBJ,D,68.0,104700.0,48.8,0.52,0.4,0.54,0.44,11.0,22.0,15.0,13.65,2.0,8.0,216.0,13.0,33.0,39.0,39.0,23.0,8.0,11.0,95.0,0.0,0.0,106.83,99.81,1906.0,1652.0,103.0,96.0,365.0,251.0,332.0,81033.0,6.0,7.0,9.0,8.42,56.42,66.14,1338.0,1341.0,12561.0,4.0,6.0,3.0,2.17,23.15,5.05,354.0,62.0,5925.0,0.0,0.0,1.0,0.34,3.67,12.0,53.0,139.0,,,,,,,,,,,,,,
Clayton Keller,C,UTA                  UTA,21.0,2020,2027,8,"$57,200,000","$7,150,000",7150000.0,2019,8479343,exact,False,8479343,2019,Clayton Keller,ARI,R,70.0,68469.0,47.81,0.56,0.48,0.57,0.46,17.0,19.0,8.0,17.49,5.0,16.0,182.0,10.0,20.0,34.0,32.0,3.0,18.0,14.0,12.0,9.0,13.0,56.85,44.27,1198.0,908.0,55.0,36.0,313.0,87.0,192.0,54402.0,14.0,11.0,2.0,12.76,35.84,36.35,871.0,808.0,10695.0,2.0,8.0,4.0,3.36,16.41,2.85,253.0,54.0,61.0,0.0,0.0,0.0,0.0,0.0,0.0,0.0,0.0,,,,,,,,,,,,,,
Dylan Guenther,RW,UTA                  UTA,21.0,2025,2032,8,"$57,142,856","$7,142,857",7142857.0,2024,8482699,exact,False,8482699,2024,Dylan Guenther,UTA,R,70.0,71388.0,64.96,0.61,0.49,0.59,0.49,27.0,18.0,15.0,23.81,11.0,19.0,204.0,15.0,53.0,18.0,55.0,16.0,12.0,12.0,42.0,10.0,19.0,84.74,55.07,1435.0,997.0,83.0,57.0,323.0,84.0,220.0,53915.0,11.0,8.0,6.0,10.96,37.05,38.04,945.0,841.0,13542.0,11.0,6.0,7.0,7.9,31.35,2.86,358.0,57.0,799.0,0.0,0.0,0.0,0.0,0.02,1.17,1.0,17.0,,,,,,,,,,,,,,
Carter Verhaeghe,C,FLA                  FLA,29.0,2025,2032,8,"$56,000,000","$7,000,000",7000000.0,2024,8477409,exact,False,8477409,2024,Carter Verhaeghe,FLA,C,81.0,86844.0,70.63,0.63,0.5,0.64,0.52,20.0,18.0,15.0,28.59,4.0,34.0,242.0,25.0,95.0,23.0,81.0,18.0,16.0,23.0,28.0,16.0,28.0,115.55,68.4,1963.0,1128.0,144.0,74.0,332.0,162.0,296.0,70294.0,14.0,11.0,7.0,17.82,55.66,44.97,1316.0,1003.0,11586.0,5.0,6.0,4.0,5.6,33.96,1.45,408.0,37.0,42.0,0.0,0.0,0.0,0.0,0.01,0.0,1.0,0.0,,,,,,,,,,,,,,
J.T. Miller,C,NYR                  NYR,29.0,2023,2029,7,"$56,000,000","$8,000,000",8000000.0,2022,8476468,exact,False,8476468,2022,J.T. Miller,VAN,C,81.0,100503.0,77.15,0.53,0.46,0.57,0.45,32.0,37.0,13.0,24.64,16.0,25.0,223.0,20.0,200.0,58.0,46.0,19.0,24.0,24.0,51.0,487.0,399.0,107.5,96.05,1908.0,1445.0,113.0,113.0,348.0,298.0,294.0,68428.0,12.0,14.0,6.0,10.86,43.5,52.07,1062.0,1024.0,18346.0,10.0,12.0,4.0,8.76,39.12,4.2,606.0,64.0,7705.0,4.0,2.0,0.0,0.85,2.67,20.8,28.0,239.0,,,,,,,,,,,,,,
Gabriel Landeskog,LW,COL                  COL,28.0,2021,2028,8,"$56,000,000","$7,000,000",7000000.0,2020,8476455,exact,False,8476455,2020,Gabriel Landeskog,COL,L,54.0,64657.0,67.63,0.71,0.54,0.69,0.53,20.0,12.0,20.0,20.41,7.0,22.0,155.0,20.0,81.0,16.0,35.0,9.0,15.0,18.0,28.0,287.0,221.0,79.61,32.8,1425.0,641.0,76.0,35.0,324.0,83.0,248.0,49092.0,9.0,7.0,16.0,10.98,36.26,24.21,909.0,554.0,12824.0,8.0,3.0,3.0,7.1,30.95,2.41,431.0,38.0,152.0,0.0,0.0,0.0,0.0,0.01,0.38,1.0,2.0,,,,,,,,,,,,,,
Jacob Trouba,D,ANA                  ANA,24.0,2019,2025,7,"$56,000,000","$8,000,000",8000000.0,2019,8476885,exact,False,8476885,2019,Jacob Trouba,NYR,D,70.0,94702.0,21.88,0.43,0.48,0.43,0.49,7.0,8.0,12.0,9.23,3.0,11.0,167.0,11.0,173.0,43.0,69.0,54.0,16.0,21.0,128.0,0.0,0.0,68.75,89.42,1393.0,1821.0,69.0,94.0,176.0,263.0,329.0,74329.0,3.0,7.0,6.0,4.98,44.58,53.54,1118.0,1348.0,6966.0,3.0,0.0,4.0,2.24,12.9,2.74,172.0,46.0,9742.0,0.0,0.0,2.0,0.68,3.34,23.52,44.0,331.0,,,,,,,,,,,,,,
Mikko Rantanen,RW,DAL                  DAL,22.0,2019,2024,6,"$55,500,000","$9,250,000",9250000.0,2019,8478420,exact,False,8478420,2019,Mikko Rantanen,COL,R,42.0,47591.0,43.85,0.59,0.46,0.59,0.47,19.0,16.0,7.0,12.17,7.0,12.0,107.0,6.0,28.0,34.0,16.0,3.0,12.0,7.0,23.0,44.0,31.0,50.52,35.6,936.0,652.0,43.0,43.0,213.0,83.0,182.0,36236.0,9.0,8.0,5.0,5.95,26.14,24.12,638.0,557.0,8148.0,7.0,4.0,1.0,4.36,14.73,2.03,224.0,33.0,55.0,0.0,0.0,0.0,0.0,0.0,0.01,0.0,2.0,,,,,,,,,,,,,,
Kevin Fiala,LW,LAK                  LAK,25.0,2022,2028,7,"$55,125,000","$7,875,000",7875000.0,2021,8477942,exact,False,8477942,2021,Kevin Fiala,MIN,L,82.0,86824.0,88.38,0.56,0.49,0.56,0.48,33.0,31.0,21.0,28.33,9.0,27.0,262.0,18.0,52.0,38.0,54.0,12.0,32.0,20.0,21.0,4.0,11.0,87.77,69.77,1586.0,1231.0,94.0,72.0,294.0,161.0,209.0,64052.0,23.0,21.0,9.0,17.3,49.34,39.58,1043.0,950.0,12240.0,2.0,4.0,4.0,4.54,18.66,3.36,328.0,58.0,4484.0,1.0,0.0,0.0,0.41,1.05,10.26,21.0,123.0,,,,,,,,,,,,,,
Elias Lindholm,C,BOS                  BOS,29.0,2024,2030,7,"$54,250,000","$7,750,000",7750000.0,2023,8477496,exact,False,8477496,2023,Elias Lindholm,VAN,C,75.0,88621.0,42.17,0.46,0.52,0.5,0.52,15.0,14.0,15.0,20.5,9.0,30.0,173.0,16.0,89.0,40.0,30.0,15.0,12.0,11.0,61.0,753.0,583.0,75.31,88.32,1521.0,1527.0,85.0,103.0,332.0,413.0,244.0,61224.0,6.0,7.0,10.0,10.21,35.41,42.71,947.0,1026.0,12387.0,5.0,4.0,1.0,5.86,21.36,4.73,372.0,56.0,9839.0,1.0,1.0,1.0,0.46,1.97,22.28,45.0,301.0,,,,,,,,,,,,,,
Janis Moser,D,TBL                  TBL,25.0,2026,2033,8,"$54,000,000","$6,750,000",6750000.0,2024,8482655,last+initial,False,8482655,2024,J.J. Moser,TBL,D,54.0,61083.0,16.8,0.49,0.54,0.48,0.53,2.0,4.0,8.0,2.61,0.0,2.0,48.0,5.0,34.0,23.0,45.0,26.0,4.0,11.0,70.0,0.0,0.0,49.52,51.4,938.0,1016.0,50.0,67.0,116.0,160.0,153.0,53012.0,1.0,3.0,7.0,2.29,36.75,37.08,839.0,825.0,1370.0,0.0,0.0,1.0,0.01,2.05,0.46,29.0,12.0,5013.0,1.0,0.0,0.0,0.26,1.75,9.27,32.0,130.0,,,,,,,,,,,,,,
Cale Makar,D,COL                  COL,22.0,2021,2026,6,"$54,000,000","$9,000,000",9000000.0,2020,8480069,exact,False,8480069,2020,Cale Makar,COL,D,44.0,64129.0,58.45,0.67,0.53,0.65,0.52,8.0,22.0,14.0,5.26,2.0,3.0,104.0,7.0,49.0,32.0,21.0,15.0,13.0,6.0,36.0,0.0,0.0,70.15,34.28,1324.0,698.0,61.0,36.0,253.0,130.0,211.0,48500.0,4.0,8.0,7.0,2.75,37.37,24.2,887.0,570.0,10497.0,3.0,12.0,6.0,1.57,25.48,2.11,348.0,29.0,2420.0,0.0,0.0,0.0,0.06,0.55,3.13,11.0,58.0,,,,,,,,,,,,,,
Jared Spurgeon,D,MIN                  MIN,30.0,2020,2026,7,"$53,025,000","$7,575,000",7575000.0,2019,8474716,exact,False,8474716,2019,Jared Spurgeon,MIN,D,62.0,83913.0,43.7,0.52,0.51,0.51,0.49,12.0,10.0,10.0,8.0,2.0,6.0,112.0,13.0,61.0,10.0,23.0,17.0,7.0,9.0,102.0,0.0,0.0,69.57,63.8,1360.0,1301.0,64.0,58.0,256.0,262.0,275.0,62352.0,8.0,5.0,4.0,3.99,47.35,34.96,1052.0,920.0,9053.0,3.0,4.0,6.0,2.06,15.49,1.99,227.0,37.0,8383.0,0.0,0.0,0.0,0.01,1.01,16.16,23.0,228.0,,,,,,,,,,,,,,
Auston Matthews,C,TOR                  TOR,25.0,2024,2027,4,"$53,000,000","$13,250,000",13250000.0,2023,8479318,exact,False,8479318,2023,Auston Matthews,TOR,C,81.0,101897.0,127.04,0.65,0.43,0.6,0.45,69.0,24.0,14.0,50.77,19.0,57.0,369.0,37.0,89.0,85.0,54.0,23.0,18.0,5.0,93.0,705.0,614.0,146.74,79.72,2240.0,1470.0,180.0,104.0,324.0,182.0,355.0,76822.0,38.0,17.0,6.0,27.27,67.11,52.39,1393.0,1165.0,15814.0,16.0,5.0,5.0,9.93,42.57,4.62,549.0,84.0,3349.0,0.0,1.0,0.0,1.63,2.4,4.3,29.0,95.0,,,,,,,,,,,,,,
Alexis Lafrenière,LW,NYR                  NYR,23.0,2025,2031,7,"$52,150,000","$7,450,000",7450000.0,2024,8482109,exact,False,8482109,2024,Alexis Lafrenire,NYR,L,82.0,83667.0,49.59,0.5,0.48,0.56,0.47,17.0,21.0,7.0,17.0,4.0,17.0,153.0,11.0,119.0,25.0,46.0,16.0,13.0,13.0,27.0,13.0,26.0,76.24,75.95,1583.0,1255.0,75.0,94.0,310.0,112.0,253.0,73338.0,15.0,18.0,7.0,14.32,54.05,56.65,1279.0,1158.0,7182.0,2.0,2.0,0.0,0.86,11.81,1.58,193.0,31.0,19.0,0.0,0.0,0.0,0.0,0.08,0.0,1.0,0.0,,,,,,,,,,,,,,
Brandon Hagel,LW,TBL                  TBL,24.0,2024,2031,8,"$52,000,000","$6,500,000",6500000.0,2023,8479542,exact,False,8479542,2023,Brandon Hagel,TBL,L,82.0,94739.0,76.44,0.53,0.5,0.52,0.51,26.0,38.0,11.0,30.8,9.0,43.0,184.0,21.0,55.0,54.0,39.0,13.0,31.0,28.0,45.0,25.0,36.0,101.49,89.85,1640.0,1522.0,127.0,110.0,228.0,256.0,329.0,74421.0,17.0,23.0,9.0,18.51,60.53,50.17,1283.0,1122.0,5423.0,2.0,5.0,0.0,1.4,14.09,0.68,146.0,15.0,9483.0,0.0,2.0,0.0,2.35,5.03,17.61,58.0,265.0,,,,,,,,,,,,,,
Hampus Lindholm,D,BOS                  BOS,27.0,2022,2029,8,"$52,000,000","$6,500,000",6500000.0,2021,8476854,exact,False,8476854,2021,Hampus Lindholm,BOS,D,71.0,95877.0,30.85,0.48,0.51,0.48,0.5,5.0,11.0,11.0,6.28,1.0,4.0,142.0,6.0,70.0,35.0,47.0,34.0,14.0,23.0,92.0,0.0,0.0,72.26,79.81,1422.0,1545.0,68.0,72.0,203.0,222.0,246.0,79258.0,4.0,6.0,7.0,4.71,51.79,54.8,1198.0,1215.0,3944.0,1.0,1.0,3.0,0.66,6.01,1.2,94.0,17.0,8211.0,0.0,1.0,0.0,0.19,2.97,13.93,41.0,206.0,,,,,,,,,,,,,,
Colton Parayko,D,STL                  STL,28.0,2022,2029,8,"$52,000,000","$6,500,000",6500000.0,2021,8476892,exact,False,8476892,2021,Colton Parayko,STL,D,80.0,113069.0,26.27,0.46,0.53,0.42,0.52,6.0,10.0,19.0,7.35,3.0,5.0,135.0,9.0,72.0,51.0,53.0,44.0,17.0,10.0,169.0,0.0,0.0,82.95,97.8,1385.0,1910.0,72.0,85.0,195.0,369.0,384.0,97265.0,5.0,7.0,16.0,6.0,62.0,71.7,1216.0,1537.0,1347.0,0.0,1.0,0.0,0.03,2.18,0.17,29.0,2.0,9137.0,0.0,0.0,0.0,0.39,4.54,15.58,59.0,225.0,,,,,,,,,,,,,,
Brayden Schenn,C,NYI                  NYI,28.0,2020,2027,8,"$52,000,000","$6,500,000",6500000.0,2019,8475170,exact,False,8475170,2019,Brayden Schenn,STL,C,71.0,78059.0,51.56,0.55,0.48,0.56,0.48,25.0,21.0,13.0,15.61,6.0,14.0,136.0,8.0,120.0,26.0,39.0,12.0,10.0,19.0,21.0,345.0,359.0,71.21,59.34,1279.0,992.0,71.0,61.0,323.0,145.0,227.0,61914.0,14.0,12.0,7.0,8.11,34.63,36.53,833.0,839.0,11254.0,10.0,6.0,3.0,5.6,22.12,4.92,320.0,56.0,770.0,0.0,0.0,0.0,0.02,0.02,1.77,1.0,15.0,,,,,,,,,,,,,,
Cam Fowler,D,STL                  STL,26.0,2018,2025,8,"$52,000,000","$6,500,000",6500000.0,2019,8475764,exact,False,8475764,2019,Cam Fowler,ANA,D,60.0,78486.0,33.52,0.55,0.45,0.55,0.46,9.0,7.0,13.0,5.76,1.0,4.0,117.0,5.0,25.0,21.0,32.0,19.0,2.0,10.0,58.0,0.0,0.0,64.25,52.98,1310.0,1081.0,59.0,42.0,265.0,187.0,253.0,63526.0,7.0,3.0,9.0,2.74,41.83,38.61,987.0,926.0,8621.0,2.0,2.0,3.0,2.28,11.66,2.08,221.0,36.0,2208.0,0.0,0.0,0.0,0.01,1.23,4.13,13.0,58.0,,,,,,,,,,,,,,
Shea Theodore,D,VGK                  VGK,29.0,2025,2031,7,"$51,975,000","$7,425,000",7425000.0,2024,8477447,exact,False,8477447,2024,Shea Theodore,VGK,D,67.0,88409.0,57.35,0.63,0.49,0.58,0.48,7.0,28.0,22.0,7.36,3.0,4.0,128.0,13.0,6.0,28.0,105.0,53.0,7.0,13.0,82.0,0.0,0.0,98.37,57.92,1660.0,1226.0,121.0,61.0,312.0,200.0,273.0,74606.0,4.0,13.0,12.0,4.0,50.69,47.27,1227.0,1117.0,10225.0,2.0,9.0,5.0,2.04,31.69,2.49,322.0,32.0,585.0,0.0,0.0,0.0,0.0,0.26,0.65,3.0,16.0,,,,,,,,,,,,,,
Jaccob Slavin,D,CAR                  CAR,30.0,2025,2032,8,"$51,690,000","$6,461,250",6461250.0,2024,8476958,exact,False,8476958,2024,Jaccob Slavin,CAR,D,80.0,103549.0,55.1,0.5,0.58,0.52,0.62,6.0,7.0,14.0,7.27,2.0,8.0,110.0,18.0,21.0,61.0,78.0,40.0,5.0,4.0,136.0,0.0,0.0,93.23,91.74,1840.0,1670.0,104.0,106.0,259.0,344.0,306.0,84892.0,6.0,4.0,8.0,5.23,72.4,56.72,1683.0,1227.0,687.0,0.0,0.0,0.0,0.02,0.91,0.02,14.0,2.0,13188.0,0.0,0.0,3.0,0.04,4.17,17.53,53.0,292.0,,,,,,,,,,,,,,
Nikolaj Ehlers,LW,CAR                  CAR,29.0,2025,2030,6,"$51,000,000","$8,500,000",8500000.0,2024,8477940,exact,False,8477940,2024,Nikolaj Ehlers,WPG,L,69.0,65391.0,67.46,0.6,0.51,0.58,0.46,24.0,27.0,12.0,19.82,6.0,22.0,174.0,24.0,38.0,16.0,52.0,17.0,22.0,7.0,33.0,5.0,14.0,75.52,50.27,1289.0,924.0,91.0,56.0,326.0,107.0,184.0,52034.0,14.0,8.0,8.0,11.01,39.84,33.49,893.0,799.0,9841.0,5.0,12.0,3.0,5.87,25.47,3.19,289.0,54.0,112.0,0.0,0.0,0.0,0.0,0.0,0.09,0.0,2.0,,,,,,,,,,,,,,
Devon Toews,D,COL                  COL,29.0,2024,2030,7,"$50,750,000","$7,250,000",7250000.0,2023,8478038,exact,False,8478038,2023,Devon Toews,COL,D,82.0,115271.0,63.85,0.49,0.54,0.5,0.54,12.0,16.0,22.0,9.09,1.0,8.0,160.0,16.0,74.0,57.0,46.0,36.0,11.0,9.0,110.0,0.0,0.0,110.21,113.18,1938.0,1943.0,121.0,145.0,342.0,358.0,357.0,89647.0,10.0,12.0,17.0,6.47,72.91,59.88,1595.0,1377.0,7809.0,0.0,2.0,3.0,0.85,15.45,2.7,198.0,31.0,13335.0,0.0,0.0,1.0,0.17,3.29,34.29,48.0,382.0,,,,,,,,,,,,,,
Brock Boeser,RW,VAN                  VAN,28.0,2025,2031,7,"$50,750,000","$7,250,000",7250000.0,2024,8478444,exact,False,8478444,2024,Brock Boeser,VAN,R,75.0,81726.0,42.17,0.57,0.46,0.56,0.46,25.0,12.0,13.0,19.05,8.0,24.0,145.0,15.0,76.0,18.0,37.0,12.0,6.0,7.0,34.0,15.0,40.0,86.04,64.81,1487.0,1162.0,112.0,81.0,327.0,152.0,258.0,63857.0,15.0,6.0,5.0,10.23,38.53,42.86,950.0,1021.0,13810.0,9.0,5.0,6.0,6.07,30.54,3.72,392.0,57.0,36.0,0.0,0.0,0.0,0.0,0.0,0.0,0.0,0.0,,,,,,,,,,,,,,
Nico Hischier,C,NJD                  NJD,20.0,2020,2026,7,"$50,570,000","$7,224,286",7224286.0,2019,8480002,exact,False,8480002,2019,Nico Hischier,N.J,C,58.0,62788.0,33.94,0.55,0.46,0.53,0.46,14.0,13.0,9.0,15.92,3.0,14.0,123.0,14.0,48.0,42.0,28.0,14.0,21.0,6.0,37.0,505.0,473.0,56.44,46.36,1024.0,926.0,48.0,38.0,245.0,147.0,241.0,47241.0,11.0,6.0,7.0,10.13,33.81,34.44,693.0,760.0,8669.0,2.0,5.0,1.0,4.9,15.12,1.44,253.0,28.0,3082.0,1.0,1.0,0.0,0.53,1.38,4.59,16.0,70.0,,,,,,,,,,,,,,
Alexander Romanov,D,NYI                  NYI,25.0,2025,2032,8,"$50,000,000","$6,250,000",6250000.0,2024,8481014,exact,False,8481014,2024,Alexander Romanov,NYI,D,64.0,85659.0,26.3,0.44,0.52,0.45,0.53,4.0,8.0,8.0,3.82,0.0,0.0,100.0,9.0,147.0,24.0,81.0,54.0,9.0,10.0,165.0,0.0,0.0,67.92,85.82,1369.0,1660.0,68.0,102.0,143.0,233.0,264.0,74881.0,4.0,7.0,7.0,3.61,56.15,59.56,1272.0,1312.0,420.0,0.0,0.0,0.0,0.03,0.92,0.0,8.0,0.0,7222.0,0.0,0.0,1.0,0.06,2.86,14.1,43.0,226.0,,,,,,,,,,,,,,
Matthew Beniers,C,SEA                  SEA,21.0,2024,2030,7,"$50,000,000","$7,142,857",7142857.0,2023,8482665,last+initial,False,8482665,2023,Matty Beniers,SEA,C,77.0,82990.0,40.15,0.57,0.49,0.56,0.49,15.0,15.0,7.0,16.47,5.0,22.0,133.0,16.0,52.0,45.0,31.0,10.0,16.0,10.0,44.0,527.0,584.0,72.54,54.82,1464.0,1145.0,81.0,59.0,323.0,175.0,268.0,67434.0,8.0,11.0,3.0,9.87,42.7,42.19,1062.0,1021.0,10936.0,6.0,2.0,4.0,4.73,20.48,1.59,293.0,37.0,1062.0,0.0,0.0,0.0,0.0,0.27,1.45,3.0,21.0,,,,,,,,,,,,,,
Brandon Montour,D,SEA                  SEA,30.0,2024,2030,7,"$50,000,000","$7,142,857",7142857.0,2023,8477986,exact,False,8477986,2023,Brandon Montour,FLA,D,66.0,92851.0,48.75,0.66,0.51,0.62,0.52,8.0,6.0,19.0,9.97,2.0,7.0,168.0,13.0,104.0,18.0,40.0,25.0,9.0,14.0,67.0,0.0,0.0,116.54,59.22,1984.0,1225.0,135.0,60.0,290.0,183.0,283.0,70902.0,6.0,2.0,6.0,5.25,50.95,44.95,1297.0,1051.0,14587.0,0.0,4.0,12.0,2.31,49.56,3.1,489.0,56.0,2458.0,0.0,0.0,0.0,0.15,0.98,2.24,20.0,41.0,,,,,,,,,,,,,,
Damon Severson,D,CBJ                  CBJ,28.0,2023,2030,8,"$50,000,000","$6,250,000",6250000.0,2022,8476923,exact,False,8476923,2022,Damon Severson,NJD,D,81.0,96981.0,52.65,0.59,0.56,0.56,0.52,7.0,12.0,14.0,5.23,2.0,2.0,102.0,11.0,44.0,28.0,41.0,20.0,6.0,15.0,115.0,0.0,0.0,104.96,74.04,1806.0,1401.0,108.0,82.0,234.0,239.0,295.0,83515.0,4.0,11.0,12.0,3.89,82.04,54.37,1541.0,1186.0,6264.0,1.0,1.0,2.0,0.68,10.74,1.47,155.0,39.0,4657.0,1.0,0.0,0.0,0.15,2.17,7.56,28.0,112.0,,,,,,,,,,,,,,
Travis Sanheim,D,PHI                  PHI,26.0,2023,2030,8,"$50,000,000","$6,250,000",6250000.0,2022,8477948,exact,False,8477948,2022,Travis Sanheim,PHI,D,81.0,99157.0,21.62,0.43,0.48,0.45,0.48,7.0,11.0,5.0,7.47,3.0,6.0,111.0,7.0,61.0,22.0,42.0,34.0,16.0,20.0,137.0,0.0,0.0,70.03,92.16,1397.0,1736.0,70.0,89.0,159.0,297.0,318.0,84965.0,6.0,9.0,3.0,6.01,54.72,67.43,1240.0,1401.0,2531.0,0.0,1.0,0.0,0.22,1.68,0.85,41.0,20.0,8512.0,1.0,0.0,0.0,0.45,2.47,14.11,46.0,215.0,,,,,,,,,,,,,,
MacKenzie Weegar,D,UTA                  UTA,28.0,2023,2030,8,"$50,000,000","$6,250,000",6250000.0,2022,8477346,exact,False,8477346,2022,MacKenzie Weegar,CGY,D,81.0,102539.0,67.85,0.55,0.54,0.6,0.56,4.0,9.0,18.0,6.63,1.0,2.0,160.0,13.0,186.0,38.0,62.0,40.0,10.0,20.0,117.0,0.0,0.0,85.76,69.01,1873.0,1266.0,84.0,75.0,235.0,337.0,384.0,86792.0,4.0,8.0,14.0,5.69,67.35,51.25,1627.0,1023.0,4636.0,0.0,1.0,2.0,0.43,5.69,1.4,118.0,17.0,8137.0,0.0,0.0,1.0,0.09,4.11,9.42,61.0,166.0,,,,,,,,,,,,,,
Anthony Cirelli,C,TBL                  TBL,25.0,2023,2030,8,"$50,000,000","$6,250,000",6250000.0,2022,8478519,exact,False,8478519,2022,Anthony Cirelli,TBL,C,58.0,57632.0,35.33,0.5,0.53,0.48,0.53,11.0,12.0,6.0,18.05,5.0,22.0,111.0,14.0,34.0,40.0,15.0,4.0,19.0,10.0,46.0,426.0,405.0,62.74,61.7,937.0,1000.0,64.0,64.0,192.0,281.0,238.0,45049.0,7.0,10.0,4.0,13.05,38.4,33.59,722.0,697.0,1512.0,1.0,1.0,0.0,1.6,5.92,0.23,52.0,5.0,7475.0,2.0,0.0,0.0,1.34,3.4,13.17,46.0,207.0,,,,,,,,,,,,,,
Kyle Connor,LW,WPG                  WPG,22.0,2019,2025,7,"$50,000,000","$7,142,857",7142857.0,2019,8478398,exact,False,8478398,2019,Kyle Connor,WPG,L,71.0,89790.0,66.13,0.52,0.45,0.54,0.47,38.0,23.0,12.0,31.92,15.0,34.0,239.0,16.0,18.0,43.0,39.0,24.0,11.0,11.0,17.0,2.0,11.0,96.51,90.3,1636.0,1368.0,91.0,104.0,342.0,151.0,264.0,67239.0,21.0,11.0,7.0,14.87,43.62,59.65,1037.0,1106.0,13420.0,9.0,5.0,3.0,8.96,29.75,3.9,424.0,55.0,4277.0,1.0,1.0,0.0,0.58,1.64,12.72,17.0,120.0,,,,,,,,,,,,,,
Joshua Morrissey,D,WPG                  WPG,24.0,2020,2027,8,"$50,000,000","$6,250,000",6250000.0,2019,8477504,last+initial,False,8477504,2019,Josh Morrissey,WPG,D,65.0,88775.0,24.45,0.47,0.48,0.49,0.49,5.0,11.0,14.0,5.36,0.0,3.0,120.0,10.0,34.0,22.0,46.0,39.0,6.0,12.0,58.0,0.0,0.0,73.75,81.66,1397.0,1427.0,71.0,85.0,210.0,204.0,297.0,74937.0,4.0,5.0,5.0,3.24,44.9,60.95,1107.0,1209.0,6718.0,1.0,4.0,6.0,0.87,13.48,2.0,165.0,32.0,3445.0,0.0,0.0,0.0,0.31,1.99,8.9,20.0,107.0,,,,,,,,,,,,,,
Kevin Hayes,C,PIT                  PIT,26.0,2019,2025,7,"$50,000,000","$7,142,857",7142857.0,2019,8475763,exact,False,8475763,2019,Kevin Hayes,PHI,C,69.0,73076.0,39.21,0.52,0.52,0.49,0.53,23.0,9.0,9.0,21.17,6.0,28.0,175.0,14.0,88.0,43.0,34.0,16.0,10.0,17.0,22.0,412.0,409.0,61.91,58.2,1048.0,1074.0,61.0,60.0,239.0,262.0,239.0,56071.0,12.0,6.0,6.0,12.55,38.51,38.64,793.0,819.0,6372.0,4.0,2.0,1.0,3.06,10.83,2.91,140.0,41.0,8036.0,4.0,0.0,0.0,2.53,3.99,10.67,45.0,169.0,,,,,,,,,,,,,,
Ryan Ellis,D,CHI                  CHI,27.0,2019,2026,8,"$50,000,000","$6,250,000",6250000.0,2019,8475176,exact,False,8475176,2019,Ryan Ellis,NSH,D,49.0,68994.0,47.4,0.55,0.48,0.53,0.52,8.0,16.0,13.0,7.02,3.0,7.0,114.0,7.0,48.0,24.0,36.0,23.0,9.0,8.0,96.0,0.0,0.0,61.76,51.33,1229.0,1107.0,65.0,45.0,205.0,242.0,237.0,52697.0,3.0,12.0,8.0,2.68,40.79,31.6,958.0,827.0,5867.0,2.0,3.0,3.0,0.93,8.13,1.36,144.0,27.0,6734.0,0.0,0.0,0.0,0.43,2.1,10.27,32.0,171.0,,,,,,,,,,,,,,
Tage Thompson,C,BUF                  BUF,25.0,2023,2029,7,"$49,999,999","$7,142,857",7142857.0,2022,8479420,exact,False,8479420,2022,Tage Thompson,BUF,C,78.0,87002.0,97.45,0.56,0.45,0.59,0.47,47.0,27.0,20.0,34.18,17.0,39.0,295.0,22.0,55.0,43.0,40.0,12.0,25.0,18.0,26.0,350.0,463.0,110.35,86.58,1740.0,1211.0,123.0,100.0,417.0,142.0,345.0,65485.0,25.0,20.0,10.0,21.76,57.26,59.56,1158.0,1006.0,14724.0,17.0,5.0,7.0,8.3,32.76,4.16,410.0,45.0,2496.0,1.0,0.0,0.0,0.45,1.02,6.46,18.0,68.0,,,,,,,,,,,,,,
Dylan Cozens,C,OTT                  OTT,21.0,2023,2029,7,"$49,700,000","$7,100,000",7100000.0,2022,8481528,exact,False,8481528,2022,Dylan Cozens,BUF,C,81.0,80175.0,61.87,0.52,0.48,0.52,0.51,31.0,21.0,16.0,25.79,9.0,29.0,211.0,23.0,55.0,36.0,20.0,6.0,23.0,19.0,30.0,567.0,607.0,92.02,85.23,1397.0,1270.0,97.0,90.0,321.0,253.0,271.0,58211.0,21.0,13.0,5.0,17.2,49.27,50.29,913.0,952.0,12968.0,4.0,3.0,9.0,4.68,24.48,2.87,349.0,36.0,5980.0,1.0,1.0,0.0,1.29,2.28,16.72,30.0,207.0,,,,,,,,,,,,,,
Owen Tippett,RW,PHI                  PHI,24.0,2024,2031,8,"$49,600,000","$6,200,000",6200000.0,2023,8480015,exact,False,8480015,2023,Owen Tippett,PHI,R,78.0,77623.0,66.31,0.56,0.49,0.58,0.49,28.0,17.0,8.0,24.24,7.0,22.0,289.0,26.0,148.0,33.0,25.0,8.0,17.0,6.0,47.0,19.0,26.0,73.82,58.07,1589.0,1169.0,78.0,64.0,329.0,134.0,261.0,61637.0,18.0,15.0,6.0,15.91,45.56,42.8,1116.0,1039.0,11867.0,5.0,1.0,1.0,4.43,16.99,3.6,353.0,50.0,151.0,0.0,0.0,0.0,0.02,0.02,0.04,1.0,4.0,,,,,,,,,,,,,,
Ryan Pulock,D,NYI                  NYI,27.0,2022,2029,8,"$49,200,000","$6,150,000",6150000.0,2021,8477506,exact,False,8477506,2021,Ryan Pulock,NYI,D,56.0,71014.0,24.25,0.49,0.45,0.46,0.45,5.0,7.0,9.0,5.85,2.0,5.0,122.0,7.0,86.0,15.0,33.0,24.0,5.0,1.0,130.0,0.0,0.0,54.15,56.41,1030.0,1205.0,57.0,56.0,142.0,232.0,234.0,58319.0,2.0,5.0,6.0,3.37,40.12,40.44,857.0,978.0,4719.0,2.0,1.0,3.0,1.22,9.16,0.74,117.0,17.0,5151.0,0.0,0.0,0.0,0.39,1.65,8.52,28.0,138.0,,,,,,,,,,,,,,
Jake Walman,D,EDM                  EDM,29.0,2026,2032,7,"$49,000,000","$7,000,000",7000000.0,2024,8478013,exact,False,8478013,2024,Jake Walman,EDM,D,65.0,88808.0,45.7,0.5,0.45,0.51,0.47,7.0,16.0,17.0,9.76,1.0,6.0,164.0,16.0,57.0,27.0,80.0,51.0,10.0,20.0,145.0,0.0,0.0,88.22,89.0,1608.0,1557.0,99.0,104.0,195.0,295.0,263.0,66182.0,6.0,7.0,12.0,4.81,49.75,50.54,1170.0,1145.0,9130.0,0.0,4.0,3.0,1.79,20.04,1.9,283.0,36.0,9478.0,0.0,0.0,0.0,0.37,2.15,24.78,40.0,267.0,,,,,,,,,,,,,,
Vladislav Gavrikov,D,NYR                  NYR,29.0,2025,2031,7,"$49,000,000","$7,000,000",7000000.0,2024,8478882,exact,False,8478882,2024,Vladislav Gavrikov,LAK,D,82.0,113586.0,50.05,0.5,0.57,0.49,0.55,5.0,9.0,16.0,5.98,0.0,3.0,112.0,10.0,50.0,22.0,69.0,41.0,7.0,15.0,140.0,0.0,0.0,87.3,88.24,1727.0,1830.0,92.0,89.0,128.0,358.0,312.0,92983.0,4.0,8.0,12.0,4.03,65.67,50.16,1591.0,1308.0,416.0,0.0,0.0,0.0,0.0,0.02,0.02,5.0,1.0,15050.0,0.0,0.0,0.0,0.22,4.66,26.25,58.0,362.0,,,,,,,,,,,,,,
Brady Skjei,D,NSH                  NSH,30.0,2024,2030,7,"$49,000,000","$7,000,000",7000000.0,2023,8476869,exact,False,8476869,2023,Brady Skjei,CAR,D,80.0,102135.0,71.03,0.52,0.59,0.56,0.61,13.0,16.0,18.0,9.77,2.0,4.0,185.0,19.0,69.0,44.0,36.0,29.0,13.0,20.0,90.0,0.0,0.0,92.54,86.15,1887.0,1455.0,96.0,112.0,240.0,272.0,291.0,83103.0,9.0,9.0,7.0,6.73,61.16,53.45,1579.0,1134.0,4553.0,1.0,6.0,4.0,1.78,12.52,1.17,125.0,16.0,10081.0,1.0,1.0,2.0,0.24,3.26,15.4,55.0,216.0,,,,,,,,,,,,,,
Troy Terry,RW,ANA                  ANA,25.0,2023,2029,7,"$49,000,000","$7,000,000",7000000.0,2022,8478873,exact,False,8478873,2022,Troy Terry,ANA,R,70.0,81345.0,56.97,0.51,0.34,0.55,0.39,23.0,22.0,16.0,25.34,4.0,22.0,188.0,27.0,12.0,43.0,27.0,11.0,31.0,11.0,23.0,2.0,0.0,79.52,77.36,1464.0,1198.0,76.0,85.0,289.0,137.0,266.0,65943.0,13.0,16.0,12.0,14.22,46.62,55.08,997.0,1049.0,11112.0,5.0,3.0,3.0,6.89,22.76,3.85,350.0,48.0,632.0,0.0,0.0,0.0,0.09,0.11,2.77,3.0,16.0,,,,,,,,,,,,,,
Matthew Boldy,LW,MIN                  MIN,21.0,2023,2029,7,"$49,000,000","$7,000,000",7000000.0,2022,8481557,last+initial,False,8481557,2022,Matt Boldy,MIN,L,81.0,89909.0,67.56,0.63,0.45,0.61,0.45,31.0,17.0,15.0,30.11,12.0,31.0,255.0,22.0,65.0,51.0,42.0,17.0,16.0,18.0,26.0,77.0,64.0,105.01,61.9,1775.0,1134.0,116.0,68.0,324.0,159.0,221.0,66702.0,20.0,3.0,5.0,17.31,45.81,41.97,1038.0,981.0,17045.0,8.0,9.0,7.0,7.67,37.12,3.67,534.0,52.0,726.0,0.0,0.0,0.0,0.0,0.03,0.82,2.0,10.0,,,,,,,,,,,,,,
Nazem Kadri,C,COL                  COL,31.0,2022,2028,7,"$49,000,000","$7,000,000",7000000.0,2021,8475172,exact,False,8475172,2021,Nazem Kadri,COL,C,71.0,81958.0,95.55,0.61,0.48,0.63,0.49,28.0,35.0,24.0,29.41,13.0,32.0,247.0,24.0,52.0,36.0,34.0,3.0,35.0,26.0,19.0,585.0,592.0,102.4,64.53,1795.0,1062.0,115.0,74.0,318.0,200.0,189.0,59018.0,16.0,22.0,10.0,12.17,45.82,38.7,1118.0,844.0,15404.0,6.0,7.0,12.0,11.01,38.38,3.01,509.0,48.0,1960.0,0.0,0.0,0.0,0.18,0.45,2.79,6.0,50.0,,,,,,,,,,,,,,
Valeri Nichushkin,RW,COL                  COL,26.0,2022,2029,8,"$49,000,000","$6,125,000",6125000.0,2021,8477501,exact,False,8477501,2021,Valeri Nichushkin,COL,R,62.0,70777.0,69.3,0.59,0.51,0.58,0.51,25.0,14.0,13.0,24.62,8.0,29.0,180.0,11.0,89.0,38.0,24.0,10.0,13.0,7.0,27.0,0.0,5.0,78.5,54.72,1389.0,986.0,88.0,61.0,209.0,223.0,230.0,52689.0,15.0,13.0,8.0,15.83,46.22,34.19,1032.0,731.0,8366.0,5.0,0.0,4.0,3.7,18.3,2.19,227.0,34.0,6181.0,2.0,0.0,0.0,0.77,1.45,9.96,32.0,152.0,,,,,,,,,,,,,,
Anders Lee,C,NYI                  NYI,28.0,2019,2025,7,"$49,000,000","$7,000,000",7000000.0,2019,8475314,exact,False,8475314,2019,Anders Lee,NYI,L,68.0,74570.0,46.47,0.57,0.45,0.56,0.43,20.0,11.0,11.0,23.13,5.0,16.0,193.0,9.0,102.0,24.0,44.0,9.0,12.0,14.0,50.0,89.0,109.0,70.01,53.84,1412.0,1129.0,57.0,52.0,245.0,111.0,207.0,61875.0,15.0,7.0,9.0,15.92,45.94,43.59,1053.0,1034.0,8688.0,2.0,1.0,2.0,3.54,12.88,1.95,244.0,25.0,78.0,0.0,0.0,0.0,0.0,0.0,0.05,0.0,1.0,,,,,,,,,,,,,,
Aaron Ekblad,D,FLA                  FLA,29.0,2025,2032,8,"$48,800,000","$6,100,000",6100000.0,2024,8477932,exact,False,8477932,2024,Aaron Ekblad,FLA,D,56.0,79002.0,43.55,0.56,0.56,0.56,0.55,3.0,14.0,16.0,5.95,0.0,3.0,106.0,17.0,90.0,23.0,57.0,28.0,16.0,25.0,64.0,0.0,0.0,88.21,69.62,1571.0,1232.0,101.0,84.0,216.0,249.0,214.0,58732.0,3.0,6.0,9.0,2.93,47.1,41.51,1128.0,900.0,8507.0,0.0,6.0,4.0,1.85,25.68,1.68,290.0,34.0,7513.0,0.0,0.0,2.0,0.33,1.94,15.1,38.0,216.0,,,,,,,,,,,,,,
Josh Doan,RW,BUF                  BUF,23.0,2026,2032,7,"$48,650,000","$6,950,000",6950000.0,2024,8482659,exact,False,8482659,2024,Josh Doan,UTA,R,51.0,41367.0,29.9,0.64,0.51,0.6,0.51,7.0,8.0,4.0,14.28,6.0,22.0,88.0,13.0,45.0,10.0,25.0,6.0,5.0,4.0,14.0,35.0,50.0,42.89,24.04,774.0,519.0,54.0,31.0,142.0,84.0,170.0,36335.0,4.0,7.0,4.0,8.67,31.01,20.16,663.0,481.0,4134.0,2.0,1.0,0.0,2.8,8.31,0.73,92.0,15.0,145.0,0.0,0.0,0.0,0.0,0.0,0.1,0.0,2.0,,,,,,,,,,,,,,
Pavel Buchnevich,LW,STL                  STL,29.0,2025,2030,6,"$48,000,000","$8,000,000",8000000.0,2024,8477402,exact,False,8477402,2024,Pavel Buchnevich,STL,L,76.0,86761.0,49.7,0.53,0.47,0.52,0.47,20.0,21.0,16.0,21.31,6.0,25.0,145.0,20.0,44.0,15.0,70.0,19.0,8.0,10.0,32.0,85.0,143.0,84.91,74.78,1480.0,1364.0,101.0,86.0,356.0,260.0,237.0,66833.0,16.0,12.0,10.0,13.4,49.83,49.92,1040.0,1090.0,9713.0,2.0,5.0,5.0,1.94,17.2,1.38,266.0,31.0,4777.0,0.0,1.0,1.0,0.35,0.97,11.47,15.0,145.0,,,,,,,,,,,,,,
Philip Broberg,D,STL                  STL,24.0,2026,2031,6,"$48,000,000","$8,000,000",8000000.0,2024,8481598,exact,False,8481598,2024,Philip Broberg,STL,D,68.0,83639.0,30.37,0.48,0.51,0.46,0.51,8.0,10.0,11.0,4.87,0.0,1.0,97.0,10.0,43.0,22.0,103.0,72.0,9.0,7.0,103.0,0.0,0.0,62.57,68.17,1214.0,1429.0,79.0,73.0,176.0,249.0,262.0,73361.0,7.0,8.0,8.0,4.19,51.67,46.99,1100.0,1188.0,1909.0,0.0,0.0,2.0,0.05,1.69,0.37,36.0,10.0,5479.0,0.0,0.0,0.0,0.14,1.09,13.08,21.0,140.0,,,,,,,,,,,,,,
Logan Stankoven,C,CAR                  CAR,22.0,2026,2033,8,"$48,000,000","$6,000,000",6000000.0,2024,8482702,exact,False,8482702,2024,Logan Stankoven,CAR,C,78.0,70627.0,52.56,0.59,0.52,0.59,0.52,14.0,11.0,13.0,22.47,5.0,23.0,194.0,26.0,48.0,20.0,51.0,14.0,23.0,4.0,33.0,87.0,106.0,75.73,51.55,1406.0,989.0,78.0,54.0,233.0,159.0,238.0,60079.0,10.0,7.0,9.0,16.86,48.89,43.08,1086.0,919.0,8167.0,2.0,3.0,2.0,3.16,17.25,1.99,259.0,33.0,30.0,0.0,0.0,0.0,0.0,0.0,0.0,0.0,0.0,,,,,,,,,,,,,,
Alex Ovechkin,LW,WAS                  WAS,35.0,2021,2025,5,"$47,500,000","$9,500,000",9500000.0,2020,8471214,exact,False,8471214,2020,Alex Ovechkin,WSH,L,45.0,52655.0,44.28,0.53,0.48,0.56,0.47,24.0,11.0,7.0,17.8,5.0,19.0,182.0,12.0,98.0,11.0,20.0,4.0,13.0,6.0,23.0,0.0,2.0,45.61,41.05,940.0,727.0,47.0,47.0,231.0,30.0,179.0,39324.0,14.0,7.0,3.0,10.6,25.01,27.92,585.0,631.0,10907.0,8.0,4.0,3.0,4.7,16.45,2.12,303.0,32.0,52.0,0.0,0.0,0.0,0.0,0.0,0.08,0.0,1.0,,,,,,,,,,,,,,
Ryan McDonagh,D,TBL                  TBL,29.0,2019,2025,7,"$47,250,000","$6,750,000",6750000.0,2019,8474151,exact,False,8474151,2019,Ryan McDonagh,T.B,D,50.0,61916.0,17.82,0.44,0.56,0.43,0.56,1.0,7.0,4.0,2.13,0.0,0.0,49.0,6.0,36.0,25.0,32.0,23.0,10.0,9.0,100.0,0.0,0.0,43.73,55.84,810.0,1091.0,39.0,50.0,92.0,228.0,206.0,49504.0,0.0,7.0,2.0,1.66,33.57,30.13,723.0,715.0,298.0,0.0,0.0,0.0,0.0,0.05,0.01,2.0,1.0,9383.0,0.0,0.0,1.0,0.12,1.99,19.98,35.0,285.0,,,,,,,,,,,,,,
William Karlsson,C,VGK                  VGK,25.0,2019,2026,8,"$47,200,000","$5,900,000",5900000.0,2019,8476448,exact,False,8476448,2019,William Karlsson,VGK,C,63.0,71299.0,54.19,0.53,0.53,0.55,0.53,15.0,19.0,12.0,18.01,3.0,23.0,138.0,11.0,40.0,54.0,36.0,7.0,6.0,3.0,38.0,492.0,453.0,66.61,58.51,1305.0,1066.0,68.0,62.0,228.0,186.0,253.0,53439.0,11.0,13.0,7.0,13.0,45.08,33.14,948.0,770.0,7114.0,2.0,2.0,3.0,1.4,11.7,1.18,227.0,21.0,6559.0,1.0,3.0,0.0,1.06,2.46,9.98,36.0,174.0,,,,,,,,,,,,,,
Quinn Hughes,D,MIN                  MIN,21.0,2021,2026,6,"$47,100,000","$7,850,000",7850000.0,2020,8480800,exact,False,8480800,2020,Quinn Hughes,VAN,D,56.0,76650.0,31.0,0.5,0.41,0.57,0.41,3.0,20.0,18.0,4.89,2.0,5.0,98.0,5.0,18.0,34.0,60.0,43.0,7.0,11.0,43.0,0.0,0.0,63.06,62.11,1347.0,1006.0,58.0,64.0,274.0,95.0,183.0,60160.0,3.0,6.0,9.0,2.66,36.05,45.66,880.0,916.0,11503.0,0.0,10.0,7.0,1.94,20.49,3.73,352.0,38.0,230.0,0.0,0.0,0.0,0.0,0.01,0.08,1.0,2.0,,,,,,,,,,,,,,
Matthew Knies,LW,TOR                  TOR,22.0,2025,2030,6,"$46,500,000","$7,750,000",7750000.0,2024,8482720,exact,False,8482720,2024,Matthew Knies,TOR,L,78.0,86650.0,55.69,0.55,0.46,0.52,0.45,29.0,17.0,12.0,27.2,7.0,40.0,152.0,19.0,182.0,14.0,51.0,15.0,23.0,20.0,41.0,0.0,1.0,97.73,81.44,1529.0,1416.0,127.0,93.0,302.0,185.0,280.0,65854.0,22.0,6.0,7.0,18.1,52.83,43.13,1059.0,1064.0,10789.0,5.0,7.0,2.0,5.98,27.88,4.7,341.0,56.0,6178.0,0.0,0.0,0.0,0.37,0.91,13.77,19.0,202.0,,,,,,,,,,,,,,
Frank Nazar,C,CHI                  CHI,21.0,2026,2032,7,"$46,199,937","$6,599,991",6599991.0,2024,8483493,exact,False,8483493,2024,Frank Nazar,CHI,C,53.0,50471.0,18.32,0.46,0.41,0.45,0.43,12.0,8.0,6.0,13.26,3.0,15.0,91.0,6.0,30.0,8.0,57.0,19.0,18.0,7.0,35.0,170.0,211.0,41.61,49.49,700.0,864.0,51.0,64.0,127.0,108.0,135.0,41739.0,7.0,6.0,4.0,9.73,25.43,33.44,542.0,709.0,4124.0,1.0,1.0,2.0,1.85,9.67,0.45,88.0,11.0,2934.0,1.0,1.0,0.0,0.91,1.88,6.15,20.0,94.0,,,,,,,,,,,,,,
Gustav Forsling,D,FLA                  FLA,27.0,2024,2031,8,"$46,000,000","$5,750,000",5750000.0,2023,8478055,exact,False,8478055,2023,Gustav Forsling,FLA,D,79.0,104953.0,71.2,0.52,0.6,0.53,0.59,10.0,17.0,12.0,7.45,2.0,7.0,160.0,19.0,111.0,41.0,48.0,33.0,12.0,15.0,102.0,0.0,0.0,96.5,90.5,1898.0,1687.0,111.0,106.0,198.0,357.0,335.0,81770.0,7.0,15.0,8.0,5.21,68.17,51.7,1637.0,1171.0,2572.0,1.0,1.0,0.0,1.02,7.87,0.71,90.0,11.0,15270.0,0.0,0.0,0.0,0.19,3.47,28.08,72.0,376.0,,,,,,,,,,,,,,
Adam Pelech,D,NYI                  NYI,26.0,2021,2028,8,"$46,000,000","$5,750,000",5750000.0,2020,8476917,exact,False,8476917,2020,Adam Pelech,NYI,D,56.0,70705.0,23.95,0.51,0.55,0.47,0.5,4.0,5.0,5.0,4.12,1.0,5.0,82.0,2.0,66.0,25.0,46.0,36.0,6.0,9.0,73.0,0.0,0.0,50.07,47.96,966.0,1098.0,52.0,40.0,86.0,247.0,236.0,60454.0,3.0,4.0,5.0,3.46,42.82,27.82,891.0,823.0,406.0,0.0,0.0,0.0,0.1,0.73,0.03,12.0,2.0,6989.0,1.0,1.0,0.0,0.07,1.52,11.96,19.0,201.0,,,,,,,,,,,,,,
Nicklas Backstrom,C,WAS                  WAS,32.0,2020,2024,5,"$46,000,000","$9,200,000",9200000.0,2019,8473563,exact,False,8473563,2019,Nicklas Backstrom,WSH,C,61.0,69434.0,51.37,0.63,0.47,0.6,0.48,12.0,17.0,26.0,13.89,6.0,16.0,132.0,9.0,29.0,34.0,42.0,15.0,10.0,7.0,45.0,515.0,533.0,86.73,52.0,1395.0,943.0,98.0,52.0,262.0,137.0,243.0,51072.0,5.0,12.0,6.0,6.75,38.27,35.24,867.0,789.0,12594.0,2.0,2.0,8.0,3.66,21.94,2.7,329.0,51.0,568.0,0.0,0.0,0.0,0.0,0.1,1.05,4.0,16.0,,,,,,,,,,,,,,
Matthew Coronato,RW,CGY                  CGY,22.0,2025,2031,7,"$45,500,000","$6,500,000",6500000.0,2024,8482679,last+initial,False,8482679,2024,Matt Coronato,CGY,R,77.0,81218.0,56.32,0.57,0.46,0.58,0.49,24.0,14.0,9.0,19.65,7.0,21.0,180.0,21.0,36.0,23.0,48.0,16.0,15.0,11.0,37.0,68.0,91.0,84.1,64.63,1624.0,1195.0,104.0,69.0,287.0,251.0,245.0,66762.0,15.0,7.0,1.0,11.28,46.95,44.42,1190.0,1048.0,10724.0,4.0,4.0,6.0,3.54,20.01,2.36,321.0,33.0,27.0,0.0,0.0,0.0,0.0,0.0,0.0,0.0,0.0,,,,,,,,,,,,,,
Thomas Wilson,RW,WAS                  WAS,29.0,2024,2030,7,"$45,500,000","$6,500,000",6500000.0,2023,8476880,last+initial,False,8476880,2023,Tom Wilson,WSH,R,74.0,80373.0,36.22,0.51,0.46,0.51,0.45,18.0,5.0,12.0,23.96,8.0,24.0,169.0,22.0,228.0,46.0,50.0,24.0,36.0,43.0,74.0,22.0,38.0,79.39,75.55,1386.0,1334.0,88.0,91.0,290.0,222.0,281.0,59836.0,6.0,4.0,5.0,11.58,42.54,43.28,963.0,951.0,9333.0,5.0,0.0,5.0,6.7,18.2,2.22,275.0,38.0,7603.0,2.0,0.0,0.0,0.56,1.44,16.88,27.0,248.0,,,,,,,,,,,,,,
Torey Krug,D,STL                  STL,28.0,2020,2026,7,"$45,500,000","$6,500,000",6500000.0,2019,8476792,exact,False,8476792,2019,Torey Krug,BOS,D,61.0,75053.0,54.98,0.6,0.47,0.62,0.46,10.0,21.0,16.0,7.75,2.0,5.0,145.0,6.0,36.0,22.0,48.0,22.0,15.0,15.0,48.0,0.0,0.0,76.79,50.14,1497.0,924.0,64.0,42.0,308.0,75.0,192.0,58142.0,4.0,6.0,5.0,3.6,37.23,34.59,971.0,784.0,13234.0,2.0,14.0,9.0,2.94,31.37,4.14,415.0,69.0,410.0,0.0,0.0,0.0,0.0,0.01,0.27,3.0,10.0,,,,,,,,,,,,,,
Chris Kreider,LW,ANA                  ANA,28.0,2020,2026,7,"$45,500,000","$6,500,000",6500000.0,2019,8475184,exact,False,8475184,2019,Chris Kreider,NYR,L,63.0,64964.0,45.74,0.54,0.43,0.57,0.41,24.0,12.0,8.0,19.16,9.0,18.0,156.0,13.0,116.0,22.0,61.0,27.0,18.0,16.0,43.0,51.0,67.0,64.19,54.53,1245.0,935.0,57.0,68.0,259.0,172.0,246.0,49885.0,12.0,9.0,8.0,9.43,31.55,40.17,793.0,828.0,11852.0,8.0,3.0,0.0,7.81,24.48,2.65,373.0,45.0,160.0,0.0,0.0,0.0,0.0,0.0,0.09,0.0,4.0,,,,,,,,,,,,,,
Justin Faulk,D,DET                  DET,27.0,2020,2026,7,"$45,500,000","$6,500,000",6500000.0,2019,8475753,exact,False,8475753,2019,Justin Faulk,STL,D,69.0,83997.0,20.88,0.51,0.49,0.5,0.5,5.0,5.0,5.0,6.72,0.0,5.0,143.0,9.0,81.0,24.0,37.0,29.0,3.0,16.0,72.0,0.0,0.0,60.45,57.25,1225.0,1214.0,62.0,54.0,215.0,213.0,274.0,72150.0,4.0,2.0,3.0,4.72,46.85,45.06,1051.0,1051.0,4323.0,1.0,1.0,1.0,1.31,6.96,1.15,107.0,19.0,4298.0,0.0,0.0,0.0,0.0,0.96,6.35,23.0,94.0,,,,,,,,,,,,,,
Gabe Vilardi,C,WPG                  WPG,25.0,2025,2030,6,"$45,000,000","$7,500,000",7500000.0,2024,8480014,last+initial,False,8480014,2024,Gabriel Vilardi,WPG,C,71.0,77260.0,53.98,0.58,0.5,0.55,0.47,27.0,18.0,16.0,21.67,10.0,30.0,130.0,14.0,21.0,22.0,41.0,12.0,17.0,6.0,50.0,75.0,77.0,81.46,59.64,1440.0,1201.0,83.0,58.0,341.0,94.0,218.0,63283.0,13.0,12.0,8.0,12.96,46.65,43.06,1019.0,1101.0,11237.0,11.0,5.0,6.0,7.79,27.72,3.13,317.0,59.0,40.0,0.0,0.0,0.0,0.0,0.0,0.0,0.0,0.0,,,,,,,,,,,,,,
Kirill Kaprizov,LW,MIN                  MIN,23.0,2021,2025,5,"$45,000,000","$9,000,000",9000000.0,2020,8478864,exact,False,8478864,2020,Kirill Kaprizov,MIN,L,55.0,60390.0,51.6,0.6,0.48,0.58,0.42,27.0,17.0,7.0,20.46,9.0,22.0,157.0,11.0,29.0,27.0,35.0,7.0,24.0,8.0,18.0,3.0,21.0,57.41,38.15,1084.0,776.0,56.0,37.0,249.0,65.0,182.0,47249.0,16.0,13.0,5.0,10.63,30.1,28.28,667.0,689.0,10231.0,8.0,3.0,0.0,6.21,13.87,2.3,292.0,42.0,84.0,0.0,0.0,0.0,0.09,0.09,0.0,1.0,2.0,,,,,,,,,,,,,,
Chandler Stephenson,C,SEA                  SEA,30.0,2024,2030,7,"$43,750,000","$6,250,000",6250000.0,2023,8476905,exact,False,8476905,2023,Chandler Stephenson,VGK,C,75.0,83176.0,37.71,0.48,0.51,0.49,0.48,16.0,18.0,17.0,10.9,5.0,14.0,97.0,5.0,43.0,41.0,18.0,4.0,19.0,6.0,40.0,552.0,498.0,74.07,81.34,1413.0,1464.0,88.0,105.0,333.0,216.0,221.0,59847.0,8.0,10.0,9.0,6.76,41.43,50.34,956.0,1110.0,12441.0,3.0,3.0,6.0,1.84,19.2,2.77,326.0,52.0,7034.0,2.0,0.0,1.0,0.94,1.54,14.71,26.0,214.0,,,,,,,,,,,,,,
Mason Mctavish,C,ANA                  ANA,22.0,2025,2030,6,"$42,000,000","$7,000,000",7000000.0,2024,8482745,exact,False,8482745,2024,Mason McTavish,ANA,C,76.0,76953.0,41.38,0.53,0.41,0.51,0.44,22.0,12.0,18.0,25.42,8.0,33.0,180.0,17.0,70.0,18.0,51.0,10.0,23.0,19.0,31.0,487.0,474.0,76.79,68.26,1412.0,1347.0,88.0,73.0,292.0,179.0,210.0,62736.0,14.0,10.0,13.0,15.44,46.04,53.09,1004.0,1215.0,10798.0,4.0,1.0,5.0,4.95,17.5,3.03,288.0,47.0,74.0,0.0,0.0,0.0,0.0,0.0,0.0,0.0,0.0,,,,,,,,,,,,,,
Martin Fehervary,D,WAS                  WAS,25.0,2026,2032,7,"$42,000,000","$6,000,000",6000000.0,2024,8480796,exact,False,8480796,2024,Martin Fehrvry,WSH,D,81.0,92363.0,31.25,0.42,0.57,0.42,0.54,5.0,10.0,10.0,3.95,1.0,2.0,76.0,11.0,139.0,11.0,61.0,43.0,8.0,11.0,150.0,0.0,0.0,70.11,95.02,1298.0,1758.0,75.0,119.0,90.0,334.0,288.0,75186.0,5.0,8.0,6.0,3.83,57.59,53.74,1227.0,1185.0,195.0,0.0,0.0,0.0,0.0,0.0,0.0,1.0,0.0,13842.0,0.0,1.0,1.0,0.0,3.34,30.42,39.0,440.0,,,,,,,,,,,,,,
Evan Bouchard,D,EDM                  EDM,25.0,2025,2028,4,"$42,000,000","$10,500,000",10500000.0,2024,8480803,exact,False,8480803,2024,Evan Bouchard,EDM,D,82.0,115415.0,94.83,0.64,0.47,0.64,0.47,14.0,14.0,39.0,13.04,2.0,9.0,235.0,14.0,31.0,55.0,128.0,72.0,21.0,16.0,108.0,0.0,0.0,144.55,80.19,2478.0,1412.0,166.0,85.0,308.0,175.0,317.0,92915.0,10.0,6.0,17.0,7.75,80.93,58.89,1814.0,1246.0,15613.0,2.0,5.0,14.0,3.12,37.27,4.2,446.0,56.0,1133.0,0.0,0.0,0.0,0.0,0.2,1.86,5.0,22.0,,,,,,,,,,,,,,
Neal Pionk,D,WPG                  WPG,29.0,2025,2030,6,"$42,000,000","$7,000,000",7000000.0,2024,8480145,exact,False,8480145,2024,Neal Pionk,WPG,D,69.0,91329.0,43.13,0.49,0.54,0.49,0.49,10.0,17.0,12.0,5.26,2.0,2.0,123.0,14.0,114.0,30.0,72.0,47.0,5.0,17.0,101.0,0.0,0.0,78.51,80.49,1488.0,1520.0,86.0,90.0,164.0,258.0,273.0,75190.0,5.0,12.0,5.0,3.78,50.45,47.64,1225.0,1180.0,5509.0,4.0,4.0,4.0,1.27,12.55,0.77,142.0,14.0,6920.0,0.0,0.0,1.0,0.0,1.85,12.84,28.0,211.0,,,,,,,,,,,,,,
Wyatt Johnston,C,DAL                  DAL,21.0,2025,2029,5,"$42,000,000","$8,400,000",8400000.0,2024,8482740,exact,False,8482740,2024,Wyatt Johnston,DAL,C,82.0,93115.0,62.76,0.55,0.5,0.52,0.49,33.0,25.0,13.0,29.88,9.0,30.0,202.0,26.0,45.0,29.0,57.0,19.0,12.0,7.0,47.0,465.0,444.0,102.26,83.21,1647.0,1502.0,121.0,89.0,379.0,294.0,247.0,66951.0,18.0,13.0,8.0,16.06,50.44,50.04,1050.0,1164.0,14705.0,11.0,9.0,4.0,9.78,34.79,2.52,453.0,49.0,6995.0,2.0,0.0,0.0,1.3,2.62,12.83,36.0,181.0,,,,,,,,,,,,,,
Joel Eriksson Ek,C,MIN                  MIN,23.0,2021,2028,8,"$42,000,000","$5,250,000",5250000.0,2020,8478493,exact,False,8478493,2020,Joel Eriksson Ek,MIN,C,56.0,57371.0,33.55,0.53,0.51,0.47,0.47,19.0,9.0,2.0,16.62,9.0,26.0,120.0,14.0,105.0,21.0,10.0,6.0,16.0,10.0,37.0,394.0,444.0,46.38,41.04,788.0,878.0,55.0,42.0,123.0,188.0,259.0,45974.0,17.0,4.0,1.0,13.73,33.89,24.85,641.0,667.0,4012.0,0.0,2.0,0.0,0.57,4.89,0.61,86.0,10.0,5256.0,0.0,0.0,0.0,0.11,0.74,10.05,16.0,131.0,,,,,,,,,,,,,,
Jonas Brodin,D,MIN                  MIN,27.0,2021,2027,7,"$42,000,000","$6,000,000",6000000.0,2020,8476463,exact,False,8476463,2020,Jonas Brodin,MIN,D,53.0,71367.0,20.05,0.5,0.53,0.45,0.48,9.0,7.0,7.0,4.82,4.0,5.0,80.0,4.0,35.0,14.0,19.0,15.0,7.0,9.0,99.0,0.0,0.0,52.22,52.08,915.0,1124.0,57.0,49.0,125.0,205.0,233.0,58990.0,3.0,7.0,5.0,1.98,35.68,34.7,765.0,875.0,2747.0,1.0,0.0,1.0,0.82,5.24,0.15,70.0,6.0,6499.0,0.0,0.0,0.0,0.01,1.56,10.46,17.0,159.0,,,,,,,,,,,,,,
Erik Cernak,D,TBL                  TBL,25.0,2023,2030,8,"$41,600,000","$5,200,000",5200000.0,2022,8478416,exact,False,8478416,2022,Erik Cernak,TBL,D,70.0,80809.0,24.07,0.43,0.56,0.43,0.56,2.0,5.0,9.0,3.98,1.0,1.0,87.0,5.0,209.0,21.0,31.0,23.0,15.0,20.0,100.0,0.0,0.0,64.48,85.53,1074.0,1410.0,59.0,98.0,137.0,321.0,322.0,65695.0,1.0,5.0,6.0,3.14,52.68,49.33,993.0,929.0,363.0,0.0,0.0,0.0,0.07,0.63,0.02,7.0,1.0,11868.0,0.0,0.0,1.0,0.16,2.54,26.88,43.0,380.0,,,,,,,,,,,,,,
Ryan Nugent-Hopkins,C,EDM                  EDM,27.0,2021,2028,8,"$41,000,000","$5,125,000",5125000.0,2020,8476454,exact,False,8476454,2020,Ryan Nugent-Hopkins,EDM,C,52.0,64792.0,37.44,0.62,0.46,0.57,0.45,16.0,10.0,9.0,17.16,6.0,14.0,135.0,12.0,26.0,22.0,33.0,17.0,11.0,11.0,29.0,73.0,87.0,77.29,46.9,1172.0,893.0,73.0,43.0,199.0,111.0,144.0,44592.0,7.0,2.0,5.0,10.39,37.67,30.27,695.0,645.0,12320.0,8.0,7.0,4.0,5.49,32.63,3.06,390.0,46.0,5826.0,0.0,0.0,0.0,0.27,1.49,12.01,21.0,178.0,,,,,,,,,,,,,,
Nick Schmaltz,C,UTA                  UTA,22.0,2019,2025,7,"$40,950,000","$5,850,000",5850000.0,2019,8477951,exact,False,8477951,2019,Nick Schmaltz,ARI,C,70.0,65110.0,40.61,0.53,0.49,0.55,0.47,11.0,20.0,14.0,10.51,4.0,12.0,95.0,8.0,12.0,52.0,27.0,11.0,12.0,10.0,36.0,159.0,215.0,52.95,47.06,1108.0,921.0,48.0,44.0,272.0,94.0,204.0,53268.0,9.0,14.0,8.0,7.63,35.86,35.28,836.0,820.0,8986.0,1.0,5.0,6.0,1.64,12.9,2.76,204.0,33.0,54.0,0.0,0.0,0.0,0.0,0.0,0.07,0.0,1.0,,,,,,,,,,,,,,
Jackson Blake,RW,CAR                  CAR,21.0,2026,2033,8,"$40,936,016","$5,117,002",5117002.0,2024,8482809,exact,False,8482809,2024,Jackson Blake,CAR,R,80.0,66460.0,58.58,0.66,0.53,0.66,0.57,17.0,12.0,5.0,23.35,1.0,33.0,143.0,26.0,19.0,20.0,54.0,18.0,22.0,15.0,30.0,15.0,15.0,74.37,37.94,1418.0,737.0,83.0,45.0,284.0,101.0,202.0,55194.0,12.0,10.0,4.0,15.39,47.05,31.03,1075.0,680.0,9477.0,5.0,2.0,0.0,5.49,20.53,2.34,282.0,36.0,30.0,0.0,0.0,0.0,0.13,0.13,0.0,1.0,1.0,,,,,,,,,,,,,,
Niko Mikkola,D,FLA                  FLA,29.0,2026,2033,8,"$40,000,000","$5,000,000",5000000.0,2024,8478859,exact,False,8478859,2024,Niko Mikkola,FLA,D,76.0,92086.0,37.5,0.51,0.57,0.52,0.58,6.0,3.0,13.0,5.74,0.0,4.0,116.0,15.0,137.0,15.0,99.0,57.0,17.0,30.0,88.0,0.0,0.0,71.04,68.41,1502.0,1403.0,78.0,70.0,241.0,268.0,328.0,80151.0,6.0,3.0,12.0,4.68,58.8,47.31,1395.0,1146.0,518.0,0.0,0.0,0.0,0.0,0.79,0.01,9.0,1.0,7989.0,0.0,0.0,0.0,0.16,2.5,15.39,41.0,176.0,,,,,,,,,,,,,,
Vincent Trocheck,C,NYR                  NYR,28.0,2022,2028,7,"$39,375,000","$5,625,000",5625000.0,2021,8476389,exact,False,8476389,2021,Vincent Trocheck,CAR,C,81.0,86867.0,62.95,0.58,0.55,0.59,0.54,21.0,16.0,14.0,25.09,9.0,25.0,168.0,14.0,185.0,50.0,42.0,13.0,27.0,31.0,46.0,680.0,565.0,98.68,70.54,1662.0,1161.0,106.0,78.0,348.0,312.0,225.0,60404.0,11.0,9.0,11.0,13.49,48.74,42.32,1054.0,857.0,13514.0,6.0,4.0,2.0,7.57,31.19,4.86,440.0,52.0,8365.0,0.0,0.0,0.0,1.35,2.76,11.17,46.0,169.0,,,,,,,,,,,,,,
Michael Matheson,D,MTL                  MTL,23.0,2018,2025,8,"$39,000,000","$4,875,000",4875000.0,2019,8476875,last+initial,False,8476875,2019,Mike Matheson,FLA,D,58.0,62388.0,22.7,0.45,0.52,0.48,0.52,8.0,4.0,8.0,5.17,1.0,5.0,102.0,12.0,43.0,41.0,53.0,40.0,7.0,7.0,51.0,0.0,0.0,42.52,52.16,944.0,1038.0,38.0,52.0,117.0,159.0,187.0,55943.0,7.0,4.0,7.0,3.61,34.63,39.8,866.0,868.0,726.0,1.0,0.0,1.0,0.14,1.31,0.24,19.0,3.0,4137.0,0.0,0.0,0.0,0.34,1.79,9.21,22.0,127.0,,,,,,,,,,,,,,
Dylan Holloway,C,STL                  STL,24.0,2026,2030,5,"$38,750,000","$7,750,000",7750000.0,2024,8482077,exact,False,8482077,2024,Dylan Holloway,STL,L,77.0,77729.0,66.64,0.58,0.46,0.55,0.47,26.0,21.0,16.0,20.34,9.0,28.0,178.0,15.0,165.0,34.0,69.0,12.0,13.0,5.0,50.0,61.0,82.0,68.64,48.75,1343.0,1101.0,84.0,53.0,236.0,150.0,225.0,66312.0,16.0,17.0,9.0,12.51,45.67,38.53,1049.0,985.0,7409.0,6.0,3.0,4.0,4.55,13.96,1.54,198.0,39.0,1025.0,0.0,0.0,0.0,0.03,0.07,1.65,3.0,26.0,,,,,,,,,,,,,,
Jesperi Kotkaniemi,C,CAR                  CAR,21.0,2022,2029,8,"$38,560,000","$4,820,000",4820000.0,2021,8480829,exact,False,8480829,2021,Jesperi Kotkaniemi,CAR,C,66.0,47612.0,38.8,0.56,0.56,0.6,0.54,12.0,7.0,10.0,9.22,3.0,8.0,81.0,7.0,74.0,25.0,21.0,7.0,14.0,12.0,15.0,176.0,168.0,41.63,33.06,884.0,581.0,44.0,32.0,161.0,75.0,167.0,42580.0,12.0,5.0,8.0,8.38,34.82,28.11,775.0,546.0,4602.0,0.0,2.0,2.0,0.79,6.57,2.77,100.0,27.0,54.0,0.0,0.0,0.0,0.0,0.01,0.0,1.0,0.0,,,,,,,,,,,,,,
John-Jason Peterka,C,UTA                  UTA,23.0,2025,2029,5,"$38,500,000","$7,700,000",7700000.0,2024,8482175,last+initial,False,8482175,2024,JJ Peterka,BUF,R,77.0,84010.0,58.79,0.56,0.43,0.56,0.46,27.0,18.0,23.0,21.93,4.0,24.0,173.0,15.0,30.0,22.0,87.0,26.0,14.0,12.0,16.0,2.0,10.0,96.69,77.48,1622.0,1278.0,110.0,100.0,380.0,160.0,284.0,65291.0,18.0,13.0,11.0,11.2,45.11,54.38,1069.0,1116.0,12767.0,5.0,1.0,8.0,4.28,29.46,4.36,346.0,67.0,57.0,0.0,0.0,0.0,0.0,0.0,0.02,0.0,1.0,,,,,,,,,,,,,,
Jake DeBrusk,LW,VAN                  VAN,27.0,2024,2030,7,"$38,500,000","$5,500,000",5500000.0,2023,8478498,exact,False,8478498,2023,Jake DeBrusk,BOS,L,80.0,80795.0,43.54,0.52,0.5,0.49,0.47,19.0,14.0,7.0,25.14,9.0,36.0,183.0,22.0,107.0,36.0,26.0,4.0,11.0,9.0,48.0,7.0,16.0,76.09,71.67,1305.0,1377.0,102.0,79.0,248.0,230.0,283.0,62274.0,13.0,6.0,6.0,16.48,48.04,43.57,995.0,1036.0,7840.0,2.0,6.0,1.0,4.19,16.75,2.14,209.0,39.0,7239.0,1.0,0.0,0.0,0.97,2.41,12.48,31.0,184.0,,,,,,,,,,,,,,
Zach Hyman,C,EDM                  EDM,28.0,2021,2027,7,"$38,500,000","$5,500,000",5500000.0,2020,8475786,exact,False,8475786,2020,Zach Hyman,TOR,L,43.0,49945.0,36.39,0.58,0.56,0.52,0.52,15.0,6.0,11.0,18.58,9.0,23.0,115.0,15.0,69.0,17.0,17.0,8.0,11.0,13.0,21.0,18.0,37.0,56.39,41.13,798.0,739.0,59.0,42.0,132.0,175.0,151.0,38878.0,9.0,5.0,9.0,11.33,37.16,23.73,613.0,559.0,3738.0,3.0,0.0,2.0,4.18,7.79,1.01,102.0,11.0,4759.0,0.0,0.0,0.0,0.96,1.73,8.46,22.0,109.0,,,,,,,,,,,,,,
Jaccob Slavin,D,CAR                  CAR,23.0,2018,2024,7,"$37,100,000","$5,300,000",5300000.0,2019,8476958,exact,False,8476958,2019,Jaccob Slavin,CAR,D,68.0,95168.0,54.83,0.54,0.54,0.53,0.55,6.0,14.0,15.0,6.14,1.0,2.0,145.0,3.0,43.0,81.0,49.0,35.0,12.0,5.0,106.0,0.0,0.0,88.0,74.08,1530.0,1378.0,81.0,70.0,227.0,307.0,324.0,74710.0,5.0,10.0,13.0,4.08,54.77,46.03,1233.0,1009.0,3569.0,0.0,1.0,2.0,0.27,6.7,0.46,110.0,9.0,11713.0,0.0,0.0,0.0,0.52,4.05,16.89,60.0,253.0,,,,,,,,,,,,,,
Kris Letang,D,PIT                  PIT,34.0,2022,2027,6,"$36,600,000","$6,100,000",6100000.0,2021,8471724,exact,False,8471724,2021,Kris Letang,PIT,D,78.0,120638.0,70.85,0.56,0.5,0.54,0.5,10.0,34.0,24.0,9.69,3.0,5.0,214.0,15.0,171.0,59.0,79.0,45.0,12.0,23.0,122.0,0.0,0.0,136.41,107.29,2160.0,1805.0,140.0,115.0,359.0,210.0,414.0,92780.0,6.0,18.0,11.0,5.72,69.95,65.96,1488.0,1416.0,15204.0,2.0,11.0,6.0,2.56,36.97,5.95,472.0,78.0,6326.0,0.0,0.0,0.0,0.06,2.14,11.62,28.0,161.0,,,,,,,,,,,,,,
Shea Theodore,D,VGK                  VGK,22.0,2018,2024,7,"$36,400,000","$5,200,000",5200000.0,2019,8477447,exact,False,8477447,2019,Shea Theodore,VGK,D,71.0,94706.0,70.55,0.61,0.48,0.63,0.48,13.0,12.0,21.0,10.1,1.0,3.0,218.0,23.0,20.0,56.0,55.0,37.0,7.0,11.0,68.0,0.0,0.0,96.1,62.56,1957.0,1127.0,91.0,72.0,357.0,164.0,284.0,76722.0,10.0,2.0,10.0,7.3,66.17,47.96,1402.0,1001.0,12918.0,1.0,7.0,8.0,1.56,21.96,2.62,449.0,31.0,609.0,0.0,0.0,0.0,0.01,0.08,0.41,4.0,13.0,,,,,,,,,,,,,,
Conor Garland,RW,CBJ                  CBJ,29.0,2026,2031,6,"$36,000,000","$6,000,000",6000000.0,2024,8478856,exact,False,8478856,2024,Conor Garland,VAN,R,81.0,90661.0,50.87,0.57,0.45,0.55,0.47,19.0,20.0,11.0,22.51,11.0,29.0,172.0,17.0,49.0,20.0,63.0,14.0,30.0,18.0,58.0,5.0,13.0,90.52,66.95,1563.0,1258.0,109.0,70.0,294.0,190.0,272.0,68051.0,8.0,11.0,5.0,10.79,41.44,37.3,1004.0,1005.0,13323.0,7.0,3.0,6.0,6.58,29.02,2.42,382.0,48.0,3682.0,0.0,0.0,0.0,0.08,0.78,7.71,16.0,93.0,,,,,,,,,,,,,,
Samuel Girard,D,PIT                  PIT,21.0,2020,2026,7,"$35,000,000","$5,000,000",5000000.0,2019,8479398,exact,False,8479398,2019,Samuel Girard,COL,D,70.0,89446.0,41.05,0.55,0.48,0.55,0.49,4.0,14.0,16.0,4.27,0.0,2.0,96.0,10.0,46.0,38.0,39.0,24.0,18.0,7.0,90.0,0.0,0.0,70.68,57.74,1533.0,1237.0,61.0,60.0,298.0,177.0,326.0,75560.0,3.0,8.0,7.0,2.6,50.55,48.43,1226.0,1134.0,9562.0,1.0,5.0,7.0,0.59,13.07,2.17,230.0,41.0,414.0,0.0,0.0,0.0,0.0,0.07,0.12,2.0,4.0,,,,,,,,,,,,,,
Patrik Laine,RW,MTL                  MTL,23.0,2022,2025,4,"$34,800,000","$8,700,000",8700000.0,2021,8479339,exact,False,8479339,2021,Patrik Laine,CBJ,L,56.0,63267.0,44.13,0.49,0.41,0.53,0.44,26.0,15.0,15.0,17.56,7.0,14.0,167.0,17.0,34.0,27.0,52.0,18.0,7.0,12.0,13.0,14.0,24.0,63.2,64.94,1094.0,973.0,59.0,68.0,251.0,138.0,233.0,49374.0,14.0,10.0,10.0,7.67,31.56,46.72,722.0,851.0,10716.0,5.0,3.0,3.0,5.31,18.52,5.03,262.0,64.0,68.0,0.0,0.0,0.0,0.0,0.0,0.0,0.0,0.0,,,,,,,,,,,,,,
Esa Lindell,D,DAL                  DAL,24.0,2019,2024,6,"$34,800,000","$5,800,000",5800000.0,2019,8476902,exact,False,8476902,2019,Esa Lindell,DAL,D,69.0,96946.0,21.2,0.47,0.56,0.42,0.54,3.0,10.0,10.0,5.06,1.0,3.0,98.0,8.0,89.0,31.0,62.0,46.0,8.0,6.0,127.0,0.0,0.0,72.32,83.22,1284.0,1775.0,79.0,80.0,224.0,351.0,296.0,72649.0,1.0,5.0,4.0,2.26,47.91,46.8,1032.0,1165.0,4478.0,1.0,3.0,3.0,1.23,9.42,0.61,119.0,18.0,14838.0,0.0,1.0,1.0,0.26,2.76,24.05,58.0,438.0,,,,,,,,,,,,,,
Matt Roy,D,WAS                  WAS,29.0,2024,2029,6,"$34,500,000","$5,750,000",5750000.0,2023,8478911,exact,False,8478911,2023,Matt Roy,LAK,D,81.0,101549.0,47.32,0.48,0.56,0.47,0.55,5.0,12.0,8.0,7.41,1.0,8.0,135.0,14.0,152.0,12.0,55.0,54.0,5.0,16.0,197.0,0.0,0.0,80.88,86.69,1659.0,1852.0,100.0,93.0,158.0,335.0,287.0,84113.0,5.0,9.0,5.0,6.9,67.1,52.99,1531.0,1324.0,863.0,0.0,1.0,0.0,0.0,1.28,0.03,22.0,3.0,13244.0,0.0,0.0,1.0,0.23,4.41,22.17,53.0,416.0,,,,,,,,,,,,,,
Kaiden Guhle,D,MTL                  MTL,22.0,2025,2030,6,"$33,300,000","$5,550,000",5550000.0,2024,8482087,exact,False,8482087,2024,Kaiden Guhle,MTL,D,55.0,69880.0,15.22,0.45,0.45,0.43,0.49,6.0,9.0,3.0,3.45,0.0,1.0,71.0,6.0,104.0,14.0,47.0,30.0,11.0,19.0,124.0,0.0,0.0,52.13,63.53,966.0,1289.0,49.0,69.0,103.0,196.0,245.0,60755.0,6.0,6.0,3.0,2.98,41.56,48.32,898.0,1037.0,313.0,0.0,0.0,0.0,0.0,0.17,0.09,3.0,2.0,6602.0,0.0,1.0,0.0,0.07,1.83,8.22,30.0,179.0,,,,,,,,,,,,,,
Alex Tuch,RW,BUF                  BUF,22.0,2019,2025,7,"$33,250,000","$4,750,000",4750000.0,2019,8477949,exact,False,8477949,2019,Alex Tuch,VGK,R,42.0,36802.0,22.45,0.52,0.51,0.59,0.53,8.0,6.0,3.0,8.84,2.0,4.0,99.0,7.0,58.0,27.0,27.0,6.0,13.0,4.0,20.0,8.0,21.0,26.32,23.97,659.0,453.0,20.0,26.0,116.0,48.0,96.0,30748.0,5.0,4.0,1.0,6.62,18.86,19.03,468.0,422.0,4282.0,3.0,2.0,2.0,1.86,5.15,1.09,144.0,13.0,242.0,0.0,0.0,0.0,0.0,0.01,0.66,1.0,2.0,,,,,,,,,,,,,,
Morgan Geekie,C,BOS                  BOS,26.0,2025,2030,6,"$33,000,000","$5,500,000",5500000.0,2024,8479987,exact,False,8479987,2024,Morgan Geekie,BOS,C,77.0,78172.0,57.34,0.55,0.45,0.55,0.46,33.0,14.0,10.0,20.44,10.0,24.0,150.0,19.0,110.0,31.0,51.0,16.0,11.0,11.0,29.0,174.0,200.0,75.48,62.94,1428.0,1174.0,90.0,74.0,335.0,80.0,228.0,67513.0,26.0,10.0,8.0,16.23,50.24,45.18,1109.0,1066.0,8036.0,4.0,2.0,2.0,3.43,15.73,5.08,227.0,57.0,155.0,0.0,0.0,0.0,0.0,0.0,0.59,0.0,1.0,,,,,,,,,,,,,,
Marcus Pettersson,D,VAN                  VAN,28.0,2025,2030,6,"$33,000,000","$5,500,000",5500000.0,2024,8477969,exact,False,8477969,2024,Marcus Pettersson,VAN,D,78.0,101512.0,31.4,0.47,0.51,0.46,0.53,4.0,14.0,11.0,3.68,0.0,1.0,70.0,9.0,80.0,32.0,88.0,59.0,11.0,21.0,144.0,0.0,0.0,86.56,96.18,1585.0,1853.0,117.0,114.0,147.0,364.0,326.0,86065.0,4.0,12.0,11.0,2.48,74.37,64.4,1488.0,1462.0,588.0,0.0,0.0,0.0,0.0,0.33,0.08,12.0,4.0,11489.0,0.0,0.0,0.0,0.07,1.56,24.29,33.0,298.0,,,,,,,,,,,,,,
Brett Pesce,D,NJD                  NJD,29.0,2024,2029,6,"$33,000,000","$5,500,000",5500000.0,2023,8477488,exact,False,8477488,2023,Brett Pesce,CAR,D,70.0,85212.0,41.27,0.5,0.59,0.55,0.61,3.0,3.0,7.0,5.79,0.0,3.0,107.0,15.0,25.0,35.0,18.0,14.0,9.0,10.0,113.0,0.0,0.0,68.64,67.94,1521.0,1269.0,67.0,85.0,183.0,260.0,257.0,72590.0,2.0,1.0,6.0,4.44,54.95,46.57,1406.0,1003.0,542.0,0.0,0.0,0.0,0.09,0.66,0.01,11.0,2.0,9349.0,0.0,0.0,0.0,0.15,2.91,13.91,50.0,196.0,,,,,,,,,,,,,,
Michael Anderson,D,LAK                  LAK,23.0,2023,2030,8,"$33,000,000","$4,125,000",4125000.0,2022,8479998,last+initial,False,8479998,2022,Mikey Anderson,LAK,D,77.0,100069.0,31.5,0.47,0.56,0.47,0.54,5.0,4.0,11.0,4.64,0.0,1.0,90.0,5.0,162.0,18.0,31.0,25.0,13.0,15.0,129.0,0.0,0.0,75.53,83.48,1359.0,1553.0,81.0,84.0,161.0,318.0,358.0,86337.0,4.0,2.0,11.0,4.21,61.7,58.28,1264.0,1174.0,428.0,0.0,0.0,0.0,0.05,0.79,0.0,9.0,1.0,10259.0,0.0,1.0,0.0,0.1,2.49,19.84,36.0,287.0,,,,,,,,,,,,,,
Phillip Danault,C,MTL                  MTL,27.0,2021,2026,6,"$33,000,000","$5,500,000",5500000.0,2020,8476479,exact,False,8476479,2020,Phillip Danault,MTL,C,53.0,53682.0,36.26,0.48,0.5,0.52,0.54,5.0,15.0,4.0,7.97,2.0,12.0,73.0,5.0,76.0,14.0,31.0,23.0,8.0,12.0,28.0,475.0,431.0,42.81,46.9,876.0,823.0,45.0,49.0,134.0,285.0,220.0,43597.0,4.0,13.0,4.0,6.22,32.09,23.44,789.0,557.0,1062.0,0.0,0.0,0.0,0.46,1.94,0.16,21.0,4.0,6705.0,0.0,1.0,0.0,0.4,1.44,16.28,21.0,202.0,,,,,,,,,,,,,,
Travis Konecny,C,PHI                  PHI,21.0,2019,2024,6,"$33,000,000","$5,500,000",5500000.0,2019,8478439,exact,False,8478439,2019,Travis Konecny,PHI,R,66.0,66138.0,61.31,0.6,0.48,0.6,0.48,24.0,19.0,17.0,16.44,7.0,17.0,139.0,8.0,63.0,29.0,47.0,15.0,24.0,13.0,30.0,24.0,25.0,71.89,48.16,1268.0,837.0,71.0,56.0,284.0,167.0,207.0,52665.0,18.0,8.0,7.0,11.95,43.13,36.77,893.0,751.0,10700.0,5.0,7.0,10.0,3.64,20.78,4.57,280.0,44.0,37.0,0.0,0.0,0.0,0.0,0.0,0.0,0.0,0.0,,,,,,,,,,,,,,
Kevin Bahl,D,CGY                  CGY,25.0,2025,2030,6,"$32,100,000","$5,350,000",5350000.0,2024,8480860,exact,False,8480860,2024,Kevin Bahl,CGY,D,73.0,93676.0,20.7,0.43,0.52,0.44,0.56,3.0,9.0,8.0,3.39,0.0,0.0,82.0,9.0,109.0,24.0,85.0,56.0,6.0,11.0,116.0,0.0,0.0,67.66,89.99,1439.0,1820.0,77.0,90.0,162.0,374.0,328.0,79276.0,2.0,9.0,8.0,2.75,52.76,57.23,1337.0,1373.0,454.0,1.0,0.0,0.0,0.05,0.29,0.11,11.0,3.0,10349.0,0.0,0.0,0.0,0.21,2.01,23.71,35.0,344.0,,,,,,,,,,,,,,
Victor Hedman,D,TBL                  TBL,33.0,2025,2028,4,"$32,000,000","$8,000,000",8000000.0,2024,8475167,exact,False,8475167,2024,Victor Hedman,TBL,D,79.0,109398.0,71.78,0.56,0.5,0.56,0.48,15.0,26.0,25.0,12.17,0.0,6.0,181.0,17.0,39.0,25.0,119.0,66.0,7.0,16.0,133.0,0.0,0.0,118.69,94.75,2091.0,1662.0,126.0,113.0,353.0,206.0,275.0,83617.0,11.0,14.0,7.0,6.03,64.74,57.9,1449.0,1321.0,12917.0,3.0,6.0,12.0,2.54,26.94,2.46,399.0,50.0,7062.0,0.0,0.0,0.0,0.42,2.18,13.03,37.0,182.0,,,,,,,,,,,,,,
Steven Stamkos,C,NSH                  NSH,34.0,2024,2027,4,"$32,000,000","$8,000,000",8000000.0,2023,8474564,exact,False,8474564,2023,Steven Stamkos,TBL,C,79.0,86403.0,73.92,0.58,0.47,0.59,0.47,40.0,18.0,23.0,32.26,16.0,27.0,262.0,22.0,78.0,23.0,52.0,17.0,14.0,17.0,43.0,357.0,280.0,105.07,76.41,1778.0,1247.0,117.0,93.0,369.0,179.0,266.0,64528.0,14.0,10.0,8.0,12.4,45.11,48.27,1051.0,1081.0,16597.0,17.0,7.0,12.0,12.61,42.32,4.37,547.0,74.0,126.0,0.0,0.0,0.0,0.0,0.0,0.56,0.0,4.0,,,,,,,,,,,,,,
Brad Marchand,LW,FLA                  FLA,37.0,2025,2030,6,"$31,500,000","$5,250,000",5250000.0,2024,8473419,exact,False,8473419,2024,Brad Marchand,FLA,L,71.0,78061.0,51.72,0.56,0.47,0.56,0.48,23.0,18.0,10.0,29.24,8.0,44.0,194.0,31.0,81.0,21.0,86.0,23.0,29.0,27.0,34.0,5.0,8.0,88.96,68.7,1493.0,1183.0,112.0,78.0,298.0,190.0,244.0,55695.0,12.0,9.0,4.0,12.33,40.86,42.19,925.0,922.0,12817.0,4.0,4.0,4.0,7.05,28.21,4.23,378.0,66.0,5456.0,0.0,0.0,0.0,1.14,1.9,6.76,31.0,97.0,,,,,,,,,,,,,,
Alexander Debrincat,RW,DET                  DET,25.0,2023,2026,4,"$31,500,000","$7,875,000",7875000.0,2022,8479337,last+initial,False,8479337,2022,Alex DeBrincat,OTT,R,82.0,93511.0,68.13,0.6,0.47,0.59,0.48,27.0,29.0,10.0,28.32,9.0,25.0,263.0,30.0,109.0,44.0,39.0,19.0,25.0,12.0,38.0,10.0,9.0,117.81,77.59,1910.0,1329.0,130.0,86.0,422.0,146.0,247.0,69735.0,12.0,14.0,4.0,16.42,55.5,55.08,1139.0,1121.0,18257.0,11.0,11.0,6.0,8.94,46.26,7.4,596.0,101.0,152.0,0.0,0.0,0.0,0.0,0.03,0.02,1.0,3.0,,,,,,,,,,,,,,
Charlie Coyle,C,CBJ                  CBJ,27.0,2020,2025,6,"$31,500,000","$5,250,000",5250000.0,2019,8475745,exact,False,8475745,2019,Charlie Coyle,BOS,C,70.0,70439.0,44.45,0.57,0.5,0.54,0.5,16.0,17.0,4.0,17.21,5.0,14.0,145.0,10.0,82.0,48.0,33.0,16.0,19.0,9.0,34.0,326.0,373.0,60.93,46.86,1145.0,976.0,52.0,39.0,183.0,135.0,232.0,56816.0,12.0,13.0,2.0,10.54,37.58,30.45,849.0,781.0,7307.0,1.0,2.0,2.0,2.42,14.0,3.36,209.0,44.0,3725.0,2.0,0.0,0.0,1.18,1.5,5.68,27.0,81.0,,,,,,,,,,,,,,
Quinton Byfield,C,LAK                  LAK,21.0,2024,2028,5,"$31,250,000","$6,250,000",6250000.0,2023,8482124,exact,False,8482124,2023,Quinton Byfield,LAK,R,80.0,79122.0,62.75,0.64,0.49,0.6,0.5,20.0,21.0,14.0,26.93,10.0,37.0,161.0,21.0,66.0,46.0,15.0,5.0,16.0,16.0,19.0,41.0,49.0,87.29,49.64,1548.0,1042.0,103.0,56.0,303.0,172.0,251.0,65197.0,12.0,15.0,10.0,14.6,49.51,38.49,1133.0,942.0,10392.0,6.0,3.0,3.0,8.9,26.37,3.12,319.0,45.0,113.0,0.0,0.0,0.0,0.0,0.0,0.61,0.0,3.0,,,,,,,,,,,,,,
Jason Robertson,LW,DAL                  DAL,22.0,2022,2025,4,"$31,000,000","$7,750,000",7750000.0,2021,8480027,exact,False,8480027,2021,Jason Robertson,DAL,L,74.0,80414.0,87.45,0.63,0.48,0.6,0.45,41.0,19.0,19.0,30.15,19.0,36.0,220.0,25.0,50.0,48.0,50.0,21.0,7.0,11.0,24.0,0.0,0.0,102.14,58.95,1656.0,1091.0,104.0,62.0,364.0,97.0,233.0,65979.0,22.0,14.0,16.0,14.93,60.26,42.12,1200.0,955.0,11303.0,10.0,5.0,3.0,8.62,27.49,3.81,314.0,54.0,18.0,0.0,0.0,0.0,0.0,0.0,0.0,0.0,0.0,,,,,,,,,,,,,,
Trent Frederic,C,EDM                  EDM,27.0,2025,2032,8,"$30,800,000","$3,850,000",3850000.0,2024,8479365,exact,False,8479365,2024,Trent Frederic,EDM,C,58.0,47751.0,11.93,0.46,0.5,0.48,0.49,8.0,4.0,3.0,9.71,2.0,14.0,78.0,9.0,157.0,12.0,32.0,8.0,10.0,16.0,29.0,93.0,120.0,33.19,38.94,764.0,816.0,41.0,43.0,123.0,109.0,166.0,42436.0,7.0,3.0,2.0,8.3,28.71,30.0,668.0,728.0,2867.0,1.0,1.0,1.0,1.24,3.5,1.43,70.0,18.0,1498.0,0.0,0.0,0.0,0.06,0.23,3.69,5.0,42.0,,,,,,,,,,,,,,
Bryan Rust,RW,PIT                  PIT,29.0,2022,2027,6,"$30,750,000","$5,125,000",5125000.0,2021,8475810,exact,False,8475810,2021,Bryan Rust,PIT,R,60.0,67573.0,57.66,0.58,0.52,0.57,0.5,24.0,22.0,12.0,25.45,10.0,29.0,180.0,14.0,43.0,22.0,36.0,8.0,10.0,7.0,24.0,1.0,5.0,85.7,62.16,1332.0,1003.0,86.0,71.0,316.0,113.0,269.0,49985.0,10.0,11.0,7.0,11.74,41.37,41.12,854.0,821.0,11601.0,8.0,6.0,4.0,8.39,30.77,3.71,372.0,54.0,2583.0,0.0,0.0,0.0,0.52,0.59,5.14,10.0,64.0,,,,,,,,,,,,,,
Michael Matheson,D,MTL                  MTL,31.0,2026,2030,5,"$30,000,000","$6,000,000",6000000.0,2024,8476875,last+initial,False,8476875,2024,Mike Matheson,MTL,D,80.0,120387.0,28.37,0.42,0.49,0.43,0.49,6.0,16.0,9.0,9.14,1.0,7.0,149.0,10.0,60.0,43.0,107.0,73.0,14.0,19.0,168.0,0.0,0.0,99.07,138.47,1769.0,2300.0,115.0,161.0,250.0,407.0,312.0,88641.0,3.0,8.0,4.0,5.38,60.15,72.64,1368.0,1539.0,8993.0,1.0,4.0,5.0,0.69,13.33,3.05,184.0,49.0,15767.0,0.0,1.0,0.0,0.51,4.01,37.99,66.0,499.0,,,,,,,,,,,,,,
Shane Pinto,C,OTT                  OTT,25.0,2026,2029,4,"$30,000,000","$7,500,000",7500000.0,2024,8481596,exact,False,8481596,2024,Shane Pinto,OTT,C,70.0,73739.0,38.34,0.49,0.51,0.47,0.52,21.0,11.0,5.0,24.53,7.0,36.0,127.0,18.0,73.0,27.0,44.0,22.0,19.0,13.0,56.0,444.0,442.0,68.24,70.62,1147.0,1291.0,93.0,90.0,181.0,333.0,272.0,56898.0,13.0,6.0,4.0,12.34,42.3,37.19,897.0,919.0,4539.0,1.0,1.0,0.0,1.84,7.9,0.86,118.0,14.0,7978.0,3.0,2.0,0.0,1.75,2.84,18.92,31.0,223.0,,,,,,,,,,,,,,
Anton Lundell,C,FLA                  FLA,22.0,2024,2029,6,"$30,000,000","$5,000,000",5000000.0,2023,8482113,exact,False,8482113,2023,Anton Lundell,FLA,C,78.0,71961.0,52.71,0.58,0.57,0.57,0.56,13.0,11.0,11.0,17.16,5.0,22.0,166.0,18.0,62.0,32.0,31.0,11.0,14.0,17.0,40.0,482.0,396.0,69.4,50.72,1369.0,1027.0,83.0,57.0,227.0,186.0,253.0,58358.0,8.0,7.0,8.0,11.53,42.27,38.11,1087.0,827.0,5094.0,1.0,2.0,2.0,2.49,16.29,1.43,188.0,25.0,5652.0,0.0,1.0,0.0,0.59,1.3,7.53,29.0,115.0,,,,,,,,,,,,,,
Nikita Zadorov,D,BOS                  BOS,29.0,2024,2029,6,"$30,000,000","$5,000,000",5000000.0,2023,8477507,exact,False,8477507,2023,Nikita Zadorov,VAN,D,75.0,78484.0,22.5,0.43,0.53,0.47,0.53,6.0,11.0,3.0,3.23,0.0,0.0,90.0,4.0,177.0,17.0,32.0,24.0,14.0,37.0,68.0,0.0,0.0,47.73,64.25,1137.0,1272.0,56.0,72.0,115.0,238.0,268.0,69037.0,6.0,9.0,3.0,2.83,42.42,43.26,1071.0,1035.0,543.0,0.0,0.0,0.0,0.0,0.19,0.08,5.0,2.0,6929.0,0.0,1.0,0.0,0.19,2.38,13.88,32.0,179.0,,,,,,,,,,,,,,
Mattias Samuelsson,D,BUF                  BUF,22.0,2023,2029,7,"$30,000,000","$4,285,714",4285714.0,2022,8480807,exact,False,8480807,2022,Mattias Samuelsson,BUF,D,55.0,73181.0,13.35,0.42,0.53,0.42,0.54,2.0,3.0,5.0,4.15,0.0,3.0,76.0,7.0,107.0,21.0,21.0,19.0,4.0,10.0,91.0,0.0,0.0,60.07,82.13,1005.0,1362.0,54.0,81.0,162.0,287.0,285.0,62085.0,2.0,3.0,4.0,2.72,46.23,48.94,929.0,997.0,248.0,0.0,0.0,0.0,0.0,0.0,0.0,1.0,0.0,8484.0,0.0,0.0,1.0,0.19,1.32,23.0,33.0,268.0,,,,,,,,,,,,,,
Ondrej Palat,LW,NYI                  NYI,30.0,2022,2026,5,"$30,000,000","$6,000,000",6000000.0,2021,8476292,exact,False,8476292,2021,Ondrej Palat,TBL,L,77.0,76190.0,48.78,0.56,0.5,0.54,0.5,18.0,18.0,13.0,18.39,2.0,15.0,143.0,9.0,123.0,30.0,25.0,13.0,11.0,10.0,42.0,2.0,16.0,75.58,58.83,1270.0,1085.0,65.0,52.0,312.0,155.0,270.0,61981.0,14.0,11.0,8.0,13.01,48.62,43.43,966.0,936.0,9554.0,1.0,1.0,4.0,2.08,14.8,3.24,220.0,42.0,1408.0,0.0,1.0,0.0,0.0,0.54,2.86,3.0,34.0,,,,,,,,,,,,,,
Rickard Rakell,C,PIT                  PIT,28.0,2022,2027,6,"$30,000,000","$5,000,000",5000000.0,2021,8476483,exact,False,8476483,2021,Rickard Rakell,PIT,R,70.0,75538.0,50.43,0.52,0.44,0.56,0.45,20.0,12.0,9.0,17.81,6.0,15.0,184.0,9.0,99.0,28.0,34.0,4.0,8.0,6.0,44.0,36.0,43.0,65.5,60.14,1360.0,1088.0,52.0,54.0,322.0,105.0,225.0,63259.0,14.0,8.0,7.0,13.71,44.98,42.14,1030.0,955.0,9384.0,5.0,3.0,2.0,3.09,14.65,3.57,241.0,49.0,86.0,0.0,0.0,0.0,0.0,0.04,0.02,1.0,1.0,,,,,,,,,,,,,,
Joel Farabee,LW,CGY                  CGY,21.0,2022,2027,6,"$30,000,000","$5,000,000",5000000.0,2021,8480797,exact,False,8480797,2021,Joel Farabee,PHI,L,63.0,66479.0,29.46,0.46,0.45,0.49,0.46,17.0,10.0,7.0,14.19,6.0,19.0,119.0,5.0,73.0,25.0,22.0,10.0,26.0,17.0,38.0,41.0,102.0,56.26,65.76,1023.0,1082.0,68.0,66.0,251.0,133.0,234.0,49292.0,14.0,9.0,6.0,9.37,34.66,37.77,693.0,819.0,8442.0,1.0,1.0,1.0,1.71,8.62,2.71,187.0,44.0,4986.0,1.0,0.0,0.0,0.68,1.4,8.48,25.0,139.0,,,,,,,,,,,,,,
Jean-Gabriel Pageau,C,NYI                  NYI,27.0,2020,2025,6,"$30,000,000","$5,000,000",5000000.0,2019,8476419,exact,False,8476419,2019,Jean-Gabriel Pageau,NYI,C,67.0,76923.0,40.75,0.5,0.49,0.48,0.49,26.0,9.0,7.0,18.55,13.0,22.0,152.0,13.0,128.0,33.0,32.0,15.0,19.0,10.0,53.0,615.0,535.0,67.06,67.4,1227.0,1355.0,67.0,60.0,241.0,371.0,318.0,58667.0,15.0,2.0,4.0,9.66,39.8,39.38,904.0,994.0,6582.0,5.0,2.0,1.0,2.8,11.16,1.63,178.0,22.0,8602.0,2.0,2.0,0.0,1.52,3.84,15.4,50.0,245.0,,,,,,,,,,,,,,
Drake Batherson,C,OTT                  OTT,22.0,2021,2026,6,"$29,850,000","$4,975,000",4975000.0,2020,8480208,exact,False,8480208,2020,Drake Batherson,OTT,R,56.0,55345.0,30.19,0.57,0.44,0.54,0.46,17.0,12.0,5.0,15.31,7.0,15.0,111.0,11.0,102.0,15.0,25.0,12.0,10.0,4.0,29.0,5.0,8.0,54.13,41.17,948.0,812.0,44.0,39.0,213.0,81.0,187.0,43348.0,11.0,5.0,1.0,10.05,31.35,30.64,664.0,730.0,10323.0,5.0,4.0,4.0,2.8,17.37,2.83,240.0,45.0,20.0,0.0,0.0,0.0,0.0,0.0,0.0,0.0,0.0,,,,,,,,,,,,,,
Vince Dunn,D,SEA                  SEA,26.0,2023,2026,4,"$29,400,000","$7,350,000",7350000.0,2022,8478407,exact,False,8478407,2022,Vince Dunn,SEA,D,81.0,115033.0,76.1,0.57,0.46,0.57,0.49,14.0,24.0,26.0,9.75,0.0,7.0,150.0,14.0,115.0,50.0,54.0,43.0,22.0,26.0,80.0,0.0,0.0,116.26,86.29,2057.0,1535.0,126.0,98.0,383.0,187.0,368.0,94528.0,13.0,12.0,17.0,6.4,75.45,64.14,1585.0,1302.0,13008.0,0.0,6.0,6.0,1.96,22.87,2.62,335.0,44.0,2807.0,0.0,0.0,0.0,0.1,1.11,3.73,15.0,67.0,,,,,,,,,,,,,,
Blake Coleman,C,CGY                  CGY,29.0,2021,2026,6,"$29,400,000","$4,900,000",4900000.0,2020,8476399,exact,False,8476399,2020,Blake Coleman,T.B,C,55.0,51092.0,38.52,0.51,0.54,0.5,0.53,14.0,7.0,10.0,13.76,5.0,16.0,121.0,8.0,109.0,25.0,19.0,11.0,19.0,17.0,20.0,2.0,7.0,42.39,40.96,714.0,717.0,42.0,30.0,118.0,186.0,228.0,40887.0,10.0,5.0,9.0,8.49,29.71,23.21,641.0,516.0,1048.0,1.0,0.0,0.0,0.17,0.69,0.03,13.0,2.0,7095.0,0.0,0.0,0.0,2.36,2.68,13.99,27.0,156.0,,,,,,,,,,,,,,
Kiefer Sherwood,LW,SJS                  SJS,30.0,2026,2030,5,"$28,750,000","$5,750,000",5750000.0,2024,8480748,exact,False,8480748,2024,Kiefer Sherwood,VAN,L,78.0,69681.0,41.05,0.43,0.51,0.49,0.5,19.0,14.0,7.0,12.07,4.0,11.0,141.0,16.0,462.0,26.0,49.0,12.0,17.0,16.0,30.0,24.0,32.0,45.05,59.77,1051.0,1112.0,50.0,73.0,119.0,173.0,263.0,57472.0,15.0,11.0,7.0,9.25,34.02,39.25,904.0,890.0,3633.0,0.0,2.0,0.0,0.74,6.19,0.89,86.0,16.0,6628.0,1.0,1.0,0.0,0.47,1.41,12.53,28.0,161.0,,,,,,,,,,,,,,
Yegor Sharangovich,C,CGY                  CGY,26.0,2025,2029,5,"$28,750,000","$5,750,000",5750000.0,2024,8481068,exact,False,8481068,2024,Yegor Sharangovich,CGY,C,73.0,72963.0,38.3,0.53,0.47,0.56,0.5,17.0,10.0,5.0,17.75,9.0,24.0,128.0,13.0,14.0,17.0,51.0,19.0,6.0,4.0,31.0,146.0,171.0,62.99,56.7,1336.0,1065.0,74.0,58.0,227.0,119.0,203.0,58219.0,8.0,8.0,4.0,9.1,34.96,38.49,988.0,896.0,8703.0,4.0,2.0,1.0,3.0,16.05,1.83,231.0,26.0,2991.0,1.0,0.0,0.0,0.35,0.86,5.21,15.0,70.0,,,,,,,,,,,,,,
Andrew Copp,C,DET                  DET,27.0,2022,2026,5,"$28,125,000","$5,625,000",5625000.0,2021,8477429,exact,False,8477429,2021,Andrew Copp,NYR,C,72.0,82852.0,60.02,0.52,0.52,0.54,0.51,21.0,18.0,14.0,23.24,6.0,26.0,183.0,17.0,45.0,34.0,43.0,27.0,7.0,8.0,41.0,377.0,332.0,88.39,80.3,1444.0,1239.0,89.0,86.0,260.0,273.0,255.0,60552.0,14.0,8.0,10.0,12.2,46.07,44.51,1012.0,878.0,9307.0,3.0,5.0,2.0,4.72,21.48,1.89,270.0,31.0,9667.0,1.0,1.0,0.0,3.21,4.6,22.65,58.0,259.0,,,,,,,,,,,,,,
Alex Vlasic,D,CHI                  CHI,22.0,2024,2029,6,"$27,600,000","$4,600,000",4600000.0,2023,8481568,exact,False,8481568,2023,Alex Vlasic,CHI,D,76.0,97943.0,10.62,0.42,0.44,0.43,0.46,2.0,5.0,9.0,3.79,0.0,4.0,71.0,6.0,56.0,60.0,47.0,35.0,10.0,13.0,148.0,0.0,0.0,61.99,85.92,1290.0,1731.0,70.0,87.0,202.0,364.0,326.0,80706.0,2.0,3.0,8.0,2.43,48.47,55.55,1119.0,1348.0,3070.0,0.0,1.0,1.0,0.43,5.01,0.6,80.0,15.0,10172.0,0.0,0.0,0.0,0.72,2.03,17.24,35.0,267.0,,,,,,,,,,,,,,
Jakob Chychrun,D,WAS                  WAS,20.0,2019,2024,6,"$27,600,000","$4,600,000",4600000.0,2019,8479345,exact,False,8479345,2019,Jakob Chychrun,ARI,D,63.0,84906.0,33.65,0.53,0.49,0.51,0.47,12.0,7.0,7.0,7.93,2.0,5.0,150.0,6.0,74.0,27.0,52.0,37.0,15.0,18.0,95.0,0.0,0.0,66.86,59.98,1345.0,1288.0,66.0,48.0,198.0,229.0,254.0,68109.0,7.0,5.0,5.0,4.45,46.74,46.54,1073.0,1087.0,8021.0,5.0,2.0,1.0,2.3,9.94,1.85,160.0,28.0,5555.0,0.0,0.0,0.0,0.07,2.25,5.94,32.0,111.0,,,,,,,,,,,,,,
Jonathan Marchessault,C,NSH                  NSH,33.0,2024,2028,5,"$27,500,000","$5,500,000",5500000.0,2023,8476539,exact,False,8476539,2023,Jonathan Marchessault,VGK,R,82.0,88043.0,68.53,0.59,0.46,0.57,0.45,42.0,17.0,10.0,29.49,17.0,31.0,266.0,30.0,107.0,47.0,37.0,11.0,11.0,20.0,23.0,6.0,18.0,94.98,67.31,1761.0,1311.0,117.0,71.0,409.0,130.0,239.0,67429.0,25.0,13.0,4.0,15.79,52.06,48.48,1128.0,1161.0,16645.0,7.0,3.0,5.0,8.04,28.14,4.2,490.0,70.0,43.0,0.0,0.0,0.0,0.0,0.0,0.0,0.0,0.0,,,,,,,,,,,,,,
Sean Monahan,C,CBJ                  CBJ,29.0,2024,2028,5,"$27,500,000","$5,500,000",5500000.0,2023,8477497,exact,False,8477497,2023,Sean Monahan,WPG,C,83.0,90109.0,55.21,0.52,0.44,0.52,0.44,26.0,21.0,12.0,24.8,12.0,36.0,171.0,16.0,29.0,43.0,33.0,20.0,8.0,5.0,44.0,698.0,574.0,93.09,85.04,1628.0,1489.0,110.0,101.0,339.0,320.0,245.0,64108.0,14.0,11.0,7.0,11.37,45.62,51.04,1037.0,1119.0,15284.0,9.0,8.0,4.0,9.14,31.55,3.09,421.0,55.0,6106.0,2.0,0.0,0.0,1.44,2.06,13.28,28.0,195.0,,,,,,,,,,,,,,
Andre Burakovsky,LW,CHI                  CHI,26.0,2022,2026,5,"$27,500,000","$5,500,000",5500000.0,2021,8477444,exact,False,8477444,2021,Andre Burakovsky,COL,L,80.0,78040.0,68.48,0.57,0.52,0.59,0.51,22.0,24.0,15.0,14.8,4.0,12.0,149.0,12.0,49.0,28.0,39.0,12.0,14.0,9.0,34.0,8.0,12.0,76.31,58.15,1598.0,1112.0,76.0,58.0,276.0,154.0,244.0,66549.0,18.0,18.0,12.0,10.54,53.69,49.8,1275.0,1041.0,9251.0,4.0,4.0,2.0,3.28,16.82,2.31,255.0,33.0,20.0,0.0,0.0,0.0,0.0,0.0,0.0,0.0,0.0,,,,,,,,,,,,,,
Jaden Schwartz,LW,SEA                  SEA,28.0,2021,2025,5,"$27,500,000","$5,500,000",5500000.0,2020,8475768,exact,False,8475768,2020,Jaden Schwartz,STL,L,40.0,42488.0,19.14,0.49,0.44,0.52,0.46,8.0,6.0,6.0,6.29,2.0,4.0,71.0,4.0,40.0,18.0,15.0,3.0,9.0,10.0,26.0,7.0,6.0,30.36,31.93,661.0,616.0,29.0,35.0,122.0,90.0,126.0,34024.0,6.0,3.0,5.0,4.45,21.17,21.82,492.0,512.0,4926.0,1.0,1.0,1.0,0.56,5.46,1.22,121.0,18.0,1585.0,0.0,0.0,0.0,0.25,0.29,2.26,6.0,44.0,,,,,,,,,,,,,,
Rasmus Andersson,D,VGK                  VGK,23.0,2020,2025,6,"$27,300,000","$4,550,000",4550000.0,2019,8478397,exact,False,8478397,2019,Rasmus Andersson,CGY,D,70.0,83765.0,29.98,0.53,0.5,0.53,0.49,5.0,8.0,9.0,4.91,1.0,1.0,123.0,12.0,51.0,19.0,39.0,26.0,17.0,12.0,83.0,0.0,0.0,66.36,59.55,1381.0,1234.0,65.0,61.0,213.0,192.0,264.0,70600.0,4.0,3.0,4.0,3.21,49.03,42.51,1116.0,1064.0,5836.0,0.0,2.0,2.0,0.82,8.45,1.36,140.0,18.0,2840.0,0.0,0.0,0.0,0.06,0.75,4.94,12.0,83.0,,,,,,,,,,,,,,
Chris Tanev,D,TOR                  TOR,34.0,2024,2029,6,"$27,000,000","$4,500,000",4500000.0,2023,8475690,exact,False,8475690,2023,Chris Tanev,DAL,D,75.0,88577.0,30.75,0.49,0.55,0.46,0.55,2.0,8.0,9.0,1.3,0.0,0.0,56.0,2.0,45.0,25.0,38.0,32.0,5.0,13.0,207.0,0.0,0.0,73.01,74.85,1325.0,1561.0,79.0,73.0,150.0,383.0,324.0,74138.0,2.0,7.0,9.0,1.26,52.97,44.83,1220.0,1143.0,239.0,0.0,0.0,0.0,0.0,0.03,0.01,2.0,1.0,10553.0,0.0,0.0,0.0,0.02,2.49,21.46,47.0,311.0,,,,,,,,,,,,,,
Ryan Graves,D,PIT                  PIT,28.0,2023,2028,6,"$27,000,000","$4,500,000",4500000.0,2022,8477435,exact,False,8477435,2022,Ryan Graves,NJD,D,78.0,93356.0,41.12,0.51,0.59,0.47,0.56,8.0,5.0,13.0,5.71,1.0,2.0,141.0,8.0,83.0,23.0,47.0,41.0,5.0,14.0,152.0,0.0,0.0,81.64,78.69,1428.0,1600.0,81.0,70.0,147.0,343.0,318.0,79941.0,8.0,4.0,9.0,4.96,65.56,57.7,1349.0,1253.0,243.0,0.0,0.0,0.0,0.0,0.99,0.12,5.0,5.0,10785.0,0.0,1.0,1.0,0.11,1.8,16.25,36.0,264.0,,,,,,,,,,,,,,
Oliver Bjorkstrand,RW,TBL                  TBL,25.0,2021,2025,5,"$27,000,000","$5,400,000",5400000.0,2020,8477416,exact,False,8477416,2020,Oliver Bjorkstrand,CBJ,R,56.0,59182.0,35.77,0.45,0.43,0.49,0.45,18.0,18.0,8.0,13.0,3.0,9.0,143.0,12.0,42.0,39.0,26.0,6.0,3.0,4.0,30.0,3.0,4.0,40.53,49.95,863.0,885.0,29.0,52.0,195.0,129.0,194.0,51567.0,14.0,13.0,6.0,8.62,28.32,35.85,689.0,801.0,4973.0,2.0,2.0,2.0,2.37,7.37,2.76,114.0,27.0,25.0,0.0,0.0,0.0,0.0,0.0,0.28,0.0,1.0,,,,,,,,,,,,,,
John Marino,D,UTA                  UTA,23.0,2021,2026,6,"$26,400,000","$4,400,000",4400000.0,2020,8478507,exact,False,8478507,2020,John Marino,PIT,D,52.0,64689.0,16.8,0.5,0.52,0.51,0.5,3.0,5.0,5.0,2.46,1.0,1.0,56.0,4.0,48.0,29.0,21.0,13.0,5.0,4.0,50.0,0.0,0.0,45.43,46.27,883.0,860.0,41.0,57.0,144.0,194.0,160.0,53572.0,2.0,1.0,3.0,1.56,31.87,34.96,713.0,681.0,4376.0,1.0,2.0,1.0,0.62,5.12,1.76,89.0,20.0,5473.0,0.0,0.0,1.0,0.0,1.82,6.97,31.0,130.0,,,,,,,,,,,,,,
Esa Lindell,D,DAL                  DAL,30.0,2025,2029,5,"$26,250,000","$5,250,000",5250000.0,2024,8476902,exact,False,8476902,2024,Esa Lindell,DAL,D,80.0,106467.0,26.08,0.45,0.56,0.41,0.56,5.0,12.0,9.0,7.2,2.0,5.0,99.0,9.0,50.0,30.0,109.0,76.0,10.0,7.0,170.0,0.0,0.0,80.12,99.59,1414.0,2043.0,87.0,114.0,104.0,382.0,305.0,84898.0,3.0,7.0,8.0,3.64,58.39,59.46,1265.0,1476.0,1038.0,1.0,0.0,0.0,0.65,1.18,0.05,19.0,2.0,16285.0,0.0,0.0,0.0,0.51,4.18,26.93,70.0,429.0,,,,,,,,,,,,,,
Christian Dvorak,C,PHI                  PHI,29.0,2026,2030,5,"$25,750,000","$5,150,000",5150000.0,2024,8477989,exact,False,8477989,2024,Christian Dvorak,MTL,C,82.0,74999.0,25.92,0.43,0.47,0.4,0.49,12.0,15.0,6.0,15.97,3.0,23.0,104.0,18.0,44.0,18.0,66.0,24.0,11.0,8.0,74.0,591.0,469.0,57.91,77.19,1018.0,1527.0,73.0,93.0,151.0,337.0,288.0,59977.0,10.0,9.0,6.0,12.35,43.28,43.02,903.0,1077.0,1791.0,1.0,1.0,0.0,0.95,2.82,0.9,33.0,14.0,10675.0,0.0,0.0,0.0,0.67,2.08,20.35,35.0,347.0,,,,,,,,,,,,,,
Cameron York,D,PHI                  PHI,24.0,2025,2029,5,"$25,750,000","$5,150,000",5150000.0,2024,8481546,last+initial,False,8481546,2024,Cam York,PHI,D,66.0,82301.0,15.78,0.46,0.56,0.44,0.52,4.0,6.0,7.0,4.94,0.0,4.0,65.0,5.0,60.0,25.0,90.0,57.0,5.0,14.0,126.0,0.0,0.0,58.53,68.34,1134.0,1441.0,64.0,69.0,123.0,281.0,322.0,71691.0,4.0,3.0,7.0,4.8,51.82,43.86,1061.0,1124.0,605.0,0.0,0.0,0.0,0.0,0.16,0.01,6.0,1.0,7347.0,0.0,0.0,0.0,0.01,1.53,18.62,26.0,231.0,,,,,,,,,,,,,,
J.T Compher,C,DET                  DET,28.0,2023,2027,5,"$25,500,000","$5,100,000",5100000.0,2022,8477456,exact,False,8477456,2022,J.T. Compher,COL,L,82.0,101060.0,54.76,0.51,0.52,0.52,0.53,17.0,22.0,13.0,18.6,5.0,21.0,154.0,13.0,37.0,28.0,28.0,5.0,16.0,15.0,82.0,813.0,852.0,99.67,95.28,1750.0,1596.0,103.0,111.0,350.0,408.0,286.0,73403.0,12.0,11.0,7.0,11.9,51.99,47.74,1175.0,1127.0,12917.0,5.0,4.0,3.0,4.23,26.68,3.04,381.0,48.0,10046.0,0.0,0.0,0.0,0.54,1.72,24.49,28.0,298.0,,,,,,,,,,,,,,
Rasmus Ristolainen,D,PHI                  PHI,27.0,2022,2026,5,"$25,500,000","$5,100,000",5100000.0,2021,8477499,exact,False,8477499,2021,Rasmus Ristolainen,PHI,D,66.0,84906.0,13.07,0.44,0.47,0.44,0.48,2.0,7.0,7.0,6.07,0.0,5.0,97.0,11.0,230.0,12.0,33.0,27.0,13.0,19.0,125.0,0.0,0.0,65.61,83.68,1221.0,1578.0,68.0,81.0,157.0,233.0,275.0,72546.0,2.0,5.0,6.0,3.96,54.1,60.88,1092.0,1279.0,2512.0,0.0,0.0,1.0,0.97,2.34,0.36,46.0,10.0,7105.0,0.0,0.0,0.0,0.22,3.02,12.86,40.0,207.0,,,,,,,,,,,,,,
Adam Lowry,LW,WPG                  WPG,32.0,2026,2030,5,"$25,000,000","$5,000,000",5000000.0,2024,8476392,exact,False,8476392,2024,Adam Lowry,WPG,C,73.0,67576.0,39.1,0.47,0.55,0.45,0.52,16.0,8.0,10.0,17.19,6.0,29.0,99.0,16.0,140.0,20.0,44.0,14.0,11.0,8.0,60.0,615.0,573.0,56.11,62.5,1034.0,1249.0,77.0,69.0,127.0,415.0,310.0,56523.0,13.0,2.0,8.0,14.57,42.13,34.26,936.0,881.0,242.0,0.0,0.0,0.0,0.0,0.04,0.0,1.0,0.0,8119.0,0.0,1.0,0.0,0.76,1.58,16.4,23.0,262.0,,,,,,,,,,,,,,
Connor McDavid,C,EDM                  EDM,28.0,2026,2027,2,"$25,000,000","$12,500,000",12500000.0,2024,8478402,exact,False,8478402,2024,Connor McDavid,EDM,C,67.0,88566.0,110.09,0.66,0.46,0.65,0.47,26.0,50.0,24.0,26.91,10.0,28.0,196.0,34.0,40.0,32.0,74.0,20.0,23.0,12.0,18.0,370.0,406.0,119.04,61.73,1960.0,1060.0,139.0,63.0,289.0,117.0,243.0,70524.0,15.0,23.0,13.0,17.14,67.93,43.48,1387.0,913.0,12726.0,8.0,15.0,4.0,6.67,29.81,3.81,388.0,48.0,322.0,0.0,0.0,0.0,0.0,0.06,0.09,4.0,3.0,,,,,,,,,,,,,,
Alexander Killorn,LW,ANA                  ANA,33.0,2023,2026,4,"$25,000,000","$6,250,000",6250000.0,2022,8473986,last+initial,False,8473986,2022,Alex Killorn,TBL,L,82.0,84668.0,57.12,0.51,0.52,0.5,0.52,27.0,18.0,19.0,20.81,8.0,23.0,143.0,14.0,61.0,40.0,54.0,17.0,14.0,21.0,31.0,1.0,1.0,85.73,82.79,1358.0,1344.0,89.0,91.0,276.0,289.0,289.0,62451.0,19.0,11.0,11.0,11.2,46.83,47.97,947.0,943.0,9606.0,3.0,1.0,7.0,4.56,20.05,3.61,250.0,47.0,9060.0,1.0,0.0,1.0,1.36,2.62,19.2,41.0,275.0,,,,,,,,,,,,,,
Ivan Barbashev,C,VGK                  VGK,27.0,2023,2027,5,"$25,000,000","$5,000,000",5000000.0,2022,8477964,exact,False,8477964,2022,Ivan Barbashev,VGK,C,82.0,82440.0,33.91,0.51,0.44,0.49,0.45,16.0,16.0,13.0,17.04,6.0,17.0,126.0,10.0,182.0,49.0,40.0,12.0,23.0,17.0,46.0,55.0,89.0,73.23,70.88,1310.0,1380.0,65.0,66.0,225.0,148.0,255.0,67932.0,12.0,12.0,12.0,11.77,49.2,54.49,1011.0,1201.0,9129.0,2.0,2.0,1.0,3.04,17.02,4.17,238.0,48.0,3711.0,0.0,0.0,0.0,0.97,2.51,4.54,26.0,91.0,,,,,,,,,,,,,,
Dylan Strome,C,WAS                  WAS,25.0,2023,2027,5,"$25,000,000","$5,000,000",5000000.0,2022,8478440,exact,False,8478440,2022,Dylan Strome,WSH,C,81.0,81099.0,58.34,0.58,0.45,0.58,0.46,23.0,24.0,18.0,22.11,7.0,29.0,154.0,25.0,20.0,45.0,42.0,15.0,6.0,12.0,43.0,528.0,554.0,95.53,69.4,1598.0,1166.0,112.0,80.0,369.0,97.0,246.0,63233.0,17.0,11.0,11.0,15.51,53.99,49.18,1062.0,1046.0,13845.0,3.0,9.0,6.0,3.07,25.91,3.35,402.0,52.0,97.0,0.0,0.0,0.0,0.0,0.0,0.01,0.0,2.0,,,,,,,,,,,,,,
Ryan Strome,C,CGY                  CGY,28.0,2022,2026,5,"$25,000,000","$5,000,000",5000000.0,2021,8476458,exact,False,8476458,2021,Ryan Strome,NYR,C,74.0,81365.0,47.26,0.59,0.46,0.56,0.43,21.0,18.0,15.0,17.26,5.0,16.0,161.0,10.0,41.0,32.0,37.0,9.0,15.0,28.0,19.0,363.0,455.0,87.37,60.0,1470.0,1173.0,96.0,51.0,263.0,121.0,180.0,63144.0,11.0,13.0,10.0,10.36,40.26,43.96,954.0,983.0,12108.0,5.0,5.0,3.0,3.19,31.78,2.56,391.0,53.0,2334.0,1.0,0.0,0.0,0.61,0.74,4.95,12.0,69.0,,,,,,,,,,,,,,
Jared McCann,LW,SEA                  SEA,25.0,2022,2026,5,"$25,000,000","$5,000,000",5000000.0,2021,8477955,exact,False,8477955,2021,Jared McCann,SEA,L,74.0,71653.0,54.79,0.55,0.42,0.59,0.46,27.0,12.0,11.0,21.8,6.0,21.0,199.0,15.0,65.0,43.0,37.0,16.0,21.0,9.0,29.0,224.0,268.0,70.54,57.71,1323.0,914.0,77.0,62.0,315.0,116.0,248.0,55893.0,17.0,7.0,5.0,11.48,38.24,38.1,884.0,801.0,10476.0,6.0,4.0,4.0,5.47,19.66,2.51,302.0,37.0,953.0,1.0,0.0,0.0,0.21,0.34,1.41,6.0,19.0,,,,,,,,,,,,,,
Mattias Ekholm,D,EDM                  EDM,31.0,2022,2025,4,"$25,000,000","$6,250,000",6250000.0,2021,8475218,exact,False,8475218,2021,Mattias Ekholm,NSH,D,76.0,107061.0,34.03,0.41,0.53,0.44,0.5,6.0,12.0,13.0,9.22,1.0,7.0,145.0,13.0,79.0,29.0,60.0,41.0,12.0,22.0,96.0,0.0,0.0,76.28,107.85,1424.0,1779.0,72.0,115.0,182.0,412.0,265.0,80320.0,5.0,6.0,9.0,5.13,52.64,55.81,1141.0,1190.0,6828.0,0.0,2.0,2.0,0.72,8.45,1.99,141.0,20.0,14093.0,0.0,1.0,0.0,0.09,1.99,28.59,41.0,393.0,,,,,,,,,,,,,,
Conor Garland,RW,CBJ                  CBJ,24.0,2021,2025,5,"$24,750,000","$4,950,000",4950000.0,2020,8478856,exact,False,8478856,2020,Conor Garland,ARI,R,49.0,52692.0,43.96,0.57,0.41,0.58,0.44,12.0,22.0,5.0,11.46,5.0,12.0,135.0,10.0,26.0,34.0,19.0,5.0,25.0,13.0,19.0,7.0,14.0,48.29,35.91,928.0,660.0,52.0,35.0,211.0,65.0,168.0,41807.0,9.0,14.0,4.0,7.85,29.25,25.08,651.0,592.0,8201.0,2.0,5.0,1.0,1.64,11.46,1.15,205.0,23.0,135.0,0.0,0.0,0.0,0.0,0.01,0.0,1.0,0.0,,,,,,,,,,,,,,
Scott Mayfield,D,NYI                  NYI,30.0,2023,2029,7,"$24,500,000","$3,500,000",3500000.0,2022,8476429,exact,False,8476429,2022,Scott Mayfield,NYI,D,82.0,103462.0,28.68,0.44,0.53,0.42,0.53,6.0,9.0,9.0,4.66,1.0,2.0,119.0,9.0,107.0,21.0,64.0,56.0,18.0,29.0,168.0,0.0,0.0,75.68,96.66,1420.0,1941.0,88.0,112.0,120.0,348.0,311.0,87323.0,6.0,7.0,9.0,4.57,64.97,62.42,1348.0,1406.0,188.0,0.0,0.0,0.0,0.0,0.01,0.01,1.0,1.0,12760.0,0.0,0.0,0.0,0.01,2.44,25.02,32.0,412.0,,,,,,,,,,,,,,
Evgeni Malkin,C,PIT                  PIT,35.0,2022,2025,4,"$24,400,000","$6,100,000",6100000.0,2021,8471215,exact,False,8471215,2021,Evgeni Malkin,PIT,C,41.0,45091.0,42.5,0.61,0.46,0.62,0.48,20.0,10.0,12.0,14.65,7.0,18.0,129.0,13.0,21.0,41.0,48.0,20.0,13.0,11.0,18.0,164.0,212.0,59.04,37.24,909.0,563.0,70.0,48.0,197.0,41.0,116.0,34246.0,10.0,3.0,5.0,7.59,29.04,23.43,559.0,471.0,8620.0,8.0,5.0,4.0,4.64,20.75,4.31,274.0,48.0,22.0,0.0,0.0,0.0,0.0,0.0,0.0,0.0,0.0,,,,,,,,,,,,,,
Tyler Toffoli,RW,SJS                  SJS,32.0,2024,2027,4,"$24,000,000","$6,000,000",6000000.0,2023,8475726,exact,False,8475726,2023,Tyler Toffoli,WPG,C,79.0,80391.0,69.81,0.61,0.47,0.64,0.48,33.0,14.0,8.0,29.35,12.0,36.0,229.0,23.0,75.0,32.0,31.0,10.0,11.0,7.0,11.0,27.0,44.0,105.83,68.61,1873.0,1057.0,129.0,82.0,347.0,96.0,234.0,61971.0,17.0,10.0,5.0,14.92,52.57,46.31,1202.0,957.0,14513.0,10.0,4.0,2.0,7.88,32.51,3.62,508.0,42.0,52.0,0.0,0.0,0.0,0.0,0.0,0.0,0.0,1.0,,,,,,,,,,,,,,
Sean Durzi,D,UTA                  UTA,25.0,2024,2027,4,"$24,000,000","$6,000,000",6000000.0,2023,8480434,exact,False,8480434,2023,Sean Durzi,ARI,D,76.0,103601.0,45.9,0.57,0.41,0.55,0.43,9.0,11.0,21.0,9.2,4.0,5.0,142.0,16.0,44.0,22.0,67.0,44.0,16.0,25.0,160.0,0.0,0.0,109.82,83.19,1857.0,1533.0,137.0,99.0,282.0,269.0,325.0,78548.0,4.0,7.0,8.0,4.59,56.07,57.05,1292.0,1234.0,14407.0,3.0,4.0,8.0,2.7,31.24,2.82,373.0,62.0,5466.0,0.0,0.0,0.0,0.07,1.94,9.77,29.0,149.0,,,,,,,,,,,,,,
Neal Pionk,D,WPG                  WPG,25.0,2021,2024,4,"$23,500,000","$5,875,000",5875000.0,2020,8480145,exact,False,8480145,2020,Neal Pionk,WPG,D,54.0,71128.0,34.5,0.52,0.44,0.53,0.46,3.0,19.0,10.0,3.98,1.0,2.0,100.0,8.0,137.0,19.0,44.0,40.0,14.0,10.0,74.0,0.0,0.0,63.32,57.38,1123.0,999.0,70.0,61.0,164.0,170.0,227.0,59662.0,1.0,8.0,7.0,2.56,38.94,41.19,845.0,833.0,6546.0,1.0,7.0,2.0,1.19,18.18,1.76,221.0,28.0,2398.0,0.0,0.0,0.0,0.05,0.38,5.93,7.0,75.0,,,,,,,,,,,,,,
Pavel Buchnevich,LW,STL                  STL,25.0,2021,2024,4,"$23,200,000","$5,800,000",5800000.0,2020,8477402,exact,False,8477402,2020,Pavel Buchnevich,NYR,R,54.0,60694.0,42.05,0.52,0.5,0.48,0.49,20.0,17.0,11.0,12.44,4.0,10.0,120.0,11.0,49.0,30.0,39.0,13.0,15.0,13.0,29.0,4.0,14.0,47.06,44.15,873.0,953.0,43.0,45.0,182.0,214.0,204.0,43714.0,13.0,11.0,8.0,7.9,27.09,26.15,611.0,672.0,6493.0,1.0,5.0,2.0,1.13,9.21,1.34,157.0,29.0,7167.0,1.0,0.0,0.0,0.41,2.36,8.88,33.0,186.0,,,,,,,,,,,,,,
Rasmus Sandin,D,WAS                  WAS,23.0,2024,2028,5,"$23,000,000","$4,600,000",4600000.0,2023,8480873,exact,False,8480873,2023,Rasmus Sandin,WSH,D,68.0,86172.0,13.63,0.48,0.47,0.48,0.46,3.0,12.0,8.0,4.37,0.0,3.0,79.0,12.0,75.0,23.0,31.0,18.0,4.0,12.0,106.0,0.0,0.0,65.33,69.91,1333.0,1443.0,65.0,85.0,149.0,149.0,246.0,77595.0,2.0,8.0,5.0,3.25,49.49,59.98,1146.0,1339.0,5665.0,0.0,4.0,1.0,0.18,10.76,1.8,134.0,30.0,952.0,0.0,0.0,0.0,0.01,0.48,2.57,5.0,27.0,,,,,,,,,,,,,,
Jamie Oleksiak,D,SEA                  SEA,28.0,2021,2025,5,"$23,000,000","$4,600,000",4600000.0,2020,8476467,exact,False,8476467,2020,Jamie Oleksiak,DAL,D,56.0,68807.0,23.55,0.49,0.53,0.5,0.53,6.0,3.0,5.0,4.37,3.0,3.0,84.0,7.0,148.0,17.0,41.0,24.0,9.0,13.0,88.0,0.0,0.0,40.62,42.73,983.0,1000.0,32.0,33.0,165.0,219.0,242.0,62176.0,6.0,3.0,5.0,4.26,38.47,31.94,935.0,844.0,392.0,0.0,0.0,0.0,0.02,0.06,0.26,3.0,3.0,4999.0,0.0,0.0,0.0,0.02,0.52,7.32,20.0,118.0,,,,,,,,,,,,,,
Jake McCabe,D,TOR                  TOR,31.0,2025,2029,5,"$22,565,510","$4,513,102",4513102.0,2024,8476931,exact,False,8476931,2024,Jake McCabe,TOR,D,66.0,85190.0,27.05,0.45,0.53,0.43,0.51,2.0,10.0,11.0,2.98,0.0,1.0,74.0,4.0,118.0,9.0,83.0,57.0,16.0,17.0,135.0,0.0,0.0,67.12,81.58,1221.0,1624.0,70.0,98.0,132.0,360.0,320.0,70432.0,2.0,9.0,10.0,2.18,48.01,42.76,1116.0,1163.0,693.0,0.0,0.0,0.0,0.0,0.59,0.24,13.0,2.0,9295.0,0.0,1.0,0.0,0.15,2.09,24.3,34.0,297.0,,,,,,,,,,,,,,
Brock Nelson,C,COL                  COL,33.0,2025,2027,3,"$22,500,000","$7,500,000",7500000.0,2024,8475754,exact,False,8475754,2024,Brock Nelson,COL,C,80.0,90780.0,57.74,0.5,0.49,0.52,0.5,26.0,18.0,12.0,22.21,6.0,25.0,193.0,19.0,35.0,40.0,50.0,14.0,17.0,9.0,43.0,630.0,579.0,82.6,83.82,1644.0,1499.0,97.0,91.0,318.0,190.0,256.0,70495.0,18.0,13.0,9.0,16.06,49.9,50.12,1168.0,1199.0,10709.0,2.0,2.0,2.0,2.46,16.78,2.3,280.0,34.0,4444.0,3.0,0.0,0.0,1.44,1.86,8.8,27.0,131.0,,,,,,,,,,,,,,
Artturi Lehkonen,LW,COL                  COL,26.0,2022,2026,5,"$22,500,000","$4,500,000",4500000.0,2021,8477476,exact,False,8477476,2021,Artturi Lehkonen,COL,L,74.0,67022.0,43.7,0.48,0.45,0.49,0.48,19.0,12.0,7.0,19.43,9.0,27.0,155.0,13.0,82.0,18.0,16.0,13.0,11.0,11.0,39.0,8.0,21.0,52.43,56.61,1034.0,1090.0,53.0,63.0,162.0,209.0,235.0,52962.0,14.0,12.0,5.0,16.32,41.82,34.98,871.0,796.0,4320.0,2.0,0.0,1.0,1.65,5.96,1.5,102.0,16.0,8102.0,2.0,0.0,0.0,0.83,1.41,16.17,29.0,235.0,,,,,,,,,,,,,,
Nicholas Paul,C,TBL                  TBL,26.0,2022,2028,7,"$22,050,000","$3,150,000",3150000.0,2021,8477426,exact,False,8477426,2021,Nicholas Paul,TBL,L,80.0,79257.0,34.07,0.44,0.51,0.45,0.5,16.0,5.0,11.0,18.75,4.0,18.0,166.0,13.0,106.0,59.0,32.0,16.0,14.0,10.0,56.0,426.0,419.0,58.6,73.71,1124.0,1359.0,57.0,74.0,175.0,340.0,283.0,64798.0,13.0,4.0,10.0,13.02,45.33,47.89,972.0,1007.0,2068.0,2.0,0.0,0.0,1.9,4.62,0.07,60.0,6.0,9722.0,1.0,1.0,0.0,1.62,2.91,18.23,42.0,286.0,,,,,,,,,,,,,,
Artemi Panarin,LW,LAK                  LAK,34.0,2026,2027,2,"$22,000,000","$11,000,000",11000000.0,2024,8478550,exact,False,8478550,2024,Artemi Panarin,NYR,L,80.0,94479.0,89.02,0.57,0.43,0.61,0.44,37.0,27.0,25.0,25.37,7.0,20.0,237.0,16.0,18.0,25.0,97.0,23.0,12.0,8.0,11.0,0.0,1.0,114.33,84.86,2032.0,1308.0,125.0,105.0,349.0,103.0,285.0,74997.0,25.0,15.0,15.0,12.75,55.77,55.97,1324.0,1151.0,13927.0,6.0,8.0,10.0,5.76,36.05,4.26,496.0,61.0,84.0,0.0,0.0,0.0,0.04,0.04,0.0,1.0,1.0,,,,,,,,,,,,,,
Nicolas Hague,D,NSH                  NSH,26.0,2025,2028,4,"$22,000,000","$5,500,000",5500000.0,2024,8479980,exact,False,8479980,2024,Nicolas Hague,VGK,D,68.0,69344.0,11.1,0.45,0.57,0.45,0.53,5.0,2.0,5.0,3.59,2.0,3.0,74.0,10.0,82.0,18.0,56.0,42.0,11.0,13.0,74.0,0.0,0.0,48.37,59.69,1007.0,1218.0,55.0,72.0,130.0,152.0,226.0,64563.0,4.0,2.0,5.0,2.66,43.93,49.07,982.0,1088.0,74.0,0.0,0.0,0.0,0.0,0.0,0.0,0.0,0.0,3946.0,0.0,0.0,0.0,0.0,1.67,7.71,17.0,104.0,,,,,,,,,,,,,,
Tyler Bertuzzi,LW,CHI                  CHI,29.0,2024,2027,4,"$22,000,000","$5,500,000",5500000.0,2023,8477479,exact,False,8477479,2023,Tyler Bertuzzi,TOR,L,80.0,77019.0,54.75,0.6,0.5,0.57,0.49,21.0,13.0,9.0,28.25,7.0,45.0,160.0,14.0,98.0,44.0,47.0,11.0,23.0,20.0,44.0,4.0,9.0,89.38,59.71,1554.0,1184.0,115.0,69.0,259.0,136.0,295.0,67494.0,15.0,11.0,9.0,17.98,60.81,49.79,1269.0,1095.0,7150.0,5.0,1.0,0.0,5.61,16.37,2.55,204.0,39.0,43.0,0.0,0.0,0.0,0.0,0.0,0.0,0.0,0.0,,,,,,,,,,,,,,
Adrian Kempe,LW,LAK                  LAK,25.0,2022,2025,4,"$22,000,000","$5,500,000",5500000.0,2021,8477960,exact,False,8477960,2021,Adrian Kempe,LAK,C,78.0,86972.0,65.63,0.53,0.53,0.57,0.52,35.0,8.0,11.0,30.25,20.0,35.0,247.0,23.0,111.0,34.0,43.0,25.0,26.0,22.0,28.0,25.0,25.0,90.83,79.05,1625.0,1236.0,98.0,96.0,333.0,284.0,254.0,63785.0,17.0,3.0,5.0,16.64,50.83,47.54,1063.0,895.0,12934.0,5.0,4.0,4.0,4.75,22.04,3.73,402.0,47.0,6576.0,3.0,0.0,0.0,1.76,2.55,17.46,35.0,212.0,,,,,,,,,,,,,,
Barclay Goodrow,LW,SJS                  SJS,27.0,2021,2026,6,"$21,850,000","$3,641,667",3641667.0,2020,8476624,exact,False,8476624,2020,Barclay Goodrow,T.B,C,55.0,49895.0,25.62,0.49,0.54,0.48,0.53,6.0,6.0,8.0,8.97,4.0,7.0,72.0,1.0,110.0,16.0,12.0,6.0,10.0,20.0,27.0,163.0,161.0,38.66,39.45,679.0,723.0,33.0,32.0,114.0,230.0,232.0,40253.0,2.0,5.0,8.0,6.25,28.63,22.65,626.0,505.0,153.0,0.0,0.0,0.0,0.0,0.07,0.0,1.0,0.0,7568.0,0.0,0.0,0.0,0.45,2.04,14.53,28.0,183.0,,,,,,,,,,,,,,
Lawson Crouse,LW,UTA                  UTA,24.0,2022,2026,5,"$21,500,000","$4,300,000",4300000.0,2021,8478474,exact,False,8478474,2021,Lawson Crouse,ARI,L,65.0,67979.0,25.67,0.42,0.42,0.45,0.43,20.0,9.0,5.0,14.97,5.0,15.0,131.0,11.0,181.0,29.0,23.0,5.0,13.0,20.0,36.0,16.0,32.0,48.25,66.77,939.0,1171.0,46.0,67.0,177.0,247.0,253.0,51110.0,15.0,6.0,3.0,9.72,29.41,36.84,691.0,846.0,7203.0,3.0,1.0,2.0,2.97,8.99,2.12,154.0,30.0,6478.0,1.0,0.0,0.0,0.78,1.46,17.17,24.0,226.0,,,,,,,,,,,,,,
Jack McBain,C,UTA                  UTA,25.0,2025,2029,5,"$21,250,000","$4,250,000",4250000.0,2024,8480855,exact,False,8480855,2024,Jack McBain,UTA,C,82.0,66779.0,29.68,0.47,0.53,0.47,0.53,13.0,8.0,6.0,12.3,2.0,12.0,90.0,15.0,291.0,16.0,63.0,23.0,17.0,22.0,50.0,229.0,231.0,48.93,55.36,1018.0,1165.0,55.0,55.0,174.0,190.0,241.0,57087.0,11.0,7.0,5.0,10.2,41.6,36.47,942.0,921.0,1492.0,1.0,1.0,1.0,0.25,2.71,0.14,40.0,5.0,6938.0,0.0,0.0,0.0,0.12,0.88,14.41,13.0,199.0,,,,,,,,,,,,,,
Adam Larsson,D,SEA                  SEA,31.0,2025,2028,4,"$21,000,000","$5,250,000",5250000.0,2024,8476457,exact,False,8476457,2024,Adam Larsson,SEA,D,82.0,104234.0,29.65,0.41,0.51,0.43,0.51,7.0,9.0,12.0,6.58,2.0,5.0,112.0,16.0,104.0,33.0,55.0,37.0,4.0,14.0,148.0,0.0,0.0,76.32,110.82,1548.0,2071.0,75.0,145.0,190.0,359.0,298.0,87453.0,4.0,8.0,9.0,4.05,59.39,70.31,1436.0,1516.0,477.0,0.0,0.0,0.0,0.0,0.04,0.06,3.0,4.0,12364.0,0.0,0.0,0.0,0.19,3.42,29.5,56.0,445.0,,,,,,,,,,,,,,
Pierre Engvall,LW,NYI                  NYI,27.0,2023,2029,7,"$21,000,000","$3,000,000",3000000.0,2022,8478115,exact,False,8478115,2022,Pierre Engvall,NYI,L,76.0,62184.0,39.77,0.58,0.54,0.55,0.51,17.0,8.0,5.0,14.59,5.0,12.0,132.0,10.0,47.0,25.0,38.0,12.0,6.0,8.0,6.0,33.0,31.0,60.09,43.2,1057.0,875.0,67.0,40.0,126.0,132.0,199.0,54793.0,15.0,7.0,3.0,12.63,48.09,36.48,941.0,790.0,4351.0,1.0,0.0,2.0,0.44,4.82,1.7,80.0,26.0,1963.0,0.0,0.0,0.0,0.29,1.6,1.82,14.0,34.0,,,,,,,,,,,,,,
Trevor Moore,LW,LAK                  LAK,27.0,2023,2027,5,"$21,000,000","$4,200,000",4200000.0,2022,8479675,exact,False,8479675,2022,Trevor Moore,LAK,L,59.0,60139.0,39.02,0.58,0.52,0.54,0.51,10.0,14.0,5.0,16.19,2.0,19.0,163.0,15.0,60.0,27.0,20.0,9.0,13.0,7.0,23.0,14.0,25.0,57.42,41.46,1066.0,898.0,57.0,36.0,197.0,197.0,203.0,46755.0,6.0,8.0,3.0,11.28,34.44,29.1,798.0,687.0,6828.0,2.0,3.0,2.0,1.43,14.99,2.15,204.0,34.0,4307.0,1.0,1.0,0.0,1.88,2.4,7.93,24.0,136.0,,,,,,,,,,,,,,
Mikael Granlund,C,ANA                  ANA,33.0,2025,2027,3,"$21,000,000","$7,000,000",7000000.0,2024,8475798,exact,False,8475798,2024,Mikael Granlund,DAL,C,83.0,96860.0,47.21,0.46,0.42,0.49,0.44,22.0,31.0,13.0,18.6,9.0,23.0,169.0,20.0,57.0,19.0,79.0,26.0,16.0,14.0,60.0,359.0,365.0,94.47,110.53,1678.0,1772.0,115.0,145.0,280.0,256.0,289.0,69971.0,11.0,18.0,7.0,10.4,48.11,65.58,1065.0,1358.0,13560.0,4.0,5.0,5.0,4.68,25.28,4.41,398.0,60.0,7306.0,1.0,0.0,0.0,0.63,1.15,17.9,19.0,222.0,,,,,,,,,,,,,,
William Borgen,D,NYR                  NYR,28.0,2025,2029,5,"$20,500,000","$4,100,000",4100000.0,2024,8478840,exact,False,8478840,2024,Will Borgen,NYR,D,84.0,86091.0,9.78,0.42,0.49,0.44,0.51,5.0,4.0,6.0,3.01,1.0,2.0,81.0,7.0,122.0,22.0,73.0,52.0,12.0,13.0,117.0,0.0,0.0,54.11,75.83,1227.0,1580.0,58.0,88.0,127.0,241.0,341.0,78022.0,4.0,4.0,6.0,2.58,48.27,60.23,1163.0,1361.0,426.0,0.0,0.0,0.0,0.34,0.38,0.0,6.0,1.0,6169.0,1.0,0.0,0.0,0.05,2.32,13.39,40.0,190.0,,,,,,,,,,,,,,
Evander Kane,LW,VAN                  VAN,30.0,2022,2025,4,"$20,500,000","$5,125,000",5125000.0,2021,8475169,exact,False,8475169,2021,Evander Kane,EDM,L,43.0,50182.0,43.48,0.58,0.51,0.57,0.49,22.0,9.0,8.0,18.53,6.0,15.0,152.0,13.0,135.0,16.0,27.0,11.0,13.0,25.0,11.0,9.0,11.0,60.22,42.95,977.0,751.0,66.0,41.0,136.0,90.0,176.0,41644.0,12.0,5.0,8.0,11.1,34.76,32.72,737.0,665.0,6040.0,3.0,1.0,0.0,2.13,14.15,1.86,188.0,28.0,868.0,2.0,1.0,0.0,0.37,0.67,2.06,9.0,17.0,,,,,,,,,,,,,,
Marcus Pettersson,D,VAN                  VAN,23.0,2020,2024,5,"$20,125,875","$4,025,175",4025175.0,2019,8477969,exact,False,8477969,2019,Marcus Pettersson,PIT,D,69.0,80178.0,28.02,0.52,0.53,0.51,0.52,2.0,9.0,11.0,2.96,0.0,1.0,79.0,3.0,105.0,17.0,38.0,28.0,8.0,16.0,84.0,0.0,0.0,57.45,53.01,1203.0,1152.0,52.0,51.0,225.0,188.0,225.0,69051.0,2.0,7.0,6.0,2.54,44.95,39.65,1042.0,964.0,3567.0,0.0,1.0,1.0,0.31,5.72,0.59,83.0,12.0,5147.0,0.0,0.0,0.0,0.02,1.45,7.25,21.0,113.0,,,,,,,,,,,,,,
Ryan McLeod,C,BUF                  BUF,25.0,2025,2028,4,"$20,000,000","$5,000,000",5000000.0,2024,8480802,exact,False,8480802,2024,Ryan McLeod,BUF,C,79.0,79759.0,44.31,0.42,0.51,0.46,0.51,20.0,18.0,15.0,16.71,9.0,19.0,98.0,10.0,17.0,26.0,70.0,31.0,10.0,8.0,35.0,630.0,574.0,59.72,82.59,1176.0,1405.0,55.0,92.0,212.0,370.0,295.0,62472.0,12.0,14.0,12.0,9.35,38.78,46.9,966.0,1011.0,2075.0,0.0,1.0,1.0,0.16,2.96,0.53,48.0,8.0,10627.0,2.0,2.0,1.0,1.01,3.29,20.89,60.0,266.0,,,,,,,,,,,,,,
Johnathan Kovacevic,D,NJD                  NJD,27.0,2025,2029,5,"$20,000,000","$4,000,000",4000000.0,2024,8480192,exact,False,8480192,2024,Johnathan Kovacevic,NJD,D,81.0,96296.0,23.05,0.47,0.56,0.46,0.54,1.0,10.0,6.0,3.8,0.0,1.0,76.0,7.0,102.0,28.0,100.0,68.0,12.0,30.0,99.0,0.0,0.0,69.14,77.17,1318.0,1562.0,84.0,91.0,121.0,358.0,341.0,81806.0,1.0,9.0,6.0,2.73,55.49,47.44,1245.0,1176.0,333.0,0.0,0.0,0.0,0.0,0.41,0.0,5.0,0.0,11531.0,0.0,0.0,0.0,0.13,3.83,24.38,42.0,318.0,,,,,,,,,,,,,,
Colton Sissons,C,VGK                  VGK,25.0,2019,2025,7,"$20,000,000","$2,857,143",2857143.0,2019,8476925,exact,False,8476925,2019,Colton Sissons,NSH,C,57.0,48889.0,10.84,0.39,0.53,0.4,0.54,9.0,5.0,1.0,5.79,4.0,7.0,52.0,3.0,84.0,15.0,25.0,15.0,5.0,10.0,41.0,283.0,269.0,25.38,39.78,589.0,891.0,23.0,31.0,75.0,322.0,168.0,38794.0,8.0,5.0,0.0,4.65,17.77,21.6,520.0,620.0,648.0,0.0,0.0,0.0,0.01,0.08,0.39,8.0,4.0,7864.0,1.0,0.0,0.0,1.07,2.2,13.95,31.0,227.0,,,,,,,,,,,,,,
Dylan Demelo,D,WPG                  WPG,31.0,2024,2027,4,"$19,600,000","$4,900,000",4900000.0,2023,8476331,exact,False,8476331,2023,Dylan DeMelo,WPG,D,82.0,106910.0,39.93,0.47,0.53,0.45,0.53,3.0,12.0,16.0,3.15,0.0,1.0,83.0,8.0,166.0,14.0,60.0,56.0,10.0,18.0,139.0,0.0,0.0,83.92,95.78,1612.0,1942.0,92.0,106.0,293.0,359.0,321.0,91405.0,3.0,11.0,16.0,2.51,70.75,64.89,1530.0,1471.0,389.0,0.0,1.0,0.0,0.0,0.86,0.0,8.0,0.0,12048.0,0.0,0.0,0.0,0.48,2.11,24.45,41.0,365.0,,,,,,,,,,,,,,
Sam Malinski,D,COL                  COL,27.0,2026,2029,4,"$19,000,000","$4,750,000",4750000.0,2024,8484258,exact,False,8484258,2024,Sam Malinski,COL,D,76.0,72751.0,30.88,0.51,0.53,0.52,0.55,5.0,6.0,4.0,4.42,1.0,4.0,115.0,9.0,57.0,29.0,68.0,42.0,8.0,8.0,107.0,0.0,0.0,51.13,49.75,1230.0,1130.0,46.0,45.0,116.0,164.0,217.0,69003.0,4.0,5.0,4.0,3.9,44.71,42.68,1176.0,1065.0,1009.0,0.0,1.0,0.0,0.38,2.02,0.21,22.0,5.0,1271.0,0.0,0.0,0.0,0.0,0.04,0.76,2.0,21.0,,,,,,,,,,,,,,
Pavel Zacha,C,BOS                  BOS,25.0,2023,2026,4,"$19,000,000","$4,750,000",4750000.0,2022,8478401,exact,False,8478401,2022,Pavel Zacha,BOS,C,82.0,78995.0,53.05,0.54,0.54,0.52,0.51,21.0,18.0,18.0,16.91,5.0,17.0,131.0,10.0,67.0,31.0,35.0,15.0,8.0,8.0,21.0,134.0,162.0,72.28,62.14,1262.0,1172.0,73.0,59.0,277.0,166.0,228.0,62450.0,15.0,12.0,16.0,10.62,48.3,48.36,967.0,961.0,8091.0,3.0,5.0,0.0,3.13,12.54,2.33,204.0,33.0,6152.0,0.0,1.0,0.0,1.16,2.06,6.42,37.0,114.0,,,,,,,,,,,,,,
Ben Chiarot,D,DET                  DET,30.0,2022,2025,4,"$19,000,000","$4,750,000",4750000.0,2021,8475279,exact,False,8475279,2021,Ben Chiarot,FLA,D,74.0,101449.0,27.63,0.43,0.51,0.45,0.53,9.0,11.0,6.0,6.13,1.0,5.0,143.0,12.0,157.0,20.0,69.0,63.0,6.0,24.0,130.0,0.0,0.0,78.06,102.38,1467.0,1792.0,80.0,109.0,190.0,345.0,346.0,81847.0,6.0,8.0,4.0,4.35,60.85,65.82,1268.0,1310.0,4298.0,2.0,0.0,1.0,0.57,6.25,1.2,81.0,17.0,12317.0,0.0,0.0,0.0,0.39,3.21,27.08,49.0,377.0,,,,,,,,,,,,,,
Ilya Mikheyev,LW,CHI                  CHI,27.0,2022,2025,4,"$19,000,000","$4,750,000",4750000.0,2021,8481624,exact,False,8481624,2021,Ilya Mikheyev,TOR,R,53.0,48524.0,43.66,0.59,0.56,0.55,0.54,21.0,8.0,3.0,17.15,6.0,16.0,147.0,8.0,52.0,24.0,26.0,8.0,10.0,7.0,18.0,0.0,2.0,46.9,32.03,771.0,627.0,47.0,33.0,109.0,168.0,174.0,39419.0,11.0,6.0,2.0,10.52,31.19,24.39,639.0,497.0,3426.0,4.0,0.0,1.0,1.71,6.05,0.35,72.0,10.0,4222.0,4.0,0.0,0.0,2.12,3.61,5.33,39.0,86.0,,,,,,,,,,,,,,
Artem Zub,D,OTT                  OTT,27.0,2023,2026,4,"$18,400,000","$4,600,000",4600000.0,2022,8482245,exact,False,8482245,2022,Artem Zub,OTT,D,53.0,64405.0,11.27,0.48,0.54,0.47,0.53,3.0,1.0,6.0,2.4,2.0,3.0,41.0,6.0,131.0,8.0,31.0,26.0,8.0,18.0,67.0,0.0,0.0,51.8,56.17,926.0,1053.0,50.0,59.0,112.0,188.0,236.0,56685.0,1.0,1.0,5.0,1.15,42.67,38.86,861.0,862.0,336.0,0.0,0.0,0.0,0.0,0.4,0.01,4.0,1.0,4513.0,0.0,0.0,0.0,0.0,1.46,9.69,17.0,127.0,,,,,,,,,,,,,,
Cam Fowler,D,STL                  STL,33.0,2026,2028,3,"$18,300,000","$6,100,000",6100000.0,2024,8475764,exact,False,8475764,2024,Cam Fowler,STL,D,68.0,87896.0,40.05,0.49,0.47,0.51,0.47,9.0,17.0,14.0,5.12,3.0,5.0,88.0,7.0,8.0,16.0,63.0,35.0,1.0,7.0,87.0,0.0,0.0,72.51,76.18,1455.0,1425.0,79.0,95.0,242.0,288.0,263.0,73311.0,6.0,13.0,7.0,3.31,49.79,50.41,1173.0,1145.0,5976.0,2.0,0.0,5.0,1.29,11.63,1.39,163.0,21.0,4508.0,0.0,0.0,0.0,0.0,1.33,13.07,14.0,165.0,,,,,,,,,,,,,,
Mathieu Olivier,RW,CBJ                  CBJ,28.0,2025,2030,6,"$18,000,000","$3,000,000",3000000.0,2024,8479671,exact,False,8479671,2024,Mathieu Olivier,CBJ,R,82.0,71139.0,19.45,0.46,0.48,0.43,0.5,18.0,6.0,8.0,13.35,3.0,16.0,111.0,16.0,306.0,22.0,49.0,19.0,26.0,42.0,80.0,14.0,22.0,51.47,59.99,983.0,1312.0,64.0,69.0,172.0,205.0,290.0,63717.0,16.0,6.0,7.0,11.31,44.16,46.73,917.0,1149.0,1058.0,0.0,0.0,0.0,0.15,0.4,0.03,16.0,4.0,4333.0,1.0,0.0,1.0,0.39,1.12,9.13,13.0,102.0,,,,,,,,,,,,,,
Sean Walker,D,CAR                  CAR,29.0,2024,2028,5,"$18,000,000","$3,600,000",3600000.0,2023,8480336,exact,False,8480336,2023,Sean Walker,COL,D,81.0,93466.0,47.1,0.49,0.51,0.51,0.53,10.0,9.0,10.0,7.76,0.0,5.0,150.0,17.0,118.0,41.0,25.0,19.0,7.0,23.0,127.0,0.0,0.0,73.98,76.02,1683.0,1635.0,74.0,69.0,163.0,284.0,236.0,78321.0,8.0,8.0,9.0,4.62,62.91,55.44,1515.0,1299.0,2449.0,0.0,1.0,0.0,0.56,2.25,0.46,58.0,14.0,9437.0,2.0,0.0,1.0,0.63,3.22,13.53,56.0,231.0,,,,,,,,,,,,,,
Ryan O'Reilly,C,NSH                  NSH,32.0,2023,2026,4,"$18,000,000","$4,500,000",4500000.0,2022,8475158,exact,False,8475158,2022,Ryan O'Reilly,TOR,C,53.0,57046.0,29.18,0.45,0.48,0.49,0.47,16.0,8.0,6.0,13.45,7.0,19.0,102.0,9.0,18.0,46.0,10.0,6.0,8.0,8.0,23.0,499.0,396.0,50.09,61.87,880.0,898.0,59.0,64.0,142.0,240.0,184.0,44450.0,11.0,5.0,5.0,9.47,36.26,32.9,675.0,673.0,5685.0,1.0,3.0,1.0,0.95,5.67,2.04,137.0,23.0,4612.0,1.0,0.0,0.0,1.5,2.21,12.51,23.0,131.0,,,,,,,,,,,,,,
Mason Marchment,LW,CBJ                  CBJ,26.0,2022,2025,4,"$18,000,000","$4,500,000",4500000.0,2021,8478975,exact,False,8478975,2021,Mason Marchment,FLA,L,54.0,45744.0,58.84,0.65,0.55,0.62,0.54,18.0,15.0,14.0,18.11,6.0,20.0,121.0,13.0,114.0,25.0,17.0,3.0,23.0,20.0,9.0,11.0,29.0,52.68,27.96,861.0,533.0,57.0,27.0,103.0,106.0,168.0,42222.0,15.0,11.0,14.0,14.6,42.76,23.28,762.0,496.0,2672.0,1.0,1.0,0.0,1.03,5.12,0.75,77.0,10.0,98.0,0.0,0.0,0.0,0.0,0.0,0.68,0.0,6.0,,,,,,,,,,,,,,
Josh Manson,D,COL                  COL,30.0,2022,2025,4,"$18,000,000","$4,500,000",4500000.0,2021,8476312,exact,False,8476312,2021,Josh Manson,COL,D,67.0,76290.0,18.25,0.42,0.52,0.45,0.51,6.0,4.0,6.0,4.67,2.0,3.0,92.0,5.0,179.0,38.0,43.0,33.0,13.0,29.0,70.0,0.0,0.0,45.96,64.54,1055.0,1279.0,40.0,53.0,115.0,296.0,257.0,65886.0,6.0,4.0,5.0,4.06,40.55,43.21,1001.0,984.0,128.0,0.0,0.0,0.0,0.0,0.07,0.0,1.0,0.0,8201.0,0.0,0.0,0.0,0.23,2.04,12.49,29.0,218.0,,,,,,,,,,,,,,
Alexander Wennberg,C,SJS                  SJS,31.0,2026,2028,3,"$18,000,000","$6,000,000",6000000.0,2024,8477505,exact,False,8477505,2024,Alexander Wennberg,SJS,C,77.0,87120.0,27.62,0.48,0.4,0.51,0.43,10.0,13.0,12.0,12.73,2.0,13.0,82.0,12.0,30.0,38.0,41.0,6.0,20.0,7.0,80.0,508.0,561.0,81.22,89.1,1522.0,1465.0,95.0,120.0,263.0,236.0,268.0,62702.0,5.0,10.0,7.0,4.31,35.65,46.09,948.0,1070.0,11791.0,2.0,3.0,2.0,3.55,23.12,3.05,317.0,46.0,6338.0,0.0,0.0,0.0,0.28,0.81,16.56,24.0,213.0,,,,,,,,,,,,,,
Cody Ceci,D,LAK                  LAK,31.0,2025,2028,4,"$18,000,000","$4,500,000",4500000.0,2024,8476879,exact,False,8476879,2024,Cody Ceci,DAL,D,85.0,108180.0,7.25,0.35,0.48,0.39,0.5,4.0,6.0,14.0,3.5,0.0,3.0,90.0,3.0,76.0,23.0,77.0,50.0,10.0,12.0,155.0,0.0,0.0,67.34,122.38,1436.0,2257.0,65.0,143.0,155.0,377.0,361.0,92424.0,4.0,5.0,12.0,2.97,55.58,84.04,1345.0,1779.0,515.0,0.0,0.0,0.0,0.05,0.1,0.03,10.0,1.0,11870.0,0.0,0.0,1.0,0.33,2.2,28.95,37.0,358.0,,,,,,,,,,,,,,
Ryan Lindgren,D,SEA                  SEA,27.0,2025,2028,4,"$18,000,000","$4,500,000",4500000.0,2024,8479324,exact,False,8479324,2024,Ryan Lindgren,COL,D,72.0,85121.0,23.13,0.42,0.53,0.45,0.54,4.0,5.0,13.0,3.72,0.0,1.0,63.0,4.0,80.0,12.0,72.0,43.0,14.0,20.0,128.0,0.0,0.0,58.89,82.01,1263.0,1545.0,57.0,110.0,202.0,287.0,268.0,72243.0,4.0,4.0,11.0,2.63,49.2,53.67,1178.0,1172.0,67.0,0.0,0.0,0.0,0.0,0.01,0.02,1.0,1.0,10263.0,0.0,1.0,1.0,0.15,2.71,20.6,45.0,284.0,,,,,,,,,,,,,,
Matt Duchene,C,DAL                  DAL,34.0,2025,2028,4,"$18,000,000","$4,500,000",4500000.0,2024,8475168,exact,False,8475168,2024,Matt Duchene,DAL,C,82.0,84343.0,69.8,0.57,0.49,0.55,0.48,30.0,26.0,26.0,21.23,8.0,21.0,152.0,21.0,29.0,21.0,78.0,23.0,8.0,6.0,21.0,440.0,400.0,98.69,73.4,1612.0,1302.0,113.0,81.0,291.0,174.0,244.0,67455.0,19.0,14.0,14.0,13.22,58.42,53.63,1152.0,1152.0,12094.0,8.0,10.0,9.0,4.48,26.06,2.43,350.0,46.0,356.0,0.0,0.0,0.0,0.0,0.09,0.6,1.0,11.0,,,,,,,,,,,,,,
Filip Chytil,LW,VAN                  VAN,23.0,2023,2026,4,"$17,750,000","$4,437,500",4437500.0,2022,8480078,exact,False,8480078,2022,Filip Chytil,NYR,C,74.0,65196.0,49.04,0.53,0.5,0.54,0.5,22.0,16.0,7.0,18.25,6.0,14.0,177.0,10.0,36.0,30.0,35.0,13.0,18.0,14.0,38.0,251.0,380.0,53.62,46.96,1068.0,918.0,44.0,53.0,150.0,71.0,173.0,56930.0,17.0,13.0,5.0,14.25,36.8,40.37,857.0,836.0,5872.0,1.0,0.0,2.0,1.42,8.11,0.82,133.0,30.0,181.0,0.0,0.0,0.0,0.0,0.03,0.26,2.0,2.0,,,,,,,,,,,,,,
Connor Murphy,D,EDM                  EDM,28.0,2022,2025,4,"$17,600,000","$4,400,000",4400000.0,2021,8476473,exact,False,8476473,2021,Connor Murphy,CHI,D,57.0,74428.0,3.57,0.41,0.52,0.39,0.51,4.0,2.0,4.0,2.04,0.0,0.0,71.0,4.0,130.0,19.0,47.0,43.0,9.0,22.0,150.0,0.0,0.0,40.98,58.93,884.0,1404.0,35.0,54.0,100.0,247.0,249.0,63374.0,4.0,2.0,4.0,1.91,31.27,37.51,825.0,1058.0,186.0,0.0,0.0,0.0,0.0,0.15,0.01,2.0,1.0,8775.0,0.0,0.0,0.0,0.1,1.89,15.2,32.0,268.0,,,,,,,,,,,,,,
John Tavares,C,TOR                  TOR,34.0,2025,2028,4,"$17,557,120","$4,389,280",4389280.0,2024,8475166,exact,False,8475166,2024,John Tavares,TOR,C,75.0,82015.0,63.11,0.57,0.45,0.53,0.44,38.0,20.0,16.0,32.37,17.0,47.0,200.0,25.0,92.0,24.0,69.0,21.0,15.0,23.0,45.0,762.0,546.0,101.29,75.95,1497.0,1333.0,134.0,82.0,300.0,187.0,225.0,64626.0,20.0,15.0,6.0,16.23,44.81,45.51,954.0,1139.0,12170.0,10.0,3.0,5.0,9.16,35.3,4.22,380.0,61.0,82.0,0.0,0.0,0.0,0.0,0.01,0.04,1.0,2.0,,,,,,,,,,,,,,
Sidney Crosby,C,PIT                  PIT,37.0,2025,2026,2,"$17,400,000","$8,700,000",8700000.0,2024,8471675,exact,False,8471675,2024,Sidney Crosby,PIT,C,80.0,97798.0,90.37,0.56,0.43,0.57,0.46,33.0,33.0,25.0,30.2,8.0,34.0,227.0,34.0,67.0,29.0,86.0,24.0,17.0,14.0,39.0,1016.0,766.0,121.41,95.01,2007.0,1512.0,156.0,110.0,441.0,152.0,399.0,78079.0,16.0,23.0,17.0,16.94,66.57,63.05,1418.0,1284.0,14544.0,9.0,8.0,6.0,7.32,36.9,4.73,439.0,81.0,311.0,0.0,0.0,0.0,0.0,0.15,1.38,1.0,10.0,,,,,,,,,,,,,,
Jacob Middleton,D,MIN                  MIN,28.0,2025,2028,4,"$17,400,000","$4,350,000",4350000.0,2024,8478136,exact,False,8478136,2024,Jake Middleton,MIN,D,67.0,87935.0,17.82,0.43,0.54,0.41,0.51,8.0,7.0,6.0,4.97,1.0,3.0,97.0,11.0,99.0,21.0,64.0,46.0,15.0,17.0,157.0,0.0,0.0,59.29,78.46,1217.0,1758.0,62.0,78.0,133.0,252.0,280.0,76987.0,8.0,7.0,4.0,4.79,47.93,53.35,1155.0,1385.0,327.0,0.0,0.0,0.0,0.0,0.02,0.1,4.0,3.0,7741.0,0.0,0.0,0.0,0.17,0.57,17.67,20.0,269.0,,,,,,,,,,,,,,
Dylan Samberg,D,WPG                  WPG,26.0,2025,2027,3,"$17,250,000","$5,750,000",5750000.0,2024,8480049,exact,False,8480049,2024,Dylan Samberg,WPG,D,60.0,76095.0,34.43,0.51,0.56,0.47,0.52,6.0,10.0,4.0,3.17,0.0,0.0,95.0,6.0,56.0,33.0,64.0,52.0,5.0,8.0,120.0,0.0,0.0,60.15,58.0,1171.0,1327.0,68.0,59.0,97.0,284.0,219.0,65150.0,5.0,7.0,3.0,2.49,47.38,39.93,1101.0,1003.0,331.0,0.0,1.0,0.0,0.19,0.73,0.07,8.0,1.0,8452.0,0.0,0.0,0.0,0.05,0.85,11.99,22.0,238.0,,,,,,,,,,,,,,
Casey Mittelstadt,C,BOS                  BOS,25.0,2024,2026,3,"$17,250,000","$5,750,000",5750000.0,2023,8479999,exact,False,8479999,2023,Casey Mittelstadt,COL,C,80.0,85102.0,54.16,0.56,0.47,0.57,0.49,18.0,19.0,20.0,15.58,4.0,15.0,127.0,9.0,26.0,45.0,42.0,11.0,8.0,15.0,31.0,529.0,595.0,85.79,68.52,1557.0,1176.0,91.0,94.0,349.0,190.0,256.0,69329.0,13.0,15.0,15.0,8.65,50.27,48.65,1111.0,1016.0,10695.0,3.0,1.0,4.0,3.21,17.96,3.25,288.0,54.0,419.0,0.0,0.0,0.0,0.0,0.0,0.17,0.0,9.0,,,,,,,,,,,,,,
Trevor Zegras,C,PHI                  PHI,22.0,2023,2025,3,"$17,250,000","$5,750,000",5750000.0,2022,8481533,exact,False,8481533,2022,Trevor Zegras,ANA,C,81.0,91500.0,47.91,0.48,0.36,0.54,0.39,23.0,24.0,18.0,15.24,6.0,11.0,184.0,9.0,46.0,31.0,75.0,18.0,27.0,29.0,29.0,237.0,336.0,82.79,87.96,1612.0,1369.0,74.0,95.0,375.0,86.0,301.0,74669.0,16.0,18.0,7.0,10.96,51.08,70.48,1104.0,1250.0,13225.0,4.0,5.0,8.0,2.54,23.15,4.08,389.0,48.0,61.0,0.0,0.0,0.0,0.0,0.0,0.0,0.0,0.0,,,,,,,,,,,,,,
Jonas Siegenthaler,D,NJD                  NJD,25.0,2023,2027,5,"$17,000,000","$3,400,000",3400000.0,2022,8478399,exact,False,8478399,2022,Jonas Siegenthaler,NJD,D,80.0,96739.0,37.75,0.5,0.59,0.49,0.56,4.0,7.0,10.0,3.22,1.0,1.0,84.0,7.0,101.0,29.0,36.0,32.0,14.0,22.0,151.0,0.0,0.0,79.54,79.2,1569.0,1643.0,80.0,79.0,201.0,278.0,286.0,83283.0,3.0,7.0,9.0,2.47,67.47,55.6,1482.0,1308.0,476.0,1.0,0.0,0.0,0.33,0.62,0.08,7.0,1.0,10372.0,0.0,0.0,0.0,0.3,2.67,18.86,40.0,277.0,,,,,,,,,,,,,,
Tanner Jeannot,LW,BOS                  BOS,28.0,2025,2029,5,"$17,000,000","$3,400,000",3400000.0,2024,8479661,exact,False,8479661,2024,Tanner Jeannot,LAK,L,67.0,44287.0,13.98,0.54,0.54,0.5,0.53,7.0,2.0,4.0,8.76,4.0,13.0,56.0,11.0,211.0,3.0,36.0,12.0,19.0,25.0,37.0,8.0,10.0,28.42,24.45,667.0,660.0,32.0,13.0,101.0,58.0,143.0,43705.0,7.0,2.0,4.0,8.31,27.14,24.19,654.0,654.0,244.0,0.0,0.0,0.0,0.02,0.05,0.02,8.0,1.0,38.0,0.0,0.0,0.0,0.0,0.0,0.0,0.0,0.0,,,,,,,,,,,,,,
Aliaksei Protas,C,WAS                  WAS,23.0,2024,2028,5,"$16,875,000","$3,375,000",3375000.0,2023,8481656,exact,False,8481656,2023,Aliaksei Protas,WSH,C,78.0,64332.0,28.23,0.48,0.47,0.46,0.47,6.0,13.0,10.0,13.36,1.0,17.0,113.0,23.0,34.0,44.0,33.0,17.0,10.0,4.0,49.0,42.0,62.0,47.58,52.37,951.0,1132.0,54.0,58.0,131.0,201.0,252.0,57809.0,6.0,12.0,10.0,11.21,42.04,40.0,900.0,950.0,1101.0,0.0,0.0,0.0,0.99,1.41,0.8,20.0,9.0,3907.0,0.0,1.0,0.0,0.31,0.85,5.42,10.0,122.0,,,,,,,,,,,,,,
William Eklund,LW,SJS                  SJS,22.0,2026,2028,3,"$16,800,000","$5,600,000",5600000.0,2024,8482667,exact,False,8482667,2024,William Eklund,SJS,L,77.0,90336.0,55.04,0.51,0.39,0.54,0.42,17.0,28.0,13.0,22.93,6.0,24.0,151.0,12.0,54.0,15.0,75.0,22.0,21.0,8.0,46.0,11.0,25.0,90.36,85.7,1705.0,1443.0,106.0,110.0,231.0,211.0,275.0,67744.0,9.0,17.0,7.0,12.18,46.33,49.8,1129.0,1127.0,11452.0,3.0,4.0,3.0,4.8,20.0,2.8,333.0,48.0,5391.0,1.0,2.0,0.0,0.23,1.03,13.45,19.0,153.0,,,,,,,,,,,,,,
Zach Whitecloud,D,CGY                  CGY,25.0,2022,2027,6,"$16,500,000","$2,750,000",2750000.0,2021,8480727,exact,False,8480727,2021,Zach Whitecloud,VGK,D,59.0,66551.0,32.55,0.49,0.54,0.48,0.55,8.0,8.0,3.0,4.18,0.0,3.0,94.0,7.0,98.0,13.0,26.0,22.0,5.0,10.0,115.0,0.0,0.0,51.6,53.01,1007.0,1077.0,46.0,51.0,136.0,176.0,214.0,59291.0,7.0,8.0,3.0,3.82,44.35,36.0,960.0,860.0,261.0,0.0,0.0,0.0,0.0,0.08,0.0,5.0,1.0,5716.0,1.0,0.0,0.0,0.27,1.61,13.83,15.0,182.0,,,,,,,,,,,,,,
Dante Fabbro,D,CBJ                  CBJ,27.0,2025,2028,4,"$16,500,000","$4,125,000",4125000.0,2024,8479371,exact,False,8479371,2024,Dante Fabbro,CBJ,D,68.0,85254.0,33.33,0.49,0.48,0.48,0.5,9.0,5.0,12.0,3.24,0.0,1.0,89.0,6.0,67.0,24.0,78.0,55.0,11.0,19.0,143.0,0.0,0.0,71.28,72.99,1406.0,1535.0,92.0,82.0,185.0,222.0,288.0,76770.0,8.0,5.0,11.0,2.98,63.44,54.94,1350.0,1312.0,292.0,0.0,0.0,0.0,0.01,0.34,0.0,7.0,0.0,5925.0,0.0,0.0,0.0,0.09,1.38,12.97,24.0,168.0,,,,,,,,,,,,,,
Adam Lowry,LW,WPG                  WPG,27.0,2021,2025,5,"$16,250,000","$3,250,000",3250000.0,2020,8476392,exact,False,8476392,2020,Adam Lowry,WPG,C,52.0,48508.0,22.34,0.39,0.51,0.43,0.51,10.0,7.0,7.0,10.11,2.0,12.0,81.0,4.0,161.0,16.0,13.0,11.0,10.0,5.0,30.0,358.0,357.0,29.5,45.55,626.0,831.0,30.0,45.0,113.0,229.0,175.0,37588.0,9.0,6.0,6.0,6.85,21.38,26.59,515.0,572.0,2401.0,0.0,1.0,1.0,2.3,3.72,0.55,75.0,14.0,7336.0,1.0,0.0,0.0,0.37,1.63,11.65,29.0,192.0,,,,,,,,,,,,,,
Teuvo Teravainen,C,CHI                  CHI,29.0,2024,2026,3,"$16,200,000","$5,400,000",5400000.0,2023,8476882,exact,False,8476882,2023,Teuvo Teravainen,CAR,L,76.0,74792.0,66.57,0.61,0.55,0.62,0.58,25.0,16.0,12.0,17.22,8.0,18.0,142.0,11.0,16.0,40.0,40.0,11.0,4.0,5.0,26.0,66.0,74.0,81.96,51.97,1506.0,908.0,97.0,59.0,285.0,153.0,217.0,55492.0,14.0,7.0,4.0,9.05,42.09,33.93,1068.0,729.0,9764.0,9.0,2.0,5.0,6.67,26.01,2.13,331.0,28.0,7561.0,1.0,3.0,0.0,0.61,2.42,9.74,47.0,115.0,,,,,,,,,,,,,,
Ryan Donato,C,CHI                  CHI,29.0,2025,2028,4,"$16,000,000","$4,000,000",4000000.0,2024,8477987,exact,False,8477987,2024,Ryan Donato,CHI,C,80.0,78284.0,47.23,0.48,0.4,0.5,0.41,31.0,25.0,6.0,20.68,9.0,20.0,182.0,13.0,104.0,23.0,48.0,17.0,15.0,14.0,18.0,234.0,291.0,68.49,75.22,1238.0,1256.0,83.0,92.0,216.0,153.0,231.0,66209.0,23.0,15.0,3.0,13.07,41.56,51.3,941.0,1145.0,8582.0,3.0,7.0,2.0,2.21,13.39,2.32,188.0,34.0,198.0,0.0,0.0,0.0,0.0,0.0,0.89,0.0,3.0,,,,,,,,,,,,,,
Noah Cates,LW,PHI                  PHI,26.0,2025,2028,4,"$16,000,000","$4,000,000",4000000.0,2024,8480220,exact,False,8480220,2024,Noah Cates,PHI,L,78.0,74306.0,35.01,0.49,0.52,0.47,0.49,16.0,14.0,7.0,18.15,6.0,25.0,110.0,12.0,87.0,21.0,32.0,11.0,13.0,7.0,54.0,493.0,612.0,60.77,63.06,1059.0,1191.0,74.0,68.0,156.0,326.0,303.0,60062.0,14.0,9.0,5.0,13.54,42.95,38.29,865.0,903.0,4227.0,1.0,2.0,0.0,1.71,5.93,1.01,98.0,15.0,6776.0,0.0,0.0,0.0,0.4,1.19,15.01,21.0,176.0,,,,,,,,,,,,,,
Marcus Foligno,LW,MIN                  MIN,32.0,2024,2027,4,"$16,000,000","$4,000,000",4000000.0,2023,8475220,exact,False,8475220,2023,Marcus Foligno,MIN,L,55.0,47791.0,24.16,0.45,0.53,0.45,0.52,10.0,8.0,4.0,8.83,4.0,10.0,56.0,4.0,179.0,26.0,18.0,8.0,18.0,19.0,40.0,7.0,11.0,33.54,40.27,674.0,814.0,37.0,46.0,111.0,229.0,172.0,38245.0,8.0,6.0,4.0,6.42,23.07,21.28,595.0,547.0,1653.0,0.0,0.0,0.0,0.83,4.69,0.27,39.0,7.0,6898.0,0.0,1.0,0.0,0.27,1.29,16.9,23.0,232.0,,,,,,,,,,,,,,
Ross Colton,C,COL                  COL,26.0,2023,2026,4,"$16,000,000","$4,000,000",4000000.0,2022,8479525,exact,False,8479525,2022,Ross Colton,TBL,C,81.0,60027.0,39.46,0.53,0.52,0.56,0.5,16.0,10.0,6.0,17.5,6.0,18.0,153.0,15.0,188.0,38.0,20.0,6.0,17.0,17.0,28.0,106.0,83.0,49.47,43.43,1055.0,829.0,43.0,51.0,185.0,136.0,250.0,53758.0,12.0,8.0,3.0,15.05,39.96,41.23,901.0,802.0,5758.0,3.0,2.0,3.0,1.99,7.54,1.46,131.0,19.0,12.0,0.0,0.0,0.0,0.0,0.0,0.0,0.0,0.0,,,,,,,,,,,,,,
Erik Gudbranson,D,CBJ                  CBJ,29.0,2022,2025,4,"$16,000,000","$4,000,000",4000000.0,2021,8475790,exact,False,8475790,2021,Erik Gudbranson,CGY,D,78.0,84892.0,42.07,0.45,0.6,0.5,0.58,6.0,5.0,6.0,3.61,0.0,0.0,129.0,8.0,145.0,20.0,42.0,40.0,13.0,24.0,92.0,0.0,0.0,56.07,69.46,1332.0,1316.0,38.0,80.0,166.0,258.0,171.0,69957.0,6.0,5.0,6.0,3.22,50.7,45.09,1260.0,930.0,338.0,0.0,0.0,0.0,0.0,0.15,0.07,4.0,3.0,12990.0,0.0,0.0,0.0,0.17,2.5,18.93,53.0,331.0,,,,,,,,,,,,,,
Nick Leddy,D,SJS                  SJS,30.0,2022,2025,4,"$16,000,000","$4,000,000",4000000.0,2021,8475181,exact,False,8475181,2021,Nick Leddy,STL,D,75.0,96386.0,9.73,0.47,0.48,0.48,0.47,3.0,6.0,15.0,2.71,0.0,0.0,71.0,4.0,37.0,30.0,33.0,21.0,5.0,11.0,67.0,0.0,0.0,73.15,83.47,1375.0,1465.0,78.0,71.0,193.0,185.0,334.0,84028.0,3.0,3.0,8.0,1.98,55.57,63.92,1128.0,1326.0,7917.0,0.0,0.0,6.0,0.34,12.36,2.24,190.0,31.0,1507.0,0.0,0.0,0.0,0.0,0.34,2.86,4.0,30.0,,,,,,,,,,,,,,
Adam Larsson,D,SEA                  SEA,28.0,2021,2024,4,"$16,000,000","$4,000,000",4000000.0,2020,8476457,exact,False,8476457,2020,Adam Larsson,EDM,D,56.0,66070.0,9.11,0.44,0.56,0.41,0.53,4.0,2.0,4.0,2.69,1.0,3.0,52.0,4.0,166.0,12.0,42.0,40.0,4.0,12.0,128.0,1.0,0.0,39.81,49.9,752.0,1104.0,35.0,44.0,68.0,236.0,216.0,56383.0,4.0,2.0,4.0,2.62,31.2,32.26,707.0,830.0,95.0,0.0,0.0,0.0,0.0,0.0,0.11,1.0,2.0,7622.0,0.0,0.0,0.0,0.04,1.71,12.95,25.0,213.0,,,,,,,,,,,,,,
Alex Iafallo,C,WPG                  WPG,27.0,2021,2024,4,"$16,000,000","$4,000,000",4000000.0,2020,8480113,exact,False,8480113,2020,Alex Iafallo,L.A,L,55.0,65633.0,34.07,0.49,0.43,0.53,0.46,14.0,9.0,7.0,14.18,6.0,17.0,120.0,9.0,26.0,15.0,9.0,4.0,6.0,2.0,39.0,2.0,5.0,50.25,53.21,1062.0,939.0,53.0,58.0,232.0,228.0,218.0,46809.0,9.0,6.0,6.0,8.35,25.92,25.68,685.0,635.0,9191.0,4.0,3.0,1.0,4.24,17.13,2.3,300.0,34.0,6234.0,0.0,0.0,0.0,0.06,0.51,15.04,10.0,204.0,,,,,,,,,,,,,,
Joel Edmundson,D,LAK                  LAK,31.0,2024,2027,4,"$15,400,000","$3,850,000",3850000.0,2023,8476441,exact,False,8476441,2023,Joel Edmundson,TOR,D,53.0,52998.0,5.8,0.42,0.48,0.43,0.49,1.0,2.0,3.0,2.49,0.0,1.0,46.0,3.0,80.0,9.0,36.0,33.0,5.0,11.0,65.0,0.0,0.0,35.2,48.79,765.0,1000.0,37.0,61.0,47.0,118.0,148.0,46752.0,1.0,2.0,3.0,2.35,33.32,35.8,734.0,807.0,76.0,0.0,0.0,0.0,0.0,0.02,0.0,2.0,0.0,5362.0,0.0,0.0,0.0,0.15,1.51,10.45,24.0,169.0,,,,,,,,,,,,,,
Ryan Poehling,C,ANA                  ANA,27.0,2026,2029,4,"$15,000,000","$3,750,000",3750000.0,2024,8480068,exact,False,8480068,2024,Ryan Poehling,PHI,C,68.0,56630.0,24.93,0.45,0.54,0.42,0.51,12.0,11.0,8.0,9.86,1.0,10.0,72.0,9.0,26.0,11.0,43.0,14.0,7.0,8.0,79.0,375.0,362.0,39.13,48.38,761.0,1036.0,38.0,49.0,89.0,213.0,226.0,47937.0,10.0,9.0,6.0,7.49,30.04,27.95,675.0,782.0,1145.0,2.0,0.0,0.0,0.33,0.82,0.29,17.0,6.0,5750.0,0.0,1.0,0.0,0.69,1.26,11.75,24.0,186.0,,,,,,,,,,,,,,
Marco Rossi,C,VAN                  VAN,23.0,2025,2027,3,"$15,000,000","$5,000,000",5000000.0,2024,8482079,exact,False,8482079,2024,Marco Rossi,MIN,C,82.0,89769.0,56.26,0.6,0.45,0.55,0.44,24.0,22.0,14.0,21.24,8.0,28.0,136.0,25.0,62.0,18.0,60.0,27.0,22.0,13.0,41.0,464.0,528.0,94.21,63.65,1663.0,1335.0,107.0,76.0,266.0,141.0,244.0,74566.0,14.0,14.0,7.0,13.74,53.72,47.48,1216.0,1211.0,11320.0,6.0,5.0,3.0,4.78,26.89,1.38,325.0,43.0,203.0,0.0,0.0,0.0,0.0,0.0,0.37,0.0,8.0,,,,,,,,,,,,,,
Logan O'Connor,C,COL                  COL,28.0,2025,2030,6,"$15,000,000","$2,500,000",2500000.0,2024,8481186,exact,False,8481186,2024,Logan O'Connor,COL,R,80.0,67793.0,29.57,0.47,0.54,0.48,0.55,10.0,5.0,6.0,11.96,2.0,12.0,89.0,8.0,68.0,17.0,32.0,10.0,23.0,10.0,50.0,27.0,43.0,41.99,47.68,1007.0,1088.0,39.0,49.0,105.0,266.0,287.0,56828.0,9.0,4.0,5.0,9.43,32.68,26.05,922.0,803.0,233.0,0.0,0.0,0.0,0.0,0.43,0.26,6.0,3.0,8985.0,0.0,1.0,0.0,1.01,2.4,14.2,46.0,214.0,,,,,,,,,,,,,,
Max Domi,LW,TOR                  TOR,29.0,2024,2027,4,"$15,000,000","$3,750,000",3750000.0,2023,8477503,exact,False,8477503,2023,Max Domi,TOR,C,80.0,66168.0,44.57,0.55,0.52,0.53,0.5,9.0,23.0,15.0,11.92,3.0,11.0,137.0,16.0,53.0,26.0,42.0,11.0,19.0,30.0,22.0,226.0,226.0,61.83,51.36,1222.0,1071.0,77.0,58.0,218.0,78.0,203.0,58982.0,8.0,23.0,13.0,8.75,47.06,44.51,1020.0,993.0,5657.0,1.0,0.0,1.0,2.01,11.01,2.98,154.0,36.0,20.0,0.0,0.0,0.0,0.0,0.01,0.0,1.0,0.0,,,,,,,,,,,,,,
Miles Wood,LW,CBJ                  CBJ,27.0,2023,2028,6,"$15,000,000","$2,500,000",2500000.0,2022,8477425,exact,False,8477425,2022,Miles Wood,NJD,L,76.0,55208.0,34.84,0.53,0.58,0.53,0.54,13.0,10.0,4.0,15.63,4.0,20.0,167.0,19.0,100.0,16.0,33.0,8.0,21.0,24.0,19.0,1.0,5.0,48.94,43.83,1003.0,898.0,50.0,46.0,149.0,152.0,188.0,49270.0,11.0,9.0,4.0,11.81,37.52,38.77,878.0,835.0,4970.0,2.0,1.0,0.0,3.57,8.95,1.22,113.0,34.0,112.0,0.0,0.0,0.0,0.0,0.0,0.03,0.0,2.0,,,,,,,,,,,,,,
Nicolas Roy,C,COL                  COL,24.0,2022,2026,5,"$15,000,000","$3,000,000",3000000.0,2021,8478462,exact,False,8478462,2021,Nicolas Roy,VGK,C,78.0,76092.0,47.99,0.52,0.51,0.54,0.52,15.0,19.0,5.0,21.82,6.0,31.0,145.0,23.0,85.0,34.0,38.0,12.0,9.0,19.0,34.0,454.0,477.0,74.07,68.73,1420.0,1191.0,81.0,83.0,256.0,238.0,249.0,59712.0,13.0,12.0,3.0,15.54,50.08,45.76,1097.0,927.0,8166.0,2.0,2.0,1.0,3.37,12.41,3.57,219.0,44.0,5878.0,0.0,1.0,0.0,0.58,1.98,9.72,29.0,171.0,,,,,,,,,,,,,,
Casey Cizikas,C,NYI                  NYI,29.0,2021,2026,6,"$15,000,000","$2,500,000",2500000.0,2020,8475231,exact,False,8475231,2020,Casey Cizikas,NYI,C,56.0,46495.0,10.1,0.44,0.56,0.38,0.52,7.0,5.0,2.0,7.43,1.0,7.0,72.0,4.0,112.0,12.0,16.0,9.0,13.0,12.0,25.0,342.0,297.0,23.57,29.85,483.0,782.0,26.0,22.0,84.0,223.0,198.0,39364.0,7.0,5.0,2.0,6.65,19.88,19.96,453.0,587.0,336.0,0.0,0.0,0.0,0.03,0.98,0.0,7.0,1.0,5500.0,0.0,0.0,0.0,0.38,0.84,7.61,13.0,160.0,,,,,,,,,,,,,,
Boone Jenner,C,CBJ                  CBJ,28.0,2022,2025,4,"$15,000,000","$3,750,000",3750000.0,2021,8476432,exact,False,8476432,2021,Boone Jenner,CBJ,C,59.0,72445.0,38.96,0.46,0.44,0.5,0.46,23.0,11.0,10.0,21.51,14.0,26.0,160.0,9.0,80.0,33.0,29.0,12.0,13.0,11.0,56.0,642.0,556.0,68.89,82.33,1228.0,1222.0,67.0,89.0,266.0,311.0,258.0,53415.0,14.0,8.0,8.0,10.95,35.61,50.4,815.0,955.0,10260.0,6.0,1.0,1.0,6.47,17.77,3.17,281.0,46.0,5116.0,0.0,0.0,0.0,0.77,1.66,13.19,32.0,141.0,,,,,,,,,,,,,,
Scott Laughton,C,LAK                  LAK,26.0,2021,2025,5,"$15,000,000","$3,000,000",3000000.0,2020,8476872,exact,False,8476872,2020,Scott Laughton,PHI,C,53.0,49016.0,24.53,0.43,0.51,0.47,0.54,9.0,9.0,2.0,7.15,3.0,8.0,89.0,7.0,141.0,20.0,17.0,8.0,9.0,13.0,34.0,211.0,220.0,30.02,39.17,667.0,761.0,26.0,39.0,126.0,170.0,182.0,41926.0,7.0,7.0,2.0,5.66,25.46,23.82,604.0,580.0,365.0,0.0,0.0,0.0,0.02,0.05,0.02,8.0,1.0,5705.0,1.0,0.0,0.0,0.51,1.26,10.69,30.0,148.0,,,,,,,,,,,,,,
Jean-Gabriel Pageau,C,NYI                  NYI,33.0,2026,2028,3,"$14,550,000","$4,850,000",4850000.0,2024,8476419,exact,False,8476419,2024,Jean-Gabriel Pageau,NYI,C,79.0,80567.0,49.4,0.48,0.49,0.5,0.5,14.0,17.0,11.0,20.58,4.0,25.0,120.0,17.0,140.0,25.0,47.0,20.0,14.0,6.0,57.0,589.0,399.0,73.45,80.15,1415.0,1440.0,78.0,94.0,235.0,272.0,243.0,61719.0,11.0,9.0,9.0,14.07,50.54,42.88,1111.0,1012.0,7142.0,2.0,1.0,2.0,2.65,9.01,1.32,169.0,34.0,7880.0,1.0,3.0,0.0,1.05,2.84,18.38,42.0,266.0,,,,,,,,,,,,,,
Anthony Duclair,LW,NYI                  NYI,28.0,2024,2027,4,"$14,000,000","$3,500,000",3500000.0,2023,8477407,exact,False,8477407,2023,Anthony Duclair,TBL,L,73.0,69089.0,27.95,0.49,0.4,0.48,0.42,24.0,10.0,8.0,18.97,6.0,24.0,129.0,20.0,49.0,36.0,17.0,4.0,14.0,12.0,35.0,17.0,29.0,60.71,62.87,1154.0,1255.0,68.0,68.0,212.0,158.0,265.0,59032.0,19.0,7.0,4.0,12.38,40.59,49.08,886.0,1147.0,7068.0,4.0,2.0,4.0,3.9,10.84,2.8,175.0,41.0,324.0,0.0,0.0,0.0,0.0,0.0,1.0,1.0,15.0,,,,,,,,,,,,,,
Oliver Ekman-Larsson,D,TOR                  TOR,32.0,2024,2027,4,"$14,000,000","$3,500,000",3500000.0,2023,8475171,exact,False,8475171,2023,Oliver Ekman-Larsson,FLA,D,80.0,88290.0,46.33,0.6,0.56,0.59,0.55,9.0,10.0,13.0,7.03,2.0,7.0,123.0,16.0,105.0,15.0,35.0,29.0,14.0,29.0,70.0,0.0,0.0,96.24,64.53,1736.0,1220.0,112.0,75.0,281.0,203.0,316.0,68687.0,7.0,3.0,7.0,4.05,51.57,44.03,1245.0,973.0,8864.0,1.0,5.0,4.0,1.94,30.22,2.91,342.0,39.0,6851.0,0.0,0.0,0.0,0.08,1.24,11.45,30.0,149.0,,,,,,,,,,,,,,
Yakov Trenin,C,MIN                  MIN,27.0,2024,2027,4,"$14,000,000","$3,500,000",3500000.0,2023,8478508,exact,False,8478508,2023,Yakov Trenin,COL,C,76.0,66455.0,26.18,0.48,0.53,0.47,0.53,12.0,3.0,2.0,15.64,5.0,19.0,116.0,10.0,207.0,44.0,33.0,13.0,10.0,12.0,36.0,99.0,121.0,49.38,53.96,1011.0,1122.0,52.0,57.0,82.0,248.0,234.0,56394.0,11.0,1.0,2.0,13.38,40.04,37.01,941.0,882.0,595.0,0.0,0.0,0.0,0.1,0.69,0.07,18.0,4.0,8326.0,0.0,1.0,0.0,0.63,1.58,15.56,30.0,216.0,,,,,,,,,,,,,,
Anze Kopitar,C,LAK                  LAK,35.0,2024,2025,2,"$14,000,000","$7,000,000",7000000.0,2023,8471685,exact,False,8471685,2023,Anze Kopitar,LAK,C,81.0,95539.0,72.41,0.55,0.52,0.54,0.52,26.0,29.0,15.0,18.21,8.0,23.0,133.0,16.0,37.0,49.0,37.0,18.0,12.0,6.0,65.0,859.0,701.0,100.45,81.56,1720.0,1437.0,133.0,98.0,315.0,294.0,281.0,67441.0,13.0,11.0,8.0,11.06,49.68,41.65,1131.0,991.0,14225.0,8.0,10.0,3.0,4.68,31.44,4.38,394.0,66.0,8260.0,1.0,2.0,0.0,0.31,2.06,16.72,27.0,259.0,,,,,,,,,,,,,,
David Savard,D,MTL                  MTL,30.0,2021,2024,4,"$14,000,000","$3,500,000",3500000.0,2020,8475233,exact,False,8475233,2020,David Savard,T.B,D,54.0,64301.0,-0.77,0.45,0.48,0.42,0.51,1.0,0.0,5.0,3.78,0.0,3.0,69.0,1.0,132.0,7.0,24.0,18.0,4.0,12.0,109.0,0.0,0.0,38.67,48.09,781.0,1058.0,32.0,42.0,97.0,181.0,176.0,55624.0,0.0,0.0,4.0,2.61,30.35,34.76,715.0,887.0,419.0,0.0,0.0,0.0,0.0,0.45,0.01,6.0,2.0,5764.0,0.0,0.0,1.0,0.17,2.04,11.81,31.0,141.0,,,,,,,,,,,,,,
Yanni Gourde,C,TBL                  TBL,33.0,2025,2030,6,"$14,000,000","$2,333,333",2333333.0,2024,8476826,exact,False,8476826,2024,Yanni Gourde,TBL,C,57.0,54882.0,31.79,0.48,0.49,0.5,0.51,7.0,11.0,13.0,13.12,5.0,21.0,75.0,12.0,109.0,16.0,38.0,11.0,12.0,14.0,36.0,267.0,271.0,43.34,47.02,909.0,912.0,48.0,60.0,130.0,161.0,193.0,48089.0,5.0,10.0,12.0,10.22,35.46,31.71,828.0,742.0,1436.0,0.0,1.0,0.0,0.68,2.38,0.27,27.0,8.0,3637.0,0.0,0.0,0.0,1.06,2.23,8.33,25.0,114.0,,,,,,,,,,,,,,
Frank Vatrano,RW,ANA                  ANA,30.0,2025,2027,3,"$13,710,000","$4,570,000",4570000.0,2024,8478366,exact,False,8478366,2024,Frank Vatrano,ANA,R,81.0,85270.0,45.63,0.53,0.41,0.52,0.44,21.0,8.0,16.0,28.9,5.0,32.0,234.0,33.0,169.0,13.0,52.0,18.0,25.0,35.0,69.0,16.0,18.0,94.44,82.43,1591.0,1463.0,120.0,98.0,368.0,236.0,279.0,65239.0,14.0,4.0,13.0,16.99,51.99,56.09,1122.0,1193.0,11943.0,3.0,1.0,1.0,5.43,22.18,2.87,327.0,38.0,3544.0,1.0,0.0,0.0,1.18,2.82,5.52,23.0,103.0,,,,,,,,,,,,,,
Kaapo Kakko,RW,SEA                  SEA,24.0,2025,2027,3,"$13,575,000","$4,525,000",4525000.0,2024,8481554,exact,False,8481554,2024,Kaapo Kakko,SEA,R,79.0,74021.0,38.97,0.53,0.46,0.53,0.47,14.0,19.0,11.0,15.78,5.0,19.0,117.0,14.0,68.0,18.0,59.0,16.0,15.0,15.0,28.0,50.0,50.0,64.58,57.2,1287.0,1131.0,68.0,60.0,246.0,143.0,273.0,64241.0,9.0,16.0,8.0,9.89,44.05,48.04,1036.0,1060.0,7035.0,4.0,1.0,3.0,3.75,11.73,1.6,168.0,26.0,11.0,0.0,0.0,0.0,0.0,0.0,0.0,0.0,0.0,,,,,,,,,,,,,,
Michael Bunting,LW,DAL                  DAL,27.0,2023,2025,3,"$13,500,000","$4,500,000",4500000.0,2022,8478047,exact,False,8478047,2022,Michael Bunting,TOR,L,82.0,77721.0,57.1,0.58,0.53,0.55,0.49,23.0,19.0,7.0,28.04,11.0,39.0,174.0,31.0,85.0,49.0,38.0,14.0,43.0,40.0,18.0,1.0,1.0,85.32,60.76,1460.0,1180.0,95.0,62.0,283.0,97.0,251.0,67047.0,14.0,16.0,6.0,21.07,66.56,52.4,1184.0,1105.0,8874.0,6.0,2.0,1.0,4.13,12.67,3.41,229.0,43.0,5.0,0.0,0.0,0.0,0.0,0.0,0.0,0.0,0.0,,,,,,,,,,,,,,
Kirby Dach,C,MTL                  MTL,20.0,2022,2025,4,"$13,450,000","$3,362,500",3362500.0,2021,8481523,exact,False,8481523,2021,Kirby Dach,CHI,C,70.0,75786.0,15.83,0.48,0.47,0.49,0.46,9.0,9.0,8.0,12.75,2.0,13.0,116.0,8.0,49.0,42.0,17.0,8.0,13.0,21.0,44.0,179.0,366.0,55.93,61.47,1123.0,1162.0,54.0,64.0,204.0,125.0,252.0,60176.0,7.0,7.0,4.0,8.34,32.45,37.84,810.0,960.0,7636.0,1.0,1.0,3.0,1.76,11.48,1.46,197.0,31.0,4642.0,0.0,0.0,1.0,0.05,1.67,9.6,22.0,113.0,,,,,,,,,,,,,,
Dmitry Orlov,D,SJS                  SJS,33.0,2025,2026,2,"$13,000,000","$6,500,000",6500000.0,2024,8475200,exact,False,8475200,2024,Dmitry Orlov,CAR,D,76.0,91184.0,53.13,0.5,0.58,0.55,0.6,6.0,9.0,13.0,6.7,1.0,3.0,117.0,15.0,101.0,21.0,98.0,57.0,12.0,12.0,60.0,0.0,0.0,77.18,76.32,1581.0,1288.0,77.0,97.0,170.0,203.0,330.0,79386.0,5.0,7.0,13.0,4.76,63.23,50.37,1477.0,1012.0,122.0,0.0,1.0,0.0,0.0,0.94,0.0,3.0,1.0,8857.0,0.0,0.0,0.0,0.18,3.21,17.22,44.0,197.0,,,,,,,,,,,,,,
Kaedan Korczak,D,VGK                  VGK,24.0,2026,2029,4,"$13,000,000","$3,250,000",3250000.0,2024,8481527,exact,False,8481527,2024,Kaedan Korczak,VGK,D,40.0,36176.0,12.35,0.57,0.52,0.49,0.5,0.0,5.0,5.0,1.0,0.0,0.0,34.0,5.0,59.0,7.0,36.0,21.0,0.0,1.0,40.0,0.0,0.0,27.15,20.38,544.0,566.0,36.0,19.0,84.0,70.0,139.0,35358.0,0.0,5.0,5.0,1.0,24.87,19.75,534.0,548.0,103.0,0.0,0.0,0.0,0.0,1.04,0.0,5.0,0.0,509.0,0.0,0.0,0.0,0.0,0.46,0.34,4.0,12.0,,,,,,,,,,,,,,
Ridly Greig,LW,OTT                  OTT,22.0,2025,2028,4,"$13,000,000","$3,250,000",3250000.0,2024,8482092,exact,False,8482092,2024,Ridly Greig,OTT,C,78.0,79934.0,27.24,0.48,0.5,0.48,0.52,13.0,14.0,7.0,18.6,9.0,27.0,119.0,21.0,138.0,20.0,35.0,10.0,19.0,26.0,47.0,208.0,172.0,70.68,76.45,1263.0,1395.0,84.0,99.0,225.0,302.0,263.0,60659.0,7.0,8.0,3.0,11.77,40.82,42.32,949.0,1042.0,8325.0,3.0,3.0,3.0,4.15,15.57,1.23,233.0,20.0,7997.0,2.0,2.0,0.0,0.7,2.28,19.16,34.0,232.0,,,,,,,,,,,,,,
Martin Necas,C,COL                  COL,25.0,2024,2025,2,"$13,000,000","$6,500,000",6500000.0,2023,8480039,exact,False,8480039,2023,Martin Necas,CAR,C,77.0,80186.0,72.98,0.57,0.55,0.62,0.58,24.0,17.0,12.0,22.42,10.0,24.0,231.0,26.0,77.0,23.0,52.0,21.0,23.0,21.0,31.0,47.0,91.0,87.57,65.27,1732.0,1068.0,97.0,82.0,238.0,85.0,200.0,66513.0,13.0,10.0,9.0,15.23,54.39,49.8,1334.0,961.0,9277.0,7.0,2.0,2.0,4.74,21.65,2.3,262.0,35.0,477.0,0.0,0.0,0.0,0.0,0.11,0.13,2.0,8.0,,,,,,,,,,,,,,
Dakota Joshua,C,TOR                  TOR,28.0,2024,2027,4,"$13,000,000","$3,250,000",3250000.0,2023,8478057,exact,False,8478057,2023,Dakota Joshua,VAN,C,63.0,54376.0,35.46,0.49,0.52,0.47,0.52,18.0,8.0,6.0,14.12,8.0,19.0,84.0,12.0,244.0,29.0,24.0,15.0,23.0,19.0,40.0,34.0,38.0,43.81,46.34,776.0,887.0,53.0,60.0,124.0,232.0,226.0,44833.0,14.0,7.0,6.0,11.54,34.79,28.12,692.0,656.0,1385.0,1.0,0.0,0.0,0.36,1.84,0.19,38.0,4.0,6872.0,0.0,0.0,0.0,0.51,1.76,11.74,23.0,179.0,,,,,,,,,,,,,,
Mario Ferraro,D,SJS                  SJS,23.0,2022,2025,4,"$13,000,000","$3,250,000",3250000.0,2021,8479983,exact,False,8479983,2021,Mario Ferraro,SJS,D,63.0,86943.0,7.57,0.42,0.5,0.42,0.5,2.0,3.0,9.0,2.32,0.0,0.0,49.0,2.0,140.0,31.0,35.0,30.0,9.0,8.0,151.0,0.0,0.0,57.85,80.83,1147.0,1613.0,51.0,85.0,164.0,305.0,270.0,72769.0,2.0,3.0,7.0,1.84,47.04,53.74,1015.0,1241.0,1999.0,0.0,0.0,0.0,0.18,1.62,0.2,42.0,4.0,9791.0,0.0,0.0,0.0,0.03,1.35,18.05,38.0,285.0,,,,,,,,,,,,,,
Fabian Zetterlund,LW,OTT                  OTT,25.0,2025,2027,3,"$12,825,000","$4,275,000",4275000.0,2024,8480188,exact,False,8480188,2024,Fabian Zetterlund,OTT,L,84.0,82363.0,38.92,0.5,0.44,0.51,0.45,19.0,14.0,8.0,22.85,7.0,24.0,181.0,24.0,154.0,22.0,50.0,9.0,18.0,7.0,81.0,31.0,21.0,71.77,72.98,1439.0,1367.0,72.0,86.0,244.0,153.0,260.0,69432.0,12.0,12.0,7.0,16.33,44.9,56.25,1056.0,1273.0,8768.0,4.0,1.0,1.0,3.25,14.02,1.29,223.0,31.0,178.0,0.0,0.0,0.0,0.0,0.0,0.72,0.0,5.0,,,,,,,,,,,,,,
Michael Rasmussen,C,DET                  DET,24.0,2024,2027,4,"$12,800,000","$3,200,000",3200000.0,2023,8479992,exact,False,8479992,2023,Michael Rasmussen,DET,C,75.0,68359.0,22.59,0.42,0.48,0.4,0.48,13.0,14.0,6.0,15.66,2.0,20.0,101.0,11.0,124.0,18.0,13.0,6.0,20.0,22.0,76.0,58.0,62.0,45.99,62.89,900.0,1341.0,51.0,60.0,143.0,252.0,263.0,58248.0,11.0,10.0,5.0,11.65,34.85,41.18,810.0,1042.0,593.0,0.0,0.0,0.0,0.14,0.3,0.03,19.0,1.0,7811.0,0.0,2.0,0.0,1.04,2.8,16.13,34.0,253.0,,,,,,,,,,,,,,
Bowen Byram,D,BUF                  BUF,24.0,2025,2026,2,"$12,500,000","$6,250,000",6250000.0,2024,8481524,exact,False,8481524,2024,Bowen Byram,BUF,D,82.0,111670.0,35.85,0.46,0.49,0.48,0.51,7.0,14.0,17.0,8.81,0.0,10.0,94.0,9.0,75.0,15.0,84.0,59.0,11.0,18.0,116.0,0.0,0.0,90.48,105.66,1698.0,1842.0,103.0,131.0,319.0,340.0,394.0,91696.0,7.0,12.0,14.0,5.44,62.07,68.94,1419.0,1468.0,5441.0,0.0,0.0,2.0,0.86,9.0,1.14,122.0,19.0,8549.0,0.0,1.0,0.0,0.11,1.8,19.17,31.0,220.0,,,,,,,,,,,,,,
Brett Howden,C,VGK                  VGK,26.0,2025,2029,5,"$12,500,000","$2,500,000",2500000.0,2024,8479353,exact,False,8479353,2024,Brett Howden,VGK,C,80.0,71342.0,39.75,0.49,0.56,0.47,0.52,23.0,9.0,8.0,19.84,8.0,28.0,125.0,10.0,121.0,22.0,42.0,8.0,17.0,19.0,56.0,272.0,244.0,59.63,62.13,1064.0,1222.0,73.0,68.0,181.0,211.0,228.0,64003.0,16.0,7.0,5.0,14.9,46.12,44.77,1001.0,1014.0,489.0,0.0,0.0,0.0,0.01,0.89,0.01,15.0,2.0,4929.0,1.0,0.0,0.0,0.96,1.53,10.32,15.0,147.0,,,,,,,,,,,,,,
Carter Verhaeghe,C,FLA                  FLA,26.0,2022,2024,3,"$12,500,000","$4,166,667",4166667.0,2021,8477409,exact,False,8477409,2021,Carter Verhaeghe,FLA,C,78.0,75043.0,72.06,0.57,0.54,0.6,0.54,24.0,19.0,12.0,21.11,4.0,18.0,167.0,13.0,50.0,63.0,47.0,6.0,14.0,23.0,16.0,19.0,10.0,83.39,61.67,1469.0,999.0,75.0,64.0,182.0,146.0,302.0,65446.0,21.0,14.0,11.0,17.77,65.11,47.89,1259.0,880.0,5102.0,0.0,2.0,1.0,0.56,4.78,1.59,109.0,23.0,1312.0,0.0,0.0,0.0,0.1,0.61,2.85,9.0,32.0,,,,,,,,,,,,,,
Ryan McDonagh,D,TBL                  TBL,36.0,2026,2028,3,"$12,300,000","$4,100,000",4100000.0,2024,8474151,exact,False,8474151,2024,Ryan McDonagh,TBL,D,82.0,100222.0,32.8,0.49,0.55,0.45,0.54,4.0,12.0,15.0,4.31,1.0,4.0,78.0,5.0,23.0,24.0,115.0,68.0,3.0,11.0,152.0,0.0,0.0,83.06,85.56,1423.0,1765.0,94.0,87.0,179.0,419.0,382.0,83656.0,2.0,9.0,11.0,2.91,59.68,53.22,1275.0,1323.0,897.0,0.0,0.0,1.0,0.14,2.55,0.13,24.0,2.0,11614.0,1.0,1.0,1.0,0.35,3.1,23.74,56.0,317.0,,,,,,,,,,,,,,
Alex Laferriere,RW,LAK                  LAK,23.0,2025,2027,3,"$12,300,000","$4,100,000",4100000.0,2024,8482155,exact,False,8482155,2024,Alex Laferriere,LAK,R,77.0,76377.0,61.13,0.58,0.53,0.59,0.51,19.0,16.0,7.0,21.98,6.0,21.0,193.0,28.0,124.0,14.0,48.0,12.0,13.0,10.0,43.0,36.0,61.0,69.9,49.6,1457.0,1025.0,79.0,55.0,222.0,145.0,196.0,65860.0,16.0,14.0,6.0,17.82,51.79,38.64,1158.0,933.0,7482.0,2.0,1.0,1.0,2.48,10.23,1.66,216.0,29.0,370.0,0.0,0.0,0.0,0.0,0.0,0.16,0.0,4.0,,,,,,,,,,,,,,
Nick Jensen,D,OTT                  OTT,32.0,2023,2025,3,"$12,150,000","$4,050,000",4050000.0,2022,8475324,exact,False,8475324,2022,Nick Jensen,WSH,D,77.0,95249.0,32.27,0.44,0.52,0.44,0.53,5.0,14.0,10.0,5.22,0.0,3.0,109.0,10.0,107.0,36.0,59.0,49.0,17.0,9.0,128.0,0.0,0.0,70.71,88.58,1342.0,1706.0,76.0,93.0,126.0,396.0,308.0,81306.0,5.0,14.0,9.0,4.36,59.87,59.72,1260.0,1296.0,119.0,0.0,0.0,0.0,0.0,0.73,0.0,3.0,0.0,10888.0,0.0,0.0,1.0,0.3,2.1,22.8,39.0,327.0,,,,,,,,,,,,,,
Mattias Ekholm,D,EDM                  EDM,35.0,2026,2028,3,"$12,000,000","$4,000,000",4000000.0,2024,8475218,exact,False,8475218,2024,Mattias Ekholm,EDM,D,65.0,86565.0,58.68,0.53,0.56,0.56,0.52,9.0,9.0,15.0,7.78,3.0,6.0,143.0,13.0,42.0,35.0,83.0,44.0,7.0,15.0,95.0,0.0,0.0,87.04,76.52,1619.0,1266.0,100.0,88.0,195.0,245.0,251.0,70969.0,3.0,7.0,8.0,5.29,64.89,44.16,1387.0,934.0,3462.0,3.0,1.0,3.0,1.15,5.26,0.65,75.0,16.0,7669.0,0.0,0.0,0.0,0.04,1.44,15.39,29.0,223.0,,,,,,,,,,,,,,
Brian Dumoulin,D,LAK                  LAK,33.0,2025,2027,3,"$12,000,000","$4,000,000",4000000.0,2024,8475208,exact,False,8475208,2024,Brian Dumoulin,NJD,D,80.0,93810.0,13.92,0.38,0.48,0.41,0.5,3.0,10.0,9.0,3.91,1.0,2.0,69.0,10.0,74.0,28.0,53.0,35.0,12.0,7.0,109.0,0.0,0.0,58.49,94.8,1239.0,1753.0,59.0,102.0,164.0,320.0,311.0,80372.0,1.0,9.0,7.0,3.45,47.43,63.98,1160.0,1369.0,148.0,0.0,0.0,0.0,0.0,0.0,0.0,0.0,0.0,9843.0,0.0,0.0,0.0,0.15,2.03,19.91,36.0,279.0,,,,,,,,,,,,,,
Connor Brown,RW,NJD                  NJD,31.0,2025,2028,4,"$12,000,000","$3,000,000",3000000.0,2024,8477015,exact,False,8477015,2024,Connor Brown,EDM,R,82.0,68928.0,29.26,0.48,0.57,0.46,0.56,13.0,7.0,10.0,15.01,2.0,19.0,123.0,11.0,19.0,26.0,55.0,16.0,4.0,5.0,37.0,16.0,28.0,52.37,57.25,967.0,1130.0,60.0,70.0,129.0,178.0,265.0,58717.0,10.0,7.0,9.0,11.66,41.07,36.61,880.0,926.0,925.0,0.0,0.0,0.0,1.23,3.73,0.1,28.0,4.0,7546.0,1.0,0.0,1.0,1.31,2.81,14.09,34.0,161.0,,,,,,,,,,,,,,
Dawson Mercer,RW,NJD                  NJD,22.0,2024,2026,3,"$12,000,000","$4,000,000",4000000.0,2023,8482110,exact,False,8482110,2023,Dawson Mercer,NJD,C,82.0,84710.0,31.48,0.47,0.52,0.48,0.53,20.0,6.0,7.0,19.92,6.0,27.0,134.0,21.0,30.0,40.0,37.0,12.0,9.0,8.0,43.0,119.0,146.0,68.94,77.01,1338.0,1437.0,87.0,87.0,231.0,251.0,314.0,66876.0,16.0,6.0,4.0,15.41,51.62,50.54,1078.0,1106.0,6816.0,4.0,0.0,1.0,2.8,10.86,2.15,181.0,32.0,8439.0,0.0,0.0,0.0,0.41,0.97,15.2,28.0,245.0,,,,,,,,,,,,,,
Brenden Dillon,D,NJD                  NJD,33.0,2024,2026,3,"$12,000,000","$4,000,000",4000000.0,2023,8475455,exact,False,8475455,2023,Brenden Dillon,WPG,D,77.0,86585.0,21.28,0.44,0.53,0.43,0.53,8.0,4.0,8.0,2.9,0.0,2.0,79.0,12.0,241.0,6.0,28.0,26.0,11.0,29.0,111.0,0.0,0.0,64.89,81.91,1270.0,1664.0,63.0,98.0,164.0,296.0,302.0,73555.0,8.0,3.0,8.0,2.72,49.74,51.26,1195.0,1242.0,595.0,0.0,0.0,0.0,0.0,0.81,0.01,11.0,1.0,9688.0,0.0,0.0,0.0,0.02,1.7,19.08,31.0,302.0,,,,,,,,,,,,,,
Nino Niederreiter,RW,WPG                  WPG,31.0,2024,2026,3,"$12,000,000","$4,000,000",4000000.0,2023,8475799,exact,False,8475799,2023,Nino Niederreiter,WPG,R,77.0,69138.0,46.3,0.6,0.48,0.56,0.49,18.0,8.0,8.0,22.54,10.0,29.0,170.0,23.0,115.0,21.0,17.0,13.0,17.0,17.0,42.0,26.0,31.0,63.14,42.54,1252.0,997.0,74.0,45.0,181.0,181.0,296.0,59134.0,12.0,7.0,7.0,17.53,47.85,35.84,1038.0,917.0,8182.0,3.0,0.0,1.0,2.08,9.27,1.52,182.0,22.0,46.0,0.0,0.0,0.0,0.0,0.0,0.01,0.0,1.0,,,,,,,,,,,,,,
Ryan Hartman,RW,MIN                  MIN,29.0,2024,2026,3,"$12,000,000","$4,000,000",4000000.0,2023,8477451,exact,False,8477451,2023,Ryan Hartman,MIN,R,74.0,73334.0,48.64,0.52,0.52,0.53,0.49,21.0,12.0,12.0,22.96,12.0,28.0,173.0,12.0,75.0,39.0,37.0,18.0,25.0,26.0,65.0,371.0,419.0,66.22,61.18,1313.0,1155.0,73.0,69.0,212.0,198.0,228.0,58009.0,12.0,9.0,7.0,13.16,38.7,39.67,959.0,925.0,7280.0,4.0,1.0,0.0,5.42,13.14,1.94,215.0,20.0,4443.0,0.0,0.0,0.0,1.03,1.42,9.93,20.0,136.0,,,,,,,,,,,,,,
Evan Rodrigues,LW,FLA                  FLA,29.0,2023,2026,4,"$12,000,000","$3,000,000",3000000.0,2022,8478542,exact,False,8478542,2022,Evan Rodrigues,COL,C,69.0,73925.0,55.57,0.58,0.5,0.58,0.51,16.0,14.0,9.0,21.34,7.0,25.0,184.0,12.0,34.0,29.0,32.0,10.0,18.0,15.0,27.0,119.0,122.0,76.92,54.78,1392.0,1002.0,76.0,53.0,231.0,155.0,244.0,62033.0,8.0,9.0,7.0,14.67,53.08,42.29,1120.0,882.0,7532.0,6.0,3.0,1.0,4.89,14.74,1.29,182.0,26.0,2187.0,0.0,0.0,0.0,0.03,0.31,6.13,7.0,66.0,,,,,,,,,,,,,,
Radko Gudas,D,ANA                  ANA,33.0,2023,2025,3,"$12,000,000","$4,000,000",4000000.0,2022,8475462,exact,False,8475462,2022,Radko Gudas,FLA,D,72.0,74999.0,36.35,0.49,0.55,0.49,0.57,2.0,7.0,8.0,4.06,0.0,2.0,110.0,12.0,312.0,20.0,36.0,25.0,17.0,35.0,124.0,0.0,0.0,62.66,65.7,1233.0,1287.0,71.0,69.0,155.0,231.0,249.0,61662.0,2.0,7.0,8.0,3.49,52.8,38.51,1138.0,901.0,643.0,0.0,0.0,0.0,0.04,0.56,0.31,12.0,8.0,9942.0,0.0,0.0,0.0,0.45,3.26,16.67,57.0,277.0,,,,,,,,,,,,,,
Alex Newhook,C,MTL                  MTL,22.0,2023,2026,4,"$11,600,000","$2,900,000",2900000.0,2022,8481618,exact,False,8481618,2022,Alex Newhook,COL,C,82.0,68649.0,32.18,0.54,0.51,0.54,0.52,14.0,9.0,7.0,14.0,5.0,18.0,116.0,9.0,60.0,26.0,20.0,7.0,7.0,11.0,26.0,208.0,295.0,55.18,47.8,1106.0,926.0,53.0,49.0,187.0,153.0,191.0,60263.0,11.0,8.0,7.0,10.97,41.29,40.38,919.0,874.0,6629.0,1.0,1.0,0.0,2.15,10.04,0.88,133.0,22.0,184.0,0.0,0.0,0.0,0.0,0.0,0.15,0.0,6.0,,,,,,,,,,,,,,
Jordan Staal,C,CAR                  CAR,34.0,2023,2026,4,"$11,600,000","$2,900,000",2900000.0,2022,8473533,exact,False,8473533,2022,Jordan Staal,CAR,C,81.0,79063.0,56.98,0.51,0.61,0.54,0.62,17.0,7.0,10.0,19.05,5.0,24.0,124.0,13.0,155.0,33.0,30.0,11.0,13.0,16.0,39.0,821.0,653.0,69.66,67.51,1263.0,1057.0,84.0,69.0,252.0,396.0,371.0,63645.0,15.0,6.0,10.0,13.3,51.04,34.67,1110.0,707.0,1151.0,0.0,0.0,0.0,0.24,0.9,0.13,27.0,4.0,10971.0,0.0,0.0,0.0,1.04,2.09,20.0,32.0,269.0,,,,,,,,,,,,,,
Ben Chiarot,D,DET                  DET,34.0,2026,2028,3,"$11,550,000","$3,850,000",3850000.0,2024,8475279,exact,False,8475279,2024,Ben Chiarot,DET,D,81.0,103189.0,3.33,0.4,0.54,0.41,0.53,4.0,7.0,2.0,4.21,0.0,1.0,109.0,12.0,127.0,26.0,86.0,60.0,18.0,27.0,142.0,0.0,0.0,71.33,107.33,1413.0,2057.0,76.0,126.0,222.0,331.0,358.0,90792.0,4.0,6.0,2.0,3.89,56.93,72.21,1322.0,1663.0,676.0,0.0,1.0,0.0,0.02,0.6,0.26,14.0,7.0,8217.0,0.0,0.0,0.0,0.01,2.09,24.69,24.0,275.0,,,,,,,,,,,,,,
Kirill Marchenko,LW,CBJ                  CBJ,24.0,2024,2026,3,"$11,550,000","$3,850,000",3850000.0,2023,8480893,exact,False,8480893,2023,Kirill Marchenko,CBJ,R,78.0,76817.0,44.76,0.52,0.42,0.55,0.45,23.0,12.0,7.0,19.48,7.0,15.0,193.0,16.0,55.0,49.0,28.0,8.0,14.0,7.0,39.0,26.0,53.0,73.92,69.53,1493.0,1217.0,88.0,89.0,297.0,151.0,274.0,61847.0,14.0,8.0,5.0,9.76,38.35,49.74,1016.0,1097.0,11062.0,7.0,3.0,1.0,6.7,22.89,2.5,336.0,43.0,300.0,0.0,0.0,0.0,0.05,0.05,0.15,1.0,7.0,,,,,,,,,,,,,,
Jake Evans,C,MTL                  MTL,28.0,2025,2028,4,"$11,400,000","$2,850,000",2850000.0,2024,8478133,exact,False,8478133,2024,Jake Evans,MTL,C,82.0,76524.0,31.79,0.39,0.48,0.4,0.49,13.0,17.0,6.0,14.69,5.0,16.0,80.0,5.0,124.0,15.0,62.0,16.0,23.0,5.0,60.0,593.0,529.0,55.12,85.39,978.0,1479.0,59.0,101.0,104.0,389.0,286.0,59643.0,7.0,11.0,3.0,8.7,37.8,41.93,863.0,934.0,182.0,0.0,0.0,0.0,0.1,0.1,0.03,1.0,1.0,13098.0,3.0,3.0,0.0,1.25,2.98,28.17,54.0,385.0,,,,,,,,,,,,,,
Connor Zary,C,CGY                  CGY,23.0,2025,2027,3,"$11,325,000","$3,775,000",3775000.0,2024,8482074,exact,False,8482074,2024,Connor Zary,CGY,C,54.0,52080.0,31.62,0.56,0.45,0.57,0.5,13.0,5.0,9.0,14.09,5.0,20.0,111.0,15.0,26.0,10.0,40.0,9.0,8.0,7.0,26.0,90.0,151.0,49.1,37.85,1002.0,747.0,64.0,37.0,167.0,86.0,161.0,43862.0,10.0,2.0,4.0,9.66,30.47,29.9,778.0,687.0,6878.0,1.0,3.0,4.0,3.29,14.71,1.27,181.0,23.0,2.0,0.0,0.0,0.0,0.0,0.0,0.0,0.0,0.0,,,,,,,,,,,,,,
Alex Carrier,D,MTL                  MTL,33.0,2024,2026,3,"$11,250,000","$3,750,000",3750000.0,2023,8478851,last+initial,False,8478851,2023,Alexandre Carrier,NSH,D,73.0,82345.0,27.12,0.46,0.55,0.47,0.54,4.0,7.0,9.0,4.1,0.0,1.0,77.0,3.0,60.0,16.0,22.0,16.0,13.0,23.0,137.0,0.0,0.0,59.87,70.6,1226.0,1369.0,70.0,83.0,103.0,259.0,270.0,68999.0,3.0,6.0,8.0,3.37,47.94,44.34,1099.0,1045.0,1619.0,0.0,0.0,1.0,0.19,3.87,0.3,55.0,4.0,8741.0,1.0,0.0,0.0,0.39,2.19,14.4,27.0,238.0,,,,,,,,,,,,,,
Jordan Eberle,RW,SEA                  SEA,35.0,2026,2027,2,"$11,000,000","$5,500,000",5500000.0,2024,8474586,exact,False,8474586,2024,Jordan Eberle,SEA,R,42.0,40983.0,19.21,0.53,0.45,0.52,0.48,9.0,16.0,1.0,9.56,2.0,8.0,66.0,6.0,13.0,21.0,28.0,9.0,5.0,7.0,25.0,7.0,11.0,39.07,33.98,686.0,634.0,37.0,39.0,144.0,109.0,144.0,32982.0,6.0,9.0,1.0,7.02,23.33,25.69,482.0,579.0,5547.0,1.0,4.0,0.0,1.44,8.15,0.98,120.0,19.0,31.0,0.0,0.0,0.0,0.0,0.0,0.03,0.0,1.0,,,,,,,,,,,,,,
Alex Iafallo,C,WPG                  WPG,31.0,2025,2027,3,"$11,000,000","$3,666,667",3666667.0,2024,8480113,exact,False,8480113,2024,Alex Iafallo,WPG,L,82.0,65353.0,38.22,0.53,0.53,0.49,0.5,15.0,12.0,4.0,14.49,6.0,15.0,109.0,14.0,53.0,26.0,30.0,11.0,7.0,6.0,61.0,12.0,13.0,54.79,49.58,969.0,998.0,66.0,56.0,160.0,273.0,204.0,49119.0,8.0,7.0,3.0,10.15,34.24,27.13,756.0,707.0,6367.0,6.0,4.0,0.0,3.21,14.64,0.25,164.0,13.0,8453.0,0.0,0.0,0.0,0.21,0.98,16.64,21.0,244.0,,,,,,,,,,,,,,
Brett Kulak,D,COL                  COL,27.0,2022,2025,4,"$11,000,000","$2,750,000",2750000.0,2021,8476967,exact,False,8476967,2021,Brett Kulak,EDM,D,74.0,78831.0,23.15,0.47,0.47,0.49,0.49,5.0,7.0,9.0,2.89,0.0,0.0,92.0,9.0,103.0,21.0,55.0,50.0,13.0,21.0,63.0,0.0,0.0,53.08,60.6,1123.0,1170.0,52.0,58.0,127.0,178.0,230.0,72145.0,5.0,5.0,8.0,2.72,48.44,48.65,1065.0,1030.0,318.0,0.0,0.0,0.0,0.0,0.1,0.06,5.0,1.0,4737.0,0.0,1.0,0.0,0.06,1.43,9.26,26.0,101.0,,,,,,,,,,,,,,
Brayden McNabb,D,VGK                  VGK,33.0,2025,2027,3,"$10,950,000","$3,650,000",3650000.0,2024,8475188,exact,False,8475188,2024,Brayden McNabb,VGK,D,82.0,98955.0,35.27,0.48,0.57,0.46,0.53,5.0,7.0,8.0,3.73,0.0,1.0,97.0,6.0,131.0,21.0,79.0,59.0,6.0,16.0,167.0,0.0,0.0,75.43,80.69,1475.0,1717.0,88.0,96.0,216.0,329.0,320.0,86547.0,4.0,7.0,5.0,3.56,62.48,52.75,1408.0,1321.0,72.0,0.0,0.0,0.0,0.03,0.39,0.0,4.0,0.0,9237.0,1.0,0.0,1.0,0.14,2.77,15.7,36.0,282.0,,,,,,,,,,,,,,
Frank Vatrano,RW,ANA                  ANA,27.0,2022,2024,3,"$10,950,000","$3,650,000",3650000.0,2021,8478366,exact,False,8478366,2021,Frank Vatrano,NYR,C,71.0,56058.0,43.31,0.54,0.55,0.55,0.54,18.0,10.0,4.0,13.97,4.0,9.0,161.0,12.0,68.0,22.0,27.0,7.0,9.0,11.0,26.0,12.0,13.0,45.71,39.35,969.0,780.0,33.0,39.0,167.0,95.0,191.0,51410.0,15.0,10.0,3.0,11.61,39.18,34.26,874.0,738.0,3458.0,1.0,0.0,1.0,0.92,3.88,1.73,69.0,14.0,124.0,0.0,0.0,0.0,0.0,0.0,0.03,0.0,2.0,,,,,,,,,,,,,,
Nick Seeler,D,PHI                  PHI,30.0,2024,2027,4,"$10,800,000","$2,700,000",2700000.0,2023,8476372,exact,False,8476372,2023,Nick Seeler,PHI,D,71.0,72200.0,30.8,0.5,0.5,0.47,0.53,1.0,7.0,5.0,3.36,0.0,1.0,100.0,8.0,132.0,10.0,30.0,25.0,17.0,18.0,205.0,0.0,0.0,56.11,55.33,1262.0,1395.0,57.0,48.0,125.0,200.0,195.0,61731.0,1.0,6.0,2.0,2.97,50.02,41.18,1194.0,1110.0,343.0,0.0,0.0,0.0,0.07,0.2,0.0,8.0,0.0,8020.0,0.0,1.0,3.0,0.15,2.6,10.04,44.0,215.0,,,,,,,,,,,,,,
Nate Schmidt,D,UTA                  UTA,33.0,2025,2027,3,"$10,500,000","$3,500,000",3500000.0,2024,8477220,exact,False,8477220,2024,Nate Schmidt,FLA,D,80.0,79342.0,35.95,0.6,0.53,0.59,0.55,5.0,9.0,5.0,3.96,0.0,4.0,70.0,9.0,82.0,28.0,88.0,45.0,9.0,12.0,71.0,0.0,0.0,67.23,44.08,1439.0,1008.0,77.0,42.0,216.0,154.0,266.0,68590.0,5.0,4.0,5.0,3.4,49.99,35.98,1190.0,906.0,5594.0,0.0,4.0,0.0,0.45,13.54,0.95,197.0,15.0,3289.0,0.0,0.0,0.0,0.01,0.49,4.0,12.0,59.0,,,,,,,,,,,,,,
Olli Maatta,D,CGY                  CGY,30.0,2025,2027,3,"$10,500,000","$3,500,000",3500000.0,2024,8476874,exact,False,8476874,2024,Olli Mtt,UTA,D,77.0,90343.0,28.58,0.49,0.52,0.48,0.52,2.0,9.0,7.0,4.67,0.0,2.0,73.0,9.0,25.0,26.0,104.0,73.0,9.0,7.0,124.0,0.0,0.0,63.05,66.91,1328.0,1450.0,66.0,61.0,178.0,269.0,337.0,79882.0,2.0,8.0,6.0,4.16,55.28,51.16,1265.0,1172.0,265.0,0.0,0.0,0.0,0.0,0.12,0.0,3.0,0.0,7578.0,0.0,0.0,0.0,0.1,0.82,11.67,21.0,214.0,,,,,,,,,,,,,,
Warren Foegele,LW,OTT                  OTT,28.0,2024,2026,3,"$10,500,000","$3,500,000",3500000.0,2023,8477998,exact,False,8477998,2023,Warren Foegele,EDM,L,82.0,68761.0,59.01,0.59,0.57,0.56,0.54,20.0,14.0,7.0,26.19,3.0,33.0,201.0,32.0,89.0,40.0,36.0,12.0,19.0,16.0,32.0,5.0,6.0,68.14,48.2,1271.0,1013.0,78.0,46.0,204.0,162.0,288.0,60958.0,17.0,14.0,6.0,22.64,60.53,42.47,1152.0,893.0,2628.0,1.0,0.0,0.0,1.86,4.46,0.49,66.0,17.0,4207.0,1.0,0.0,1.0,1.01,1.83,3.48,31.0,89.0,,,,,,,,,,,,,,
Thomas Novak,C,PIT                  PIT,26.0,2024,2026,3,"$10,500,000","$3,500,000",3500000.0,2023,8478438,exact,False,8478438,2023,Tommy Novak,NSH,C,71.0,60495.0,52.55,0.59,0.49,0.61,0.49,18.0,13.0,14.0,13.95,5.0,16.0,113.0,10.0,5.0,48.0,25.0,5.0,14.0,4.0,31.0,211.0,289.0,62.69,42.98,1293.0,821.0,72.0,52.0,213.0,45.0,149.0,49483.0,10.0,10.0,9.0,9.97,43.56,30.89,947.0,738.0,8536.0,6.0,2.0,4.0,2.27,12.98,1.99,256.0,38.0,98.0,0.0,0.0,0.0,0.0,0.01,0.05,1.0,1.0,,,,,,,,,,,,,,
Frederick Gaudreau,C,SEA                  SEA,29.0,2023,2027,5,"$10,500,000","$2,100,000",2100000.0,2022,8477919,exact,False,8477919,2022,Frederick Gaudreau,MIN,C,82.0,78931.0,34.05,0.44,0.53,0.44,0.52,19.0,11.0,8.0,14.91,7.0,12.0,138.0,15.0,42.0,42.0,21.0,9.0,9.0,5.0,52.0,500.0,515.0,59.16,74.33,1101.0,1422.0,59.0,77.0,234.0,342.0,201.0,60507.0,9.0,8.0,5.0,8.78,37.87,42.2,860.0,980.0,5534.0,3.0,1.0,0.0,1.7,6.61,1.32,138.0,24.0,9851.0,2.0,1.0,0.0,0.63,2.38,22.97,32.0,330.0,,,,,,,,,,,,,,
Matias Maccelli,LW,TOR                  TOR,22.0,2023,2025,3,"$10,275,000","$3,425,000",3425000.0,2022,8481711,exact,False,8481711,2022,Matias Maccelli,ARI,L,64.0,60217.0,32.71,0.49,0.38,0.48,0.41,11.0,22.0,16.0,8.72,4.0,15.0,61.0,4.0,24.0,23.0,46.0,18.0,12.0,9.0,20.0,0.0,7.0,49.56,50.87,877.0,946.0,54.0,50.0,159.0,132.0,234.0,49825.0,8.0,13.0,9.0,6.74,34.99,34.79,692.0,815.0,7291.0,1.0,6.0,5.0,0.8,9.12,2.73,135.0,35.0,1185.0,0.0,0.0,0.0,0.0,0.0,3.94,0.0,36.0,,,,,,,,,,,,,,
Justin Holl,D,STL                  STL,31.0,2023,2025,3,"$10,200,000","$3,400,000",3400000.0,2022,8475718,exact,False,8475718,2022,Justin Holl,TOR,D,80.0,97159.0,22.5,0.47,0.58,0.44,0.54,2.0,2.0,14.0,3.9,1.0,5.0,60.0,3.0,151.0,28.0,56.0,48.0,12.0,18.0,139.0,0.0,0.0,77.84,89.57,1323.0,1684.0,90.0,105.0,121.0,361.0,286.0,80078.0,2.0,2.0,13.0,2.94,62.53,57.29,1220.0,1214.0,267.0,0.0,0.0,0.0,0.0,0.01,0.0,3.0,0.0,13685.0,0.0,0.0,0.0,0.38,6.17,23.59,68.0,368.0,,,,,,,,,,,,,,
Jake Walman,D,EDM                  EDM,27.0,2023,2025,3,"$10,200,000","$3,400,000",3400000.0,2022,8478013,exact,False,8478013,2022,Jake Walman,DET,D,63.0,74536.0,29.5,0.49,0.47,0.47,0.49,9.0,5.0,4.0,6.49,1.0,4.0,140.0,8.0,47.0,33.0,36.0,32.0,16.0,20.0,121.0,0.0,0.0,55.76,57.85,1055.0,1187.0,64.0,52.0,129.0,281.0,248.0,61226.0,8.0,2.0,4.0,4.69,41.73,36.5,910.0,903.0,3234.0,0.0,2.0,0.0,0.34,2.29,1.14,65.0,19.0,7563.0,0.0,0.0,0.0,0.65,1.82,15.02,32.0,192.0,,,,,,,,,,,,,,
Alexander Wennberg,C,SJS                  SJS,29.0,2024,2025,2,"$10,000,000","$5,000,000",5000000.0,2023,8477505,exact,False,8477505,2023,Alex Wennberg,NYR,C,79.0,85267.0,30.24,0.45,0.55,0.46,0.54,10.0,11.0,9.0,12.36,4.0,21.0,91.0,5.0,46.0,46.0,22.0,10.0,18.0,7.0,75.0,552.0,636.0,64.82,78.76,1323.0,1530.0,78.0,95.0,268.0,358.0,247.0,63863.0,6.0,9.0,7.0,7.49,39.55,40.2,968.0,1009.0,8208.0,3.0,1.0,2.0,2.74,14.94,2.17,261.0,33.0,9483.0,1.0,0.0,0.0,0.94,2.11,22.0,25.0,335.0,,,,,,,,,,,,,,
Connor Clifton,D,PIT                  PIT,28.0,2023,2025,3,"$10,000,000","$3,333,333",3333333.0,2022,8477365,exact,False,8477365,2022,Connor Clifton,BOS,D,78.0,83565.0,26.27,0.48,0.56,0.46,0.53,5.0,9.0,9.0,5.42,1.0,3.0,93.0,4.0,208.0,20.0,47.0,29.0,19.0,24.0,120.0,0.0,0.0,62.65,66.91,1204.0,1405.0,54.0,63.0,183.0,213.0,276.0,74337.0,4.0,8.0,8.0,4.95,54.5,52.95,1133.0,1203.0,418.0,0.0,0.0,0.0,0.0,0.66,0.01,5.0,2.0,5925.0,1.0,0.0,0.0,0.39,2.76,7.27,34.0,122.0,,,,,,,,,,,,,,
Ilya Lyubushkin,D,DAL                  DAL,30.0,2024,2026,3,"$9,750,000","$3,250,000",3250000.0,2023,8480950,exact,False,8480950,2023,Ilya Lyubushkin,TOR,D,74.0,76034.0,4.47,0.36,0.51,0.38,0.51,0.0,4.0,4.0,2.71,0.0,2.0,47.0,3.0,176.0,23.0,40.0,33.0,10.0,22.0,168.0,0.0,0.0,47.65,84.55,950.0,1583.0,48.0,97.0,145.0,286.0,275.0,61758.0,0.0,4.0,4.0,2.38,40.07,47.7,879.0,1053.0,124.0,0.0,0.0,0.0,0.02,0.02,0.0,4.0,1.0,11271.0,0.0,0.0,0.0,0.07,1.54,26.72,30.0,432.0,,,,,,,,,,,,,,
Carson Soucy,D,NYI                  NYI,28.0,2023,2025,3,"$9,750,000","$3,250,000",3250000.0,2022,8477369,exact,False,8477369,2022,Carson Soucy,SEA,D,78.0,76246.0,24.38,0.46,0.54,0.48,0.54,3.0,5.0,8.0,3.29,0.0,0.0,87.0,11.0,143.0,29.0,32.0,22.0,8.0,26.0,96.0,0.0,0.0,52.72,62.55,1083.0,1164.0,48.0,62.0,162.0,173.0,261.0,66706.0,3.0,4.0,8.0,3.2,45.35,43.61,1020.0,953.0,697.0,0.0,0.0,0.0,0.02,1.81,0.09,15.0,4.0,7739.0,0.0,1.0,0.0,0.01,2.27,12.23,28.0,181.0,,,,,,,,,,,,,,
Shayne Gostisbehere,D,CAR                  CAR,31.0,2024,2026,3,"$9,600,000","$3,200,000",3200000.0,2023,8476906,exact,False,8476906,2023,Shayne Gostisbehere,DET,D,81.0,92765.0,49.02,0.59,0.42,0.56,0.42,10.0,18.0,28.0,9.49,2.0,7.0,139.0,11.0,29.0,21.0,33.0,19.0,23.0,8.0,75.0,0.0,0.0,97.82,68.94,1688.0,1308.0,114.0,73.0,299.0,154.0,291.0,71489.0,7.0,8.0,6.0,3.43,43.43,47.67,1076.0,1119.0,15299.0,2.0,6.0,14.0,3.99,36.17,4.57,451.0,79.0,1637.0,0.0,0.0,0.0,0.0,0.18,1.62,5.0,39.0,,,,,,,,,,,,,,
Kyle Palmieri,RW,NYI                  NYI,34.0,2025,2026,2,"$9,500,000","$4,750,000",4750000.0,2024,8475151,exact,False,8475151,2024,Kyle Palmieri,NYI,C,82.0,91100.0,41.55,0.49,0.48,0.5,0.5,24.0,12.0,12.0,23.5,8.0,30.0,169.0,20.0,54.0,18.0,55.0,18.0,14.0,10.0,48.0,13.0,20.0,85.41,87.65,1624.0,1608.0,101.0,100.0,323.0,211.0,246.0,70222.0,17.0,8.0,7.0,15.54,52.17,54.74,1147.0,1279.0,10804.0,5.0,2.0,1.0,4.88,19.05,2.73,281.0,38.0,4986.0,0.0,0.0,1.0,0.26,1.59,9.16,25.0,158.0,,,,,,,,,,,,,,
Taylor Hall,LW,CAR                  CAR,33.0,2025,2027,3,"$9,500,000","$3,166,667",3166667.0,2024,8475791,exact,False,8475791,2024,Taylor Hall,CAR,L,77.0,70103.0,42.03,0.5,0.47,0.54,0.49,18.0,15.0,9.0,15.62,6.0,19.0,144.0,10.0,43.0,34.0,76.0,15.0,15.0,18.0,42.0,43.0,50.0,62.73,61.76,1280.0,1072.0,71.0,76.0,209.0,121.0,199.0,60356.0,11.0,12.0,7.0,11.34,42.61,47.07,1016.0,984.0,7549.0,5.0,3.0,1.0,3.68,12.29,2.49,198.0,39.0,75.0,0.0,0.0,0.0,0.0,0.0,0.63,0.0,2.0,,,,,,,,,,,,,,
Jason Zucker,LW,BUF                  BUF,33.0,2025,2026,2,"$9,500,000","$4,750,000",4750000.0,2024,8475722,exact,False,8475722,2024,Jason Zucker,BUF,L,73.0,70053.0,46.56,0.58,0.44,0.56,0.47,21.0,24.0,8.0,23.61,9.0,33.0,143.0,13.0,68.0,20.0,73.0,22.0,15.0,16.0,22.0,42.0,64.0,81.64,58.83,1355.0,1066.0,96.0,63.0,274.0,166.0,265.0,55023.0,9.0,15.0,5.0,11.58,40.38,42.87,885.0,949.0,12127.0,10.0,8.0,2.0,9.76,27.78,3.05,357.0,59.0,37.0,0.0,0.0,0.0,0.0,0.0,0.43,0.0,3.0,,,,,,,,,,,,,,
Vladimir Tarasenko,RW,MIN                  MIN,32.0,2024,2025,2,"$9,500,000","$4,750,000",4750000.0,2023,8475765,exact,False,8475765,2023,Vladimir Tarasenko,FLA,R,76.0,71760.0,52.34,0.56,0.49,0.56,0.51,23.0,20.0,12.0,15.62,7.0,18.0,155.0,21.0,85.0,18.0,27.0,9.0,7.0,6.0,39.0,4.0,3.0,76.59,59.54,1425.0,1115.0,91.0,82.0,264.0,134.0,249.0,58245.0,17.0,13.0,9.0,9.37,45.15,48.32,1015.0,1030.0,10542.0,3.0,4.0,2.0,4.19,17.23,2.16,312.0,29.0,45.0,0.0,0.0,0.0,0.0,0.0,0.0,0.0,0.0,,,,,,,,,,,,,,
Jordan Eberle,RW,SEA                  SEA,33.0,2024,2025,2,"$9,500,000","$4,750,000",4750000.0,2023,8474586,exact,False,8474586,2023,Jordan Eberle,SEA,R,78.0,81642.0,55.59,0.6,0.47,0.6,0.48,17.0,18.0,9.0,22.4,6.0,27.0,168.0,20.0,30.0,59.0,20.0,4.0,12.0,7.0,23.0,31.0,42.0,79.56,52.79,1623.0,1069.0,95.0,60.0,307.0,169.0,247.0,66431.0,9.0,14.0,5.0,13.25,48.15,40.09,1148.0,972.0,11693.0,6.0,2.0,3.0,5.77,20.45,2.74,351.0,43.0,75.0,0.0,0.0,0.0,0.0,0.0,0.0,0.0,0.0,,,,,,,,,,,,,,
Erik Haula,C,NSH                  NSH,32.0,2023,2025,3,"$9,450,000","$3,150,000",3150000.0,2022,8475287,exact,False,8475287,2022,Erik Haula,NJD,L,80.0,79829.0,53.44,0.54,0.58,0.52,0.55,14.0,15.0,12.0,22.08,5.0,26.0,164.0,15.0,92.0,49.0,30.0,16.0,10.0,21.0,54.0,573.0,484.0,76.01,63.76,1348.0,1255.0,80.0,65.0,250.0,299.0,244.0,63105.0,10.0,10.0,7.0,15.99,53.54,40.6,1135.0,924.0,5339.0,2.0,1.0,4.0,2.38,9.6,0.81,127.0,23.0,8836.0,2.0,1.0,0.0,1.28,2.06,14.45,33.0,224.0,,,,,,,,,,,,,,
Jordan Martinook,LW,CAR                  CAR,31.0,2024,2026,3,"$9,150,000","$3,050,000",3050000.0,2023,8476921,exact,False,8476921,2023,Jordan Martinook,CAR,L,82.0,72063.0,59.16,0.55,0.57,0.59,0.59,14.0,11.0,7.0,17.54,7.0,19.0,148.0,16.0,61.0,32.0,18.0,6.0,18.0,18.0,36.0,48.0,47.0,55.68,44.69,1357.0,961.0,58.0,50.0,190.0,238.0,384.0,63594.0,12.0,10.0,7.0,14.87,49.35,33.28,1297.0,801.0,529.0,0.0,0.0,0.0,0.01,0.53,0.28,10.0,2.0,6652.0,1.0,0.0,0.0,0.48,2.22,8.75,33.0,125.0,,,,,,,,,,,,,,
Henri Jokiharju,D,BOS                  BOS,26.0,2025,2027,3,"$9,000,000","$3,000,000",3000000.0,2024,8480035,exact,False,8480035,2024,Henri Jokiharju,BOS,D,60.0,64173.0,17.08,0.46,0.47,0.5,0.5,3.0,3.0,4.0,1.97,0.0,0.0,59.0,7.0,50.0,13.0,64.0,40.0,2.0,7.0,53.0,0.0,0.0,45.05,52.75,1010.0,1023.0,48.0,56.0,158.0,179.0,244.0,58415.0,3.0,3.0,3.0,1.72,38.25,41.65,943.0,889.0,1129.0,0.0,0.0,0.0,0.01,1.55,0.42,23.0,8.0,2890.0,0.0,0.0,0.0,0.03,0.69,6.7,11.0,97.0,,,,,,,,,,,,,,
Nils Hoglander,LW,VAN                  VAN,23.0,2025,2027,3,"$9,000,000","$3,000,000",3000000.0,2024,8481535,exact,False,8481535,2024,Nils Hoglander,VAN,L,72.0,52400.0,26.27,0.55,0.49,0.52,0.48,8.0,10.0,7.0,11.13,2.0,16.0,83.0,9.0,76.0,13.0,36.0,11.0,18.0,14.0,23.0,0.0,1.0,38.41,31.76,838.0,786.0,51.0,34.0,167.0,90.0,167.0,49131.0,7.0,9.0,7.0,9.15,32.0,27.67,754.0,755.0,2744.0,0.0,1.0,0.0,0.52,3.94,0.49,70.0,14.0,30.0,0.0,0.0,0.0,0.08,0.08,0.0,1.0,0.0,,,,,,,,,,,,,,
Tyler Myers,D,DAL                  DAL,34.0,2024,2026,3,"$9,000,000","$3,000,000",3000000.0,2023,8474574,exact,False,8474574,2023,Tyler Myers,VAN,D,77.0,87544.0,27.92,0.46,0.54,0.44,0.55,5.0,12.0,12.0,4.17,0.0,3.0,93.0,14.0,110.0,13.0,33.0,27.0,8.0,32.0,136.0,0.0,0.0,66.65,79.05,1224.0,1565.0,82.0,93.0,118.0,314.0,298.0,73368.0,3.0,12.0,8.0,3.67,53.5,49.79,1130.0,1174.0,1331.0,0.0,0.0,0.0,0.0,0.79,0.06,19.0,5.0,9927.0,2.0,0.0,0.0,0.21,3.08,19.15,37.0,281.0,,,,,,,,,,,,,,
Jalen Chatfield,D,CAR                  CAR,28.0,2024,2026,3,"$9,000,000","$3,000,000",3000000.0,2023,8478970,exact,False,8478970,2023,Jalen Chatfield,CAR,D,72.0,65652.0,47.05,0.58,0.56,0.6,0.59,8.0,4.0,10.0,4.75,2.0,5.0,90.0,10.0,58.0,23.0,30.0,21.0,9.0,12.0,66.0,0.0,0.0,49.21,36.13,1174.0,779.0,50.0,37.0,151.0,113.0,242.0,62528.0,8.0,4.0,10.0,4.65,47.87,33.55,1152.0,734.0,192.0,0.0,0.0,0.0,0.0,0.45,0.0,5.0,0.0,2698.0,0.0,0.0,0.0,0.1,0.66,2.46,13.0,44.0,,,,,,,,,,,,,,
Nick Foligno,LW,MIN                  MIN,36.0,2024,2025,2,"$9,000,000","$4,500,000",4500000.0,2023,8473422,exact,False,8473422,2023,Nick Foligno,CHI,L,74.0,78875.0,22.66,0.48,0.41,0.48,0.43,17.0,8.0,12.0,22.21,12.0,34.0,146.0,16.0,192.0,47.0,26.0,10.0,18.0,24.0,39.0,228.0,207.0,65.86,71.94,1194.0,1295.0,81.0,72.0,250.0,249.0,256.0,58836.0,7.0,4.0,6.0,11.4,34.78,43.67,809.0,1036.0,10630.0,7.0,2.0,5.0,7.58,21.83,1.81,286.0,33.0,5790.0,1.0,0.0,0.0,0.27,1.28,10.12,19.0,145.0,,,,,,,,,,,,,,
Mikael Backlund,C,CGY                  CGY,34.0,2024,2025,2,"$9,000,000","$4,500,000",4500000.0,2023,8474150,exact,False,8474150,2023,Mikael Backlund,CGY,C,82.0,94634.0,52.41,0.48,0.5,0.51,0.51,15.0,20.0,4.0,19.14,4.0,19.0,209.0,24.0,70.0,61.0,56.0,28.0,11.0,12.0,33.0,778.0,769.0,83.41,91.22,1667.0,1595.0,94.0,95.0,197.0,516.0,341.0,70136.0,10.0,13.0,4.0,13.39,51.13,47.48,1251.0,1070.0,8571.0,2.0,1.0,0.0,2.55,14.38,3.71,249.0,44.0,11244.0,1.0,1.0,0.0,1.42,2.45,25.5,61.0,354.0,,,,,,,,,,,,,,
Eetu Luostarinen,C,FLA                  FLA,24.0,2024,2026,3,"$9,000,000","$3,000,000",3000000.0,2023,8480185,exact,False,8480185,2023,Eetu Luostarinen,FLA,C,82.0,78408.0,44.35,0.51,0.59,0.52,0.58,12.0,10.0,5.0,18.14,4.0,26.0,119.0,15.0,130.0,51.0,28.0,11.0,22.0,13.0,56.0,96.0,83.0,69.15,66.01,1334.0,1247.0,80.0,76.0,236.0,298.0,289.0,59681.0,8.0,7.0,5.0,12.09,42.52,34.95,1092.0,832.0,3430.0,2.0,0.0,0.0,2.47,13.82,1.81,119.0,18.0,12358.0,0.0,1.0,0.0,0.8,2.08,23.99,49.0,324.0,,,,,,,,,,,,,,
Trevor Van Riemsdyk,D,WAS                  WAS,31.0,2023,2025,3,"$9,000,000","$3,000,000",3000000.0,2022,8477845,exact,False,8477845,2022,Trevor van Riemsdyk,WSH,D,75.0,85794.0,34.42,0.44,0.52,0.46,0.53,7.0,7.0,9.0,4.0,2.0,4.0,97.0,4.0,21.0,30.0,40.0,33.0,9.0,6.0,160.0,0.0,0.0,66.06,82.6,1281.0,1533.0,62.0,86.0,229.0,309.0,271.0,70987.0,7.0,5.0,8.0,3.5,56.5,52.47,1159.0,1108.0,1185.0,0.0,1.0,0.0,0.04,2.68,0.14,32.0,6.0,10946.0,0.0,0.0,0.0,0.29,2.69,24.34,52.0,350.0,,,,,,,,,,,,,,
Jordan Greenway,LW,BUF                  BUF,24.0,2022,2024,3,"$9,000,000","$3,000,000",3000000.0,2021,8478413,exact,False,8478413,2021,Jordan Greenway,MIN,L,62.0,54172.0,27.62,0.51,0.52,0.47,0.51,10.0,7.0,10.0,14.37,7.0,19.0,110.0,12.0,155.0,14.0,16.0,7.0,17.0,29.0,31.0,18.0,31.0,44.76,42.48,756.0,847.0,47.0,43.0,133.0,138.0,211.0,45475.0,6.0,5.0,9.0,9.3,31.15,25.5,649.0,681.0,2470.0,1.0,0.0,1.0,0.64,4.12,0.54,53.0,8.0,3938.0,0.0,0.0,0.0,0.18,0.82,8.28,6.0,105.0,,,,,,,,,,,,,,
Vasily Podkolzin,RW,EDM                  EDM,24.0,2026,2028,3,"$8,850,000","$2,950,000",2950000.0,2024,8481617,exact,False,8481617,2024,Vasily Podkolzin,EDM,R,82.0,65021.0,39.66,0.56,0.54,0.55,0.53,8.0,6.0,10.0,14.3,0.0,16.0,114.0,13.0,211.0,20.0,55.0,14.0,13.0,15.0,53.0,14.0,43.0,52.84,41.15,1155.0,948.0,50.0,44.0,152.0,135.0,234.0,60682.0,8.0,6.0,10.0,13.44,47.58,34.03,1124.0,851.0,52.0,0.0,0.0,0.0,0.0,0.0,0.0,1.0,0.0,3451.0,0.0,0.0,0.0,0.25,0.92,5.53,15.0,74.0,,,,,,,,,,,,,,
Morgan Frost,C,CGY                  CGY,26.0,2025,2026,2,"$8,750,000","$4,375,000",4375000.0,2024,8480028,exact,False,8480028,2024,Morgan Frost,CGY,C,81.0,76571.0,37.95,0.57,0.49,0.56,0.48,14.0,10.0,13.0,16.06,2.0,21.0,144.0,14.0,69.0,35.0,66.0,20.0,11.0,11.0,60.0,529.0,504.0,66.26,50.18,1366.0,1079.0,78.0,57.0,346.0,93.0,231.0,61923.0,11.0,4.0,6.0,12.44,39.63,37.28,974.0,962.0,11917.0,2.0,6.0,6.0,2.69,21.36,2.57,322.0,48.0,42.0,0.0,0.0,0.0,0.0,0.0,0.0,0.0,0.0,,,,,,,,,,,,,,
Brayden McNabb,D,VGK                  VGK,30.0,2022,2024,3,"$8,550,000","$2,850,000",2850000.0,2021,8475188,exact,False,8475188,2021,Brayden McNabb,VGK,D,69.0,81558.0,27.13,0.46,0.54,0.44,0.55,3.0,5.0,10.0,3.61,1.0,2.0,85.0,6.0,154.0,37.0,28.0,26.0,11.0,18.0,179.0,0.0,0.0,63.42,73.84,1143.0,1451.0,72.0,77.0,134.0,281.0,293.0,68741.0,1.0,4.0,9.0,3.15,50.77,45.9,1080.0,1054.0,86.0,0.0,0.0,0.0,0.0,0.0,0.0,0.0,0.0,10216.0,0.0,0.0,0.0,0.05,2.07,22.82,34.0,332.0,,,,,,,,,,,,,,
Jason Dickinson,C,EDM                  EDM,29.0,2024,2025,2,"$8,500,000","$4,250,000",4250000.0,2023,8477450,exact,False,8477450,2023,Jason Dickinson,CHI,C,82.0,81529.0,33.55,0.38,0.45,0.44,0.45,22.0,5.0,8.0,13.07,5.0,14.0,126.0,11.0,142.0,54.0,35.0,17.0,17.0,15.0,73.0,618.0,618.0,49.06,81.47,1088.0,1411.0,57.0,90.0,137.0,364.0,290.0,64227.0,19.0,4.0,5.0,10.51,36.07,40.4,901.0,1013.0,3630.0,2.0,0.0,0.0,1.47,5.84,0.23,88.0,13.0,9672.0,0.0,0.0,0.0,0.43,1.82,22.07,33.0,274.0,,,,,,,,,,,,,,
Calle Jarnkrok,C,TOR                  TOR,30.0,2022,2025,4,"$8,400,000","$2,100,000",2100000.0,2021,8475714,exact,False,8475714,2021,Calle Jarnkrok,CGY,C,66.0,63509.0,29.04,0.48,0.49,0.53,0.52,12.0,7.0,11.0,11.72,7.0,15.0,101.0,8.0,38.0,27.0,12.0,2.0,10.0,3.0,17.0,239.0,228.0,48.8,53.91,1016.0,919.0,44.0,52.0,247.0,208.0,238.0,48875.0,8.0,3.0,9.0,6.91,26.98,31.72,709.0,695.0,7222.0,2.0,3.0,1.0,1.61,12.14,1.27,204.0,30.0,4103.0,0.0,0.0,0.0,0.37,0.71,9.25,9.0,137.0,,,,,,,,,,,,,,
Dmitri Voronkov,LW,CBJ                  CBJ,24.0,2025,2026,2,"$8,350,000","$4,175,000",4175000.0,2024,8481716,exact,False,8481716,2024,Dmitri Voronkov,CBJ,L,73.0,73527.0,50.6,0.55,0.45,0.56,0.45,23.0,14.0,10.0,25.7,8.0,38.0,154.0,31.0,71.0,11.0,58.0,15.0,4.0,16.0,47.0,37.0,52.0,78.57,63.5,1447.0,1133.0,94.0,77.0,272.0,122.0,252.0,62527.0,14.0,11.0,8.0,15.78,49.82,50.9,1095.0,1048.0,8689.0,8.0,1.0,2.0,7.44,17.6,1.79,265.0,27.0,149.0,0.0,0.0,0.0,0.0,0.01,0.01,1.0,2.0,,,,,,,,,,,,,,
Stefan Noesen,RW,NJD                  NJD,31.0,2024,2026,3,"$8,250,000","$2,750,000",2750000.0,2023,8476474,exact,False,8476474,2023,Stefan Noesen,CAR,R,81.0,57655.0,53.95,0.65,0.54,0.65,0.58,14.0,14.0,9.0,16.84,6.0,20.0,111.0,11.0,118.0,23.0,21.0,5.0,13.0,15.0,25.0,46.0,63.0,57.65,31.02,1212.0,656.0,56.0,33.0,241.0,90.0,207.0,49550.0,11.0,10.0,5.0,13.07,38.77,28.37,955.0,617.0,7323.0,3.0,3.0,4.0,3.51,16.34,1.8,225.0,32.0,72.0,0.0,0.0,0.0,0.0,0.0,0.0,0.0,0.0,,,,,,,,,,,,,,
Luke Schenn,D,BUF                  BUF,33.0,2023,2025,3,"$8,250,000","$2,750,000",2750000.0,2022,8474568,exact,False,8474568,2022,Luke Schenn,TOR,D,70.0,68690.0,12.78,0.42,0.5,0.41,0.52,4.0,11.0,7.0,2.77,0.0,3.0,81.0,6.0,318.0,11.0,33.0,23.0,7.0,29.0,98.0,0.0,0.0,47.97,66.91,908.0,1282.0,60.0,74.0,126.0,215.0,270.0,60956.0,4.0,10.0,6.0,2.73,41.62,49.44,862.0,1057.0,225.0,0.0,0.0,0.0,0.0,0.0,0.03,1.0,2.0,6248.0,0.0,0.0,0.0,0.01,1.71,14.58,25.0,183.0,,,,,,,,,,,,,,
Andrew Peeke,D,BOS                  BOS,25.0,2023,2025,3,"$8,250,000","$2,750,000",2750000.0,2022,8479369,exact,False,8479369,2022,Andrew Peeke,CBJ,D,80.0,101985.0,1.35,0.36,0.48,0.38,0.49,6.0,2.0,5.0,3.34,0.0,1.0,90.0,7.0,180.0,24.0,31.0,25.0,14.0,11.0,197.0,0.0,0.0,63.54,114.01,1298.0,2097.0,55.0,121.0,153.0,407.0,261.0,84716.0,5.0,2.0,3.0,2.46,52.75,71.58,1196.0,1542.0,191.0,0.0,0.0,0.0,0.0,0.22,0.03,2.0,1.0,14152.0,0.0,0.0,1.0,0.22,3.49,34.16,64.0,462.0,,,,,,,,,,,,,,
Jan Rutta,D,SJS                  SJS,31.0,2022,2024,3,"$8,250,000","$2,750,000",2750000.0,2021,8480172,exact,False,8480172,2021,Jan Rutta,TBL,D,76.0,74726.0,27.7,0.49,0.53,0.5,0.52,3.0,5.0,10.0,3.4,0.0,1.0,86.0,7.0,93.0,6.0,18.0,13.0,11.0,21.0,71.0,0.0,0.0,55.4,58.44,1101.0,1123.0,47.0,54.0,146.0,198.0,227.0,67781.0,3.0,5.0,10.0,3.03,50.42,44.95,1060.0,967.0,112.0,0.0,0.0,0.0,0.0,0.0,0.04,0.0,1.0,5195.0,0.0,0.0,0.0,0.02,1.81,10.6,21.0,115.0,,,,,,,,,,,,,,
Pius Suter,C,STL                  STL,29.0,2025,2026,2,"$8,250,000","$4,125,000",4125000.0,2024,8480459,exact,False,8480459,2024,Pius Suter,VAN,C,81.0,84292.0,42.0,0.49,0.49,0.48,0.5,25.0,12.0,9.0,19.84,7.0,27.0,138.0,19.0,59.0,19.0,52.0,17.0,5.0,9.0,43.0,372.0,502.0,69.27,70.95,1247.0,1360.0,94.0,82.0,197.0,352.0,276.0,63241.0,18.0,5.0,6.0,11.87,38.51,37.14,934.0,957.0,6286.0,1.0,1.0,2.0,2.25,11.9,1.37,156.0,30.0,10550.0,1.0,0.0,1.0,0.48,1.73,19.77,49.0,284.0,,,,,,,,,,,,,,
Martin Fehervary,D,WAS                  WAS,23.0,2023,2025,3,"$8,025,000","$2,675,000",2675000.0,2022,8480796,exact,False,8480796,2022,Martin Fehervary,WSH,D,67.0,80401.0,15.27,0.44,0.5,0.44,0.53,6.0,5.0,5.0,6.52,1.0,6.0,91.0,10.0,217.0,13.0,33.0,23.0,16.0,14.0,128.0,0.0,0.0,54.36,68.2,1119.0,1421.0,46.0,55.0,133.0,283.0,291.0,71276.0,4.0,5.0,5.0,4.53,44.67,50.32,1028.0,1175.0,279.0,0.0,0.0,0.0,0.04,0.43,0.19,7.0,4.0,6357.0,0.0,0.0,0.0,0.11,2.65,12.71,36.0,182.0,,,,,,,,,,,,,,
Jonathan Drouin,LW,STL                  STL,30.0,2025,2026,2,"$8,000,000","$4,000,000",4000000.0,2024,8477494,exact,False,8477494,2024,Jonathan Drouin,COL,L,43.0,46911.0,40.46,0.57,0.51,0.65,0.51,11.0,15.0,11.0,7.23,1.0,6.0,56.0,8.0,14.0,15.0,35.0,6.0,2.0,3.0,12.0,9.0,13.0,47.64,35.87,1050.0,562.0,42.0,44.0,193.0,62.0,116.0,36684.0,7.0,9.0,6.0,5.12,25.78,27.69,713.0,507.0,7614.0,3.0,5.0,4.0,1.39,13.55,0.79,211.0,24.0,5.0,0.0,0.0,0.0,0.0,0.0,0.0,0.0,0.0,,,,,,,,,,,,,,
Thomas Harley,D,DAL                  DAL,23.0,2024,2025,2,"$8,000,000","$4,000,000",4000000.0,2023,8481581,exact,False,8481581,2023,Thomas Harley,DAL,D,79.0,99620.0,68.15,0.58,0.55,0.56,0.51,15.0,14.0,18.0,7.52,3.0,4.0,144.0,13.0,67.0,37.0,61.0,34.0,7.0,9.0,135.0,0.0,0.0,91.7,67.04,1863.0,1466.0,102.0,73.0,256.0,235.0,303.0,86964.0,10.0,8.0,14.0,5.92,68.94,55.11,1607.0,1283.0,5743.0,1.0,5.0,3.0,0.72,14.91,1.79,165.0,28.0,4303.0,1.0,0.0,0.0,0.38,1.02,3.89,18.0,99.0,,,,,,,,,,,,,,
David Perron,LW,DET                  DET,36.0,2024,2025,2,"$8,000,000","$4,000,000",4000000.0,2023,8474102,exact,False,8474102,2023,David Perron,DET,L,76.0,71268.0,34.51,0.56,0.44,0.55,0.44,17.0,17.0,13.0,16.68,7.0,15.0,151.0,11.0,111.0,31.0,12.0,2.0,10.0,21.0,27.0,16.0,18.0,71.6,56.38,1259.0,1028.0,83.0,70.0,254.0,192.0,266.0,55529.0,8.0,9.0,9.0,8.02,29.99,41.18,778.0,923.0,12646.0,7.0,6.0,2.0,6.3,27.72,2.97,373.0,60.0,24.0,0.0,0.0,0.0,0.0,0.0,0.0,0.0,0.0,,,,,,,,,,,,,,
Jeremy Lauzon,D,VGK                  VGK,24.0,2022,2025,4,"$8,000,000","$2,000,000",2000000.0,2021,8478468,exact,False,8478468,2021,Jeremy Lauzon,NSH,D,66.0,69979.0,5.33,0.4,0.5,0.42,0.53,2.0,3.0,2.0,2.87,1.0,2.0,75.0,3.0,224.0,10.0,24.0,18.0,16.0,25.0,63.0,0.0,0.0,42.84,63.9,870.0,1192.0,38.0,67.0,104.0,209.0,222.0,61046.0,2.0,3.0,1.0,2.58,35.73,41.73,815.0,909.0,112.0,0.0,0.0,0.0,0.0,0.66,0.0,2.0,1.0,6980.0,0.0,0.0,0.0,0.0,1.78,17.85,27.0,234.0,,,,,,,,,,,,,,
Josh Manson,D,COL                  COL,33.0,2026,2027,2,"$7,900,000","$3,950,000",3950000.0,2024,8476312,exact,False,8476312,2024,Josh Manson,COL,D,48.0,51959.0,19.27,0.43,0.57,0.48,0.57,1.0,6.0,8.0,2.07,0.0,0.0,65.0,3.0,105.0,20.0,74.0,50.0,11.0,14.0,59.0,0.0,0.0,32.06,42.63,754.0,813.0,31.0,46.0,79.0,172.0,190.0,46400.0,1.0,5.0,7.0,1.73,26.76,28.06,716.0,638.0,56.0,0.0,0.0,1.0,0.0,0.17,0.0,2.0,1.0,3947.0,0.0,1.0,0.0,0.04,0.91,7.3,19.0,108.0,,,,,,,,,,,,,,
Michael Amadio,C,OTT                  OTT,28.0,2024,2026,3,"$7,800,000","$2,600,000",2600000.0,2023,8478020,exact,False,8478020,2023,Michael Amadio,VGK,R,73.0,58656.0,28.96,0.55,0.5,0.52,0.49,14.0,6.0,7.0,13.02,5.0,17.0,117.0,5.0,48.0,33.0,25.0,7.0,14.0,8.0,34.0,69.0,65.0,46.88,39.02,1037.0,972.0,51.0,35.0,172.0,132.0,184.0,53711.0,11.0,5.0,6.0,10.88,38.41,35.81,901.0,936.0,3933.0,3.0,1.0,1.0,1.81,6.16,1.12,107.0,20.0,369.0,0.0,0.0,0.0,0.0,0.0,0.54,0.0,9.0,,,,,,,,,,,,,,
Will Cuylle,LW,NYR                  NYR,23.0,2025,2026,2,"$7,800,000","$3,900,000",3900000.0,2024,8482157,exact,False,8482157,2024,Will Cuylle,NYR,L,82.0,74181.0,43.94,0.47,0.49,0.49,0.5,20.0,13.0,12.0,22.85,6.0,31.0,152.0,20.0,301.0,9.0,48.0,11.0,12.0,18.0,50.0,11.0,22.0,61.56,70.28,1177.0,1238.0,81.0,80.0,228.0,158.0,303.0,63720.0,16.0,10.0,11.0,17.79,47.9,49.49,1027.0,1050.0,3574.0,2.0,1.0,0.0,2.13,6.33,0.8,92.0,13.0,5035.0,2.0,0.0,1.0,0.92,1.69,10.39,24.0,119.0,,,,,,,,,,,,,,
Martin Pospisil,C,CGY                  CGY,25.0,2026,2028,3,"$7,500,000","$2,500,000",2500000.0,2024,8481028,exact,False,8481028,2024,Martin Pospisil,CGY,C,81.0,67107.0,36.28,0.49,0.49,0.56,0.5,4.0,13.0,8.0,13.38,0.0,21.0,114.0,10.0,301.0,17.0,53.0,13.0,29.0,26.0,26.0,71.0,103.0,50.8,52.11,1270.0,999.0,56.0,59.0,262.0,113.0,258.0,61219.0,3.0,10.0,6.0,10.57,38.51,43.73,1122.0,941.0,4003.0,1.0,1.0,2.0,1.89,7.04,0.94,103.0,9.0,348.0,0.0,0.0,0.0,0.0,0.01,0.64,1.0,8.0,,,,,,,,,,,,,,
Brandon Tanev,C,UTA                  UTA,33.0,2025,2027,3,"$7,500,000","$2,500,000",2500000.0,2024,8479293,exact,False,8479293,2024,Brandon Tanev,WPG,L,79.0,62695.0,18.3,0.42,0.5,0.38,0.52,10.0,8.0,4.0,13.19,4.0,15.0,99.0,15.0,168.0,23.0,52.0,21.0,12.0,8.0,105.0,7.0,24.0,43.06,60.58,806.0,1318.0,51.0,67.0,137.0,260.0,240.0,51836.0,8.0,6.0,4.0,10.59,34.57,36.18,763.0,923.0,288.0,0.0,0.0,0.0,0.0,0.38,0.04,4.0,3.0,8960.0,0.0,0.0,0.0,0.74,1.4,20.1,23.0,340.0,,,,,,,,,,,,,,
Tyson Foerster,C,PHI                  PHI,23.0,2025,2026,2,"$7,500,000","$3,750,000",3750000.0,2024,8482159,exact,False,8482159,2024,Tyson Foerster,PHI,R,81.0,81952.0,38.63,0.53,0.51,0.5,0.47,25.0,9.0,9.0,20.46,7.0,27.0,142.0,27.0,75.0,16.0,41.0,15.0,18.0,18.0,54.0,0.0,2.0,71.61,63.26,1238.0,1216.0,93.0,72.0,205.0,260.0,307.0,65227.0,16.0,7.0,8.0,13.71,46.98,39.51,890.0,987.0,8836.0,5.0,1.0,1.0,3.58,13.61,2.43,227.0,41.0,4392.0,0.0,0.0,0.0,0.33,0.95,9.09,16.0,115.0,,,,,,,,,,,,,,
Keegan Kolesar,RW,VGK                  VGK,27.0,2025,2027,3,"$7,500,000","$2,500,000",2500000.0,2024,8478434,exact,False,8478434,2024,Keegan Kolesar,VGK,R,82.0,64914.0,30.99,0.5,0.55,0.49,0.51,12.0,9.0,9.0,11.12,3.0,15.0,88.0,13.0,237.0,13.0,34.0,6.0,15.0,16.0,49.0,6.0,12.0,47.86,48.43,1015.0,1039.0,58.0,52.0,153.0,179.0,270.0,62008.0,11.0,7.0,9.0,10.75,46.16,42.16,1000.0,959.0,39.0,0.0,0.0,0.0,0.0,0.01,0.0,1.0,0.0,2319.0,0.0,1.0,0.0,0.18,0.5,3.22,9.0,59.0,,,,,,,,,,,,,,
Jake Neighbours,LW,STL                  STL,22.0,2025,2026,2,"$7,500,000","$3,750,000",3750000.0,2024,8482089,exact,False,8482089,2024,Jake Neighbours,STL,L,82.0,78202.0,38.87,0.53,0.47,0.52,0.47,22.0,15.0,9.0,19.21,9.0,32.0,122.0,11.0,173.0,14.0,51.0,15.0,24.0,22.0,56.0,5.0,13.0,69.75,60.83,1296.0,1179.0,81.0,68.0,308.0,170.0,247.0,64359.0,14.0,12.0,5.0,12.46,39.76,46.3,935.0,1055.0,9194.0,5.0,3.0,3.0,4.96,20.12,1.57,265.0,38.0,891.0,0.0,0.0,0.0,0.01,0.01,0.95,2.0,17.0,,,,,,,,,,,,,,
Shane Pinto,C,OTT                  OTT,23.0,2024,2025,2,"$7,500,000","$3,750,000",3750000.0,2023,8481596,exact,False,8481596,2023,Shane Pinto,OTT,C,41.0,44549.0,32.31,0.63,0.46,0.57,0.49,9.0,10.0,8.0,14.73,2.0,21.0,110.0,15.0,39.0,24.0,19.0,6.0,6.0,8.0,31.0,251.0,245.0,49.29,28.71,906.0,680.0,67.0,29.0,156.0,83.0,158.0,35920.0,2.0,6.0,7.0,9.52,29.14,21.65,667.0,581.0,5892.0,4.0,1.0,0.0,3.53,10.18,1.26,176.0,19.0,851.0,0.0,0.0,0.0,0.0,0.0,3.58,0.0,39.0,,,,,,,,,,,,,,
Niko Mikkola,D,FLA                  FLA,27.0,2023,2025,3,"$7,500,000","$2,500,000",2500000.0,2022,8478859,exact,False,8478859,2022,Niko Mikkola,NYR,D,81.0,84715.0,-3.7,0.4,0.5,0.39,0.51,1.0,2.0,3.0,2.34,0.0,0.0,62.0,5.0,151.0,9.0,34.0,28.0,9.0,26.0,106.0,0.0,0.0,53.66,80.51,960.0,1498.0,50.0,86.0,105.0,279.0,276.0,74528.0,1.0,2.0,3.0,2.22,46.41,57.4,916.0,1211.0,167.0,0.0,0.0,0.0,0.0,0.0,0.0,0.0,0.0,8169.0,0.0,0.0,0.0,0.09,2.81,17.06,30.0,226.0,,,,,,,,,,,,,,
Jacob Middleton,D,MIN                  MIN,25.0,2022,2024,3,"$7,350,000","$2,450,000",2450000.0,2021,8478136,exact,False,8478136,2021,Jacob Middleton,MIN,D,66.0,73990.0,12.58,0.47,0.5,0.44,0.49,4.0,5.0,5.0,3.94,1.0,1.0,73.0,5.0,118.0,27.0,19.0,19.0,15.0,26.0,124.0,0.0,0.0,51.48,57.56,990.0,1280.0,45.0,46.0,155.0,235.0,242.0,64629.0,3.0,3.0,3.0,2.65,43.94,44.55,915.0,1064.0,762.0,0.0,0.0,1.0,0.06,2.26,0.2,19.0,4.0,6103.0,0.0,0.0,1.0,0.27,2.05,9.27,31.0,158.0,,,,,,,,,,,,,,
Simon Holmstrom,RW,NYI                  NYI,24.0,2025,2026,2,"$7,250,000","$3,625,000",3625000.0,2024,8481601,exact,False,8481601,2024,Simon Holmstrom,NYI,R,75.0,75892.0,42.42,0.45,0.5,0.48,0.5,20.0,17.0,8.0,14.72,4.0,17.0,96.0,16.0,27.0,13.0,48.0,14.0,13.0,4.0,55.0,1.0,4.0,60.38,73.04,1269.0,1355.0,64.0,89.0,230.0,226.0,238.0,58990.0,13.0,12.0,5.0,8.25,41.02,42.34,965.0,1013.0,7881.0,2.0,2.0,2.0,0.92,8.84,1.44,204.0,27.0,6177.0,1.0,3.0,0.0,0.82,1.8,14.47,29.0,205.0,,,,,,,,,,,,,,
Andrew Mangiapane,LW,CHI                  CHI,29.0,2025,2026,2,"$7,200,000","$3,600,000",3600000.0,2024,8478233,exact,False,8478233,2024,Andrew Mangiapane,WSH,L,81.0,63308.0,33.85,0.57,0.51,0.55,0.48,14.0,9.0,5.0,14.43,3.0,20.0,95.0,10.0,74.0,11.0,49.0,11.0,18.0,12.0,30.0,5.0,7.0,52.54,39.98,1059.0,864.0,69.0,37.0,143.0,116.0,216.0,55766.0,11.0,6.0,3.0,11.37,40.16,33.57,890.0,797.0,5694.0,0.0,2.0,2.0,2.38,10.64,2.26,148.0,27.0,676.0,1.0,0.0,0.0,0.07,0.07,0.39,1.0,12.0,,,,,,,,,,,,,,
Alexander Kerfoot,C,UTA                  UTA,28.0,2023,2024,2,"$7,000,000","$3,500,000",3500000.0,2022,8477021,exact,False,8477021,2022,Alexander Kerfoot,TOR,C,82.0,71925.0,38.93,0.49,0.56,0.49,0.51,10.0,12.0,10.0,16.81,6.0,23.0,133.0,10.0,54.0,45.0,38.0,18.0,17.0,15.0,46.0,65.0,80.0,57.94,59.45,1036.0,1070.0,62.0,67.0,132.0,179.0,227.0,58581.0,6.0,10.0,8.0,12.55,43.8,38.25,899.0,815.0,3283.0,2.0,0.0,1.0,0.81,2.85,0.94,63.0,15.0,7639.0,1.0,1.0,0.0,1.56,3.4,12.6,36.0,180.0,,,,,,,,,,,,,,
Nicolas Deslauriers,LW,CAR                  CAR,30.0,2022,2025,4,"$7,000,000","$1,750,000",1750000.0,2021,8475235,exact,False,8475235,2021,Nicolas Deslauriers,MIN,L,81.0,55236.0,6.78,0.42,0.51,0.4,0.51,8.0,3.0,2.0,9.9,3.0,9.0,90.0,9.0,263.0,7.0,14.0,6.0,22.0,27.0,49.0,1.0,3.0,30.52,41.32,656.0,982.0,30.0,26.0,135.0,127.0,210.0,48769.0,6.0,3.0,2.0,8.03,27.41,31.83,629.0,810.0,130.0,0.0,0.0,0.0,0.0,0.33,0.0,1.0,0.0,5816.0,0.0,0.0,0.0,0.16,0.58,8.36,19.0,153.0,,,,,,,,,,,,,,
Eeli Tolvanen,RW,SEA                  SEA,25.0,2024,2025,2,"$6,950,000","$3,475,000",3475000.0,2023,8480009,exact,False,8480009,2023,Eeli Tolvanen,SEA,R,81.0,76021.0,41.87,0.59,0.48,0.56,0.49,16.0,14.0,11.0,16.55,3.0,18.0,153.0,16.0,210.0,33.0,24.0,4.0,5.0,12.0,75.0,12.0,23.0,66.2,45.99,1445.0,1128.0,73.0,36.0,273.0,154.0,264.0,62566.0,12.0,10.0,6.0,10.7,41.09,37.87,1075.0,1046.0,11184.0,1.0,4.0,5.0,4.0,19.47,1.61,320.0,41.0,505.0,0.0,0.0,0.0,0.0,0.04,0.7,1.0,10.0,,,,,,,,,,,,,,
Parker Kelly,C,COL                  COL,26.0,2026,2029,4,"$6,800,000","$1,700,000",1700000.0,2024,8480448,exact,False,8480448,2024,Parker Kelly,COL,C,80.0,61170.0,26.65,0.44,0.55,0.46,0.56,8.0,8.0,3.0,10.18,1.0,7.0,99.0,8.0,161.0,17.0,41.0,17.0,13.0,13.0,72.0,302.0,400.0,37.08,47.69,892.0,1056.0,40.0,53.0,85.0,268.0,267.0,50920.0,6.0,5.0,2.0,8.51,30.5,25.68,829.0,738.0,123.0,0.0,0.0,0.0,0.0,0.01,0.0,1.0,0.0,8762.0,1.0,1.0,0.0,0.69,2.26,16.26,48.0,246.0,,,,,,,,,,,,,,
Eric Robinson,LW,CAR                  CAR,30.0,2025,2028,4,"$6,800,000","$1,700,000",1700000.0,2024,8480762,exact,False,8480762,2024,Eric Robinson,CAR,L,82.0,60325.0,50.51,0.52,0.56,0.57,0.59,14.0,14.0,4.0,17.58,5.0,26.0,110.0,15.0,123.0,9.0,42.0,13.0,10.0,5.0,16.0,7.0,26.0,49.86,45.18,1063.0,807.0,51.0,54.0,192.0,104.0,223.0,56177.0,12.0,14.0,4.0,16.08,47.79,38.22,1046.0,717.0,95.0,0.0,0.0,0.0,0.0,0.02,0.0,1.0,0.0,3612.0,0.0,0.0,0.0,0.62,1.03,5.05,8.0,76.0,,,,,,,,,,,,,,
Janis Moser,D,TBL                  TBL,24.0,2024,2025,2,"$6,750,000","$3,375,000",3375000.0,2023,8482655,last+initial,False,8482655,2023,J.J. Moser,ARI,D,80.0,98743.0,25.03,0.42,0.5,0.45,0.49,5.0,8.0,13.0,4.85,2.0,6.0,77.0,6.0,99.0,21.0,35.0,27.0,10.0,16.0,112.0,0.0,0.0,73.16,100.53,1471.0,1798.0,84.0,123.0,184.0,391.0,390.0,80208.0,5.0,8.0,6.0,3.71,54.38,58.85,1283.0,1304.0,3795.0,0.0,0.0,3.0,0.17,5.05,1.01,83.0,17.0,10926.0,0.0,0.0,2.0,0.42,2.26,28.59,43.0,368.0,,,,,,,,,,,,,,
Blake Lizotte,C,PIT                  PIT,28.0,2026,2028,3,"$6,750,000","$2,250,000",2250000.0,2024,8481481,exact,False,8481481,2024,Blake Lizotte,PIT,C,59.0,45038.0,13.82,0.39,0.51,0.43,0.52,11.0,6.0,3.0,7.19,3.0,11.0,52.0,5.0,60.0,10.0,36.0,8.0,4.0,13.0,29.0,177.0,170.0,23.35,35.89,577.0,776.0,21.0,36.0,49.0,234.0,124.0,39456.0,8.0,5.0,3.0,5.47,20.21,25.94,547.0,619.0,228.0,1.0,0.0,0.0,0.39,0.48,0.0,4.0,0.0,4489.0,0.0,0.0,0.0,0.2,0.55,7.63,13.0,125.0,,,,,,,,,,,,,,
Jack Quinn,RW,BUF                  BUF,23.0,2025,2026,2,"$6,750,000","$3,375,000",3375000.0,2024,8482097,exact,False,8482097,2024,Jack Quinn,BUF,R,74.0,65993.0,32.67,0.53,0.47,0.53,0.49,15.0,13.0,11.0,13.02,3.0,7.0,123.0,14.0,39.0,12.0,52.0,15.0,12.0,9.0,23.0,1.0,6.0,64.64,56.67,1130.0,1008.0,68.0,65.0,287.0,128.0,166.0,53744.0,11.0,6.0,7.0,8.0,33.48,42.33,832.0,901.0,9343.0,3.0,6.0,2.0,2.93,18.88,3.54,218.0,54.0,390.0,0.0,0.0,0.0,0.0,0.03,0.97,2.0,10.0,,,,,,,,,,,,,,
Mikael Backlund,C,CGY                  CGY,36.0,2026,2027,2,"$6,500,000","$3,250,000",3250000.0,2024,8474150,exact,False,8474150,2024,Mikael Backlund,CGY,C,76.0,85440.0,43.37,0.48,0.5,0.49,0.52,15.0,12.0,5.0,18.84,5.0,21.0,175.0,18.0,41.0,35.0,68.0,22.0,6.0,15.0,51.0,703.0,749.0,76.75,83.35,1449.0,1491.0,92.0,92.0,182.0,492.0,268.0,64079.0,12.0,5.0,3.0,13.49,46.56,42.73,1134.0,1010.0,7903.0,1.0,4.0,1.0,2.22,14.38,1.43,199.0,20.0,9883.0,0.0,0.0,0.0,0.61,1.79,23.26,40.0,333.0,,,,,,,,,,,,,,
Cole Perfetti,C,WPG                  WPG,22.0,2024,2025,2,"$6,500,000","$3,250,000",3250000.0,2023,8482149,exact,False,8482149,2023,Cole Perfetti,WPG,C,71.0,57887.0,46.32,0.59,0.49,0.59,0.49,19.0,16.0,3.0,15.37,10.0,23.0,143.0,17.0,26.0,18.0,12.0,8.0,3.0,6.0,23.0,38.0,63.0,48.43,33.8,1059.0,750.0,49.0,33.0,213.0,52.0,136.0,47841.0,11.0,12.0,1.0,10.24,31.89,27.58,820.0,704.0,9214.0,4.0,4.0,2.0,2.96,12.87,2.0,218.0,30.0,3.0,0.0,0.0,0.0,0.0,0.0,0.44,0.0,1.0,,,,,,,,,,,,,,
Mason Lohrei,D,BOS                  BOS,24.0,2025,2026,2,"$6,400,000","$3,200,000",3200000.0,2024,8482511,exact,False,8482511,2024,Mason Lohrei,BOS,D,77.0,90217.0,23.4,0.49,0.46,0.52,0.46,5.0,9.0,19.0,6.36,1.0,4.0,92.0,8.0,25.0,36.0,104.0,64.0,10.0,9.0,103.0,0.0,0.0,79.64,81.27,1558.0,1457.0,91.0,100.0,300.0,158.0,253.0,75829.0,4.0,2.0,9.0,4.12,48.92,55.68,1167.0,1293.0,9223.0,1.0,4.0,9.0,1.36,18.46,3.82,244.0,56.0,1495.0,0.0,0.0,0.0,0.01,0.05,4.23,2.0,40.0,,,,,,,,,,,,,,
Yegor Sharangovich,C,CGY                  CGY,25.0,2023,2024,2,"$6,200,000","$3,100,000",3100000.0,2022,8481068,exact,False,8481068,2022,Yegor Sharangovich,NJD,C,75.0,64882.0,36.65,0.47,0.59,0.48,0.55,13.0,11.0,6.0,17.25,4.0,18.0,131.0,9.0,22.0,40.0,30.0,17.0,12.0,8.0,41.0,26.0,53.0,52.37,59.76,989.0,1061.0,52.0,55.0,161.0,146.0,197.0,54679.0,9.0,8.0,6.0,13.27,42.51,39.11,900.0,805.0,354.0,0.0,0.0,0.0,0.04,0.3,0.3,10.0,7.0,8678.0,2.0,2.0,0.0,1.36,2.61,16.62,37.0,222.0,,,,,,,,,,,,,,
Luke Evangelista,RW,NSH                  NSH,23.0,2025,2026,2,"$6,000,000","$3,000,000",3000000.0,2024,8482146,exact,False,8482146,2024,Luke Evangelista,NSH,R,68.0,56596.0,39.17,0.58,0.49,0.58,0.5,10.0,10.0,12.0,13.98,5.0,16.0,134.0,8.0,28.0,16.0,37.0,7.0,16.0,11.0,13.0,0.0,3.0,51.77,37.33,1030.0,742.0,58.0,47.0,150.0,76.0,166.0,50184.0,5.0,9.0,9.0,10.24,37.74,33.28,855.0,713.0,5094.0,1.0,1.0,3.0,1.15,9.54,0.27,137.0,7.0,0.0,0.0,0.0,0.0,0.0,0.0,0.0,0.0,0.0,,,,,,,,,,,,,,
Radek Faksa,C,DAL                  DAL,31.0,2025,2027,3,"$6,000,000","$2,000,000",2000000.0,2024,8476889,exact,False,8476889,2024,Radek Faksa,STL,C,70.0,54699.0,15.06,0.4,0.51,0.44,0.49,5.0,7.0,3.0,6.64,0.0,7.0,68.0,8.0,115.0,13.0,32.0,12.0,9.0,15.0,50.0,432.0,326.0,28.32,41.89,694.0,897.0,32.0,53.0,82.0,229.0,252.0,48064.0,5.0,6.0,1.0,6.26,25.72,28.3,648.0,714.0,563.0,0.0,0.0,0.0,0.22,0.6,0.12,18.0,4.0,5320.0,0.0,0.0,0.0,0.15,0.73,10.6,21.0,149.0,,,,,,,,,,,,,,
Nic Dowd,C,VGK                  VGK,34.0,2025,2026,2,"$6,000,000","$3,000,000",3000000.0,2024,8475343,exact,False,8475343,2024,Nic Dowd,WSH,C,82.0,74666.0,26.07,0.44,0.55,0.4,0.53,14.0,5.0,8.0,13.92,4.0,19.0,86.0,8.0,128.0,32.0,51.0,27.0,17.0,19.0,82.0,596.0,599.0,57.36,72.0,993.0,1469.0,71.0,79.0,56.0,530.0,286.0,59886.0,10.0,4.0,3.0,10.69,41.45,36.44,918.0,963.0,183.0,0.0,0.0,0.0,0.0,0.21,0.0,3.0,0.0,11917.0,2.0,0.0,0.0,1.17,2.18,24.52,40.0,385.0,,,,,,,,,,,,,,
Vladislav Namestnikov,C,WPG                  WPG,32.0,2025,2026,2,"$6,000,000","$3,000,000",3000000.0,2024,8476480,exact,False,8476480,2024,Vladislav Namestnikov,WPG,C,78.0,70626.0,39.34,0.56,0.51,0.53,0.48,11.0,9.0,18.0,17.23,5.0,26.0,94.0,25.0,84.0,15.0,38.0,14.0,14.0,14.0,49.0,365.0,426.0,63.38,49.51,1188.0,1045.0,80.0,55.0,287.0,107.0,205.0,59612.0,7.0,5.0,9.0,11.98,42.93,39.11,990.0,903.0,5725.0,2.0,2.0,7.0,3.47,12.21,0.6,134.0,17.0,3313.0,0.0,0.0,0.0,0.7,1.05,6.08,16.0,84.0,,,,,,,,,,,,,,
Adam Henrique,C,EDM                  EDM,34.0,2024,2025,2,"$6,000,000","$3,000,000",3000000.0,2023,8474641,exact,False,8474641,2023,Adam Henrique,EDM,C,82.0,82898.0,48.16,0.47,0.49,0.47,0.48,24.0,15.0,12.0,21.44,15.0,31.0,140.0,20.0,99.0,30.0,18.0,6.0,11.0,12.0,78.0,577.0,506.0,71.04,81.04,1278.0,1443.0,95.0,90.0,251.0,322.0,279.0,60664.0,15.0,9.0,7.0,13.04,40.99,44.67,898.0,963.0,8831.0,5.0,3.0,2.0,3.77,17.0,1.13,244.0,21.0,9768.0,1.0,3.0,0.0,0.73,3.42,19.98,43.0,354.0,,,,,,,,,,,,,,
Timothy Liljegren,D,WAS                  WAS,25.0,2024,2025,2,"$6,000,000","$3,000,000",3000000.0,2023,8480043,exact,False,8480043,2023,Timothy Liljegren,TOR,D,55.0,64889.0,23.8,0.53,0.52,0.51,0.52,3.0,8.0,12.0,3.26,0.0,3.0,62.0,6.0,92.0,10.0,40.0,34.0,6.0,8.0,116.0,0.0,0.0,62.01,54.95,1165.0,1123.0,74.0,60.0,209.0,133.0,226.0,53850.0,3.0,2.0,9.0,2.09,45.36,38.48,922.0,950.0,5324.0,0.0,5.0,2.0,0.66,9.5,1.57,168.0,27.0,3459.0,0.0,0.0,1.0,0.22,1.29,9.47,21.0,97.0,,,,,,,,,,,,,,
Noel Acciari,C,PIT                  PIT,32.0,2023,2025,3,"$6,000,000","$2,000,000",2000000.0,2022,8478569,exact,False,8478569,2022,Noel Acciari,TOR,C,77.0,66125.0,20.28,0.45,0.49,0.4,0.5,14.0,5.0,4.0,17.13,9.0,21.0,102.0,12.0,244.0,33.0,13.0,9.0,17.0,9.0,81.0,337.0,289.0,47.28,58.64,768.0,1145.0,48.0,62.0,80.0,228.0,205.0,56676.0,10.0,3.0,4.0,13.52,38.38,38.26,720.0,876.0,636.0,0.0,0.0,0.0,0.11,0.22,0.03,9.0,2.0,7333.0,0.0,2.0,0.0,0.25,1.64,15.06,20.0,206.0,,,,,,,,,,,,,,
Olli Maatta,D,CGY                  CGY,28.0,2023,2024,2,"$6,000,000","$3,000,000",3000000.0,2022,8476874,exact,False,8476874,2022,Olli Maatta,DET,D,78.0,87549.0,15.8,0.43,0.51,0.43,0.49,6.0,8.0,9.0,2.83,1.0,1.0,62.0,3.0,78.0,23.0,38.0,33.0,7.0,7.0,128.0,0.0,0.0,52.82,70.79,1075.0,1403.0,49.0,81.0,150.0,234.0,298.0,77211.0,5.0,8.0,9.0,2.18,44.53,55.74,1011.0,1169.0,266.0,0.0,0.0,0.0,0.0,0.0,0.0,0.0,0.0,6939.0,0.0,0.0,0.0,0.03,2.28,11.75,38.0,183.0,,,,,,,,,,,,,,
Mason Appleton,C,DET                  DET,29.0,2025,2026,2,"$5,800,000","$2,900,000",2900000.0,2024,8478891,exact,False,8478891,2024,Mason Appleton,WPG,C,71.0,63181.0,25.18,0.51,0.52,0.48,0.5,10.0,8.0,4.0,10.88,2.0,12.0,108.0,10.0,76.0,15.0,38.0,10.0,10.0,9.0,29.0,10.0,12.0,49.91,48.39,988.0,1084.0,65.0,49.0,102.0,252.0,293.0,57766.0,8.0,7.0,4.0,8.26,42.29,39.77,942.0,950.0,909.0,0.0,1.0,0.0,0.0,2.34,0.13,22.0,4.0,3096.0,0.0,0.0,0.0,0.12,0.47,4.84,7.0,79.0,,,,,,,,,,,,,,
Anthony Beauvillier,LW,WAS                  WAS,28.0,2025,2026,2,"$5,500,000","$2,750,000",2750000.0,2024,8478463,exact,False,8478463,2024,Anthony Beauvillier,WSH,L,81.0,62568.0,36.1,0.51,0.49,0.51,0.5,15.0,4.0,6.0,19.42,5.0,31.0,149.0,18.0,139.0,15.0,29.0,9.0,16.0,7.0,36.0,11.0,13.0,46.04,43.5,1066.0,1005.0,51.0,42.0,160.0,151.0,255.0,59651.0,14.0,3.0,5.0,17.58,42.65,38.73,1018.0,932.0,807.0,0.0,1.0,0.0,0.39,1.17,0.06,19.0,2.0,1060.0,1.0,0.0,0.0,0.12,0.13,2.46,3.0,33.0,,,,,,,,,,,,,,
Nick Perbix,D,NSH                  NSH,27.0,2025,2026,2,"$5,500,000","$2,750,000",2750000.0,2024,8480246,exact,False,8480246,2024,Nick Perbix,TBL,D,74.0,65200.0,24.45,0.51,0.53,0.51,0.51,6.0,7.0,6.0,4.6,1.0,4.0,66.0,5.0,50.0,21.0,62.0,42.0,6.0,10.0,66.0,0.0,0.0,48.31,46.82,1044.0,993.0,48.0,50.0,132.0,150.0,193.0,62852.0,6.0,7.0,5.0,4.52,45.43,44.08,1010.0,940.0,65.0,0.0,0.0,0.0,0.0,0.14,0.02,2.0,2.0,1170.0,0.0,0.0,0.0,0.0,0.88,1.54,10.0,31.0,,,,,,,,,,,,,,
Kent Johnson,C,CBJ                  CBJ,21.0,2024,2026,3,"$5,400,000","$1,800,000",1800000.0,2023,8482660,exact,False,8482660,2023,Kent Johnson,CBJ,C,42.0,34125.0,15.11,0.51,0.45,0.55,0.47,6.0,6.0,4.0,4.71,3.0,6.0,62.0,7.0,10.0,16.0,7.0,2.0,5.0,4.0,16.0,8.0,12.0,26.12,24.72,614.0,510.0,31.0,29.0,134.0,59.0,104.0,28110.0,5.0,6.0,4.0,3.18,17.62,20.06,436.0,472.0,5334.0,0.0,0.0,0.0,1.3,7.69,1.15,160.0,21.0,8.0,0.0,0.0,0.0,0.0,0.0,0.0,0.0,0.0,,,,,,,,,,,,,,
William Borgen,D,NYR                  NYR,26.0,2023,2024,2,"$5,400,000","$2,700,000",2700000.0,2022,8478840,exact,False,8478840,2022,Will Borgen,SEA,D,82.0,80490.0,25.0,0.46,0.53,0.47,0.54,3.0,10.0,7.0,2.88,0.0,1.0,76.0,8.0,203.0,14.0,23.0,19.0,17.0,19.0,89.0,0.0,0.0,53.41,61.78,1111.0,1240.0,43.0,65.0,93.0,229.0,294.0,71529.0,3.0,9.0,7.0,2.34,47.3,47.8,1062.0,1045.0,326.0,0.0,0.0,0.0,0.44,1.79,0.01,6.0,1.0,7651.0,0.0,0.0,0.0,0.04,2.03,10.99,29.0,171.0,,,,,,,,,,,,,,
Christian Dvorak,C,PHI                  PHI,29.0,2025,2025,1,"$5,400,000","$5,400,000",5400000.0,2024,8477989,exact,False,8477989,2024,Christian Dvorak,MTL,C,82.0,74999.0,25.92,0.43,0.47,0.4,0.49,12.0,15.0,6.0,15.97,3.0,23.0,104.0,18.0,44.0,18.0,66.0,24.0,11.0,8.0,74.0,591.0,469.0,57.91,77.19,1018.0,1527.0,73.0,93.0,151.0,337.0,288.0,59977.0,10.0,9.0,6.0,12.35,43.28,43.02,903.0,1077.0,1791.0,1.0,1.0,0.0,0.95,2.82,0.9,33.0,14.0,10675.0,0.0,0.0,0.0,0.67,2.08,20.35,35.0,347.0,,,,,,,,,,,,,,
Jake Evans,C,MTL                  MTL,25.0,2022,2024,3,"$5,100,000","$1,700,000",1700000.0,2021,8478133,exact,False,8478133,2021,Jake Evans,MTL,C,72.0,67371.0,29.66,0.4,0.46,0.43,0.48,13.0,11.0,5.0,11.11,2.0,9.0,124.0,5.0,88.0,39.0,33.0,20.0,16.0,11.0,37.0,461.0,465.0,43.96,66.23,912.0,1212.0,48.0,62.0,148.0,328.0,241.0,55715.0,11.0,9.0,5.0,8.96,37.62,39.62,814.0,868.0,1344.0,0.0,0.0,0.0,0.38,1.13,0.57,21.0,8.0,7867.0,0.0,1.0,0.0,0.52,1.58,18.83,33.0,264.0,,,,,,,,,,,,,,
Alexei Toropchenko,RW,STL                  STL,26.0,2026,2027,2,"$5,000,000","$2,500,000",2500000.0,2024,8480281,exact,False,8480281,2024,Alexey Toropchenko,STL,R,80.0,59964.0,15.04,0.38,0.51,0.43,0.5,4.0,6.0,8.0,9.64,0.0,13.0,90.0,11.0,223.0,6.0,24.0,3.0,9.0,11.0,53.0,4.0,5.0,30.15,48.41,744.0,992.0,31.0,58.0,84.0,214.0,303.0,53137.0,4.0,6.0,8.0,9.11,27.42,30.97,703.0,819.0,353.0,0.0,0.0,0.0,0.04,0.23,0.04,7.0,1.0,5427.0,0.0,0.0,0.0,0.28,0.81,12.68,22.0,140.0,,,,,,,,,,,,,,
Cody Glass,C,NJD                  NJD,26.0,2025,2026,2,"$5,000,000","$2,500,000",2500000.0,2024,8479996,exact,False,8479996,2024,Cody Glass,NJD,C,65.0,53257.0,30.86,0.49,0.5,0.51,0.51,6.0,12.0,4.0,10.08,1.0,11.0,91.0,11.0,53.0,12.0,32.0,14.0,8.0,8.0,38.0,243.0,230.0,37.93,39.63,878.0,830.0,42.0,42.0,138.0,172.0,182.0,45118.0,5.0,10.0,2.0,8.26,31.3,24.86,781.0,631.0,2289.0,1.0,0.0,1.0,1.6,4.66,0.11,57.0,7.0,4554.0,0.0,0.0,0.0,0.1,0.26,8.93,8.0,146.0,,,,,,,,,,,,,,
Joel Armia,RW,LAK                  LAK,33.0,2025,2026,2,"$5,000,000","$2,500,000",2500000.0,2024,8476469,exact,False,8476469,2024,Joel Armia,MTL,R,81.0,69508.0,21.12,0.4,0.48,0.41,0.48,11.0,13.0,5.0,13.42,4.0,16.0,104.0,9.0,87.0,19.0,48.0,21.0,8.0,8.0,35.0,3.0,11.0,49.59,74.08,898.0,1288.0,54.0,93.0,96.0,296.0,254.0,51364.0,5.0,10.0,4.0,8.1,28.86,38.66,721.0,842.0,3585.0,0.0,3.0,0.0,0.59,5.89,0.56,83.0,9.0,11826.0,3.0,0.0,0.0,1.13,3.02,26.1,51.0,346.0,,,,,,,,,,,,,,
Drew O'Connor,LW,VAN                  VAN,26.0,2025,2026,2,"$5,000,000","$2,500,000",2500000.0,2024,8482055,exact,False,8482055,2024,Drew O'Connor,VAN,L,84.0,72891.0,29.74,0.45,0.51,0.48,0.51,10.0,7.0,8.0,21.08,2.0,31.0,117.0,21.0,83.0,36.0,61.0,19.0,18.0,17.0,57.0,48.0,67.0,55.35,66.87,1155.0,1235.0,68.0,79.0,151.0,189.0,222.0,63331.0,7.0,6.0,6.0,16.63,45.6,46.81,1070.0,989.0,949.0,1.0,0.0,1.0,1.54,3.79,0.17,28.0,7.0,7020.0,0.0,1.0,0.0,0.72,1.62,15.13,28.0,191.0,,,,,,,,,,,,,,
Jason Zucker,LW,BUF                  BUF,32.0,2024,2024,1,"$5,000,000","$5,000,000",5000000.0,2023,8475722,exact,False,8475722,2023,Jason Zucker,NSH,L,69.0,57231.0,30.13,0.57,0.47,0.53,0.48,14.0,11.0,7.0,18.62,6.0,20.0,150.0,25.0,98.0,26.0,37.0,11.0,19.0,22.0,18.0,13.0,20.0,54.53,41.78,1001.0,902.0,59.0,32.0,187.0,122.0,177.0,49356.0,9.0,8.0,4.0,13.55,37.43,34.96,781.0,840.0,6516.0,5.0,2.0,3.0,4.2,13.44,1.53,183.0,28.0,99.0,0.0,0.0,0.0,0.0,0.0,0.39,0.0,3.0,,,,,,,,,,,,,,
Garnet Hathaway,RW,PHI                  PHI,32.0,2025,2026,2,"$4,800,000","$2,400,000",2400000.0,2024,8477903,exact,False,8477903,2024,Garnet Hathaway,PHI,R,67.0,47692.0,18.4,0.47,0.53,0.41,0.49,10.0,5.0,6.0,8.72,1.0,10.0,80.0,12.0,257.0,8.0,27.0,10.0,29.0,21.0,61.0,7.0,12.0,30.31,34.65,616.0,886.0,30.0,27.0,66.0,226.0,220.0,41270.0,8.0,4.0,6.0,8.34,25.72,22.79,584.0,706.0,278.0,0.0,0.0,0.0,0.0,0.08,0.01,3.0,1.0,5387.0,2.0,0.0,0.0,0.38,1.11,10.68,19.0,154.0,,,,,,,,,,,,,,
Garnet Hathaway,RW,PHI                  PHI,31.0,2023,2024,2,"$4,750,000","$2,375,000",2375000.0,2022,8477903,exact,False,8477903,2022,Garnet Hathaway,BOS,R,84.0,59448.0,26.28,0.45,0.53,0.44,0.53,13.0,4.0,5.0,11.58,4.0,13.0,88.0,7.0,268.0,12.0,13.0,5.0,32.0,25.0,83.0,3.0,10.0,40.21,49.79,829.0,1062.0,39.0,50.0,71.0,402.0,256.0,51274.0,13.0,3.0,5.0,10.15,35.37,33.8,783.0,813.0,45.0,0.0,0.0,0.0,0.0,0.0,0.0,0.0,0.0,7120.0,0.0,1.0,0.0,0.81,1.91,14.51,29.0,218.0,,,,,,,,,,,,,,
Mark Kastelic,C,BOS                  BOS,25.0,2025,2027,3,"$4,700,000","$1,566,667",1566667.0,2024,8480355,exact,False,8480355,2024,Mark Kastelic,BOS,C,61.0,39294.0,8.6,0.46,0.49,0.43,0.5,5.0,6.0,3.0,6.23,0.0,5.0,67.0,11.0,218.0,12.0,26.0,10.0,22.0,27.0,39.0,199.0,167.0,21.82,25.79,486.0,648.0,23.0,21.0,49.0,205.0,189.0,37598.0,5.0,6.0,2.0,6.23,19.0,24.05,472.0,611.0,339.0,0.0,0.0,0.0,0.0,0.03,0.26,4.0,3.0,911.0,0.0,0.0,0.0,0.0,0.1,0.62,2.0,16.0,,,,,,,,,,,,,,
Alexis Lafrenière,LW,NYR                  NYR,21.0,2023,2024,2,"$4,650,000","$2,325,000",2325000.0,2022,8482109,exact,False,8482109,2022,Alexis Lafrenire,NYR,L,81.0,73967.0,41.32,0.54,0.5,0.55,0.5,16.0,10.0,13.0,16.31,5.0,17.0,135.0,7.0,141.0,32.0,36.0,8.0,15.0,15.0,28.0,28.0,48.0,61.18,52.24,1233.0,1010.0,51.0,58.0,196.0,82.0,199.0,65489.0,12.0,8.0,9.0,10.93,42.55,47.7,1009.0,947.0,6544.0,3.0,0.0,1.0,4.04,11.15,1.13,160.0,28.0,158.0,0.0,0.0,0.0,0.0,0.09,0.05,1.0,1.0,,,,,,,,,,,,,,
Dmitry Kulikov,D,FLA                  FLA,33.0,2024,2027,4,"$4,600,000","$1,150,000",1150000.0,2023,8475179,exact,False,8475179,2023,Dmitry Kulikov,FLA,D,76.0,75303.0,31.9,0.47,0.6,0.5,0.58,1.0,12.0,7.0,4.67,0.0,5.0,74.0,4.0,145.0,22.0,47.0,35.0,16.0,20.0,84.0,0.0,0.0,56.79,63.94,1195.0,1205.0,63.0,86.0,202.0,180.0,238.0,63603.0,1.0,9.0,5.0,4.03,48.23,41.09,1117.0,937.0,308.0,0.0,0.0,0.0,0.0,0.05,0.01,6.0,1.0,9797.0,0.0,0.0,1.0,0.07,2.6,17.52,48.0,220.0,,,,,,,,,,,,,,
Connor Dewar,C,PIT                  PIT,26.0,2026,2027,2,"$4,500,000","$2,250,000",2250000.0,2024,8480980,exact,False,8480980,2024,Connor Dewar,PIT,C,48.0,33286.0,8.64,0.35,0.5,0.39,0.5,4.0,1.0,5.0,7.29,3.0,11.0,55.0,7.0,129.0,6.0,36.0,8.0,10.0,4.0,37.0,53.0,71.0,16.44,30.32,385.0,599.0,19.0,37.0,39.0,135.0,124.0,28455.0,3.0,0.0,5.0,6.43,15.44,18.22,377.0,452.0,60.0,0.0,0.0,0.0,0.0,0.01,0.0,1.0,0.0,4448.0,0.0,1.0,0.0,0.21,0.35,10.99,6.0,136.0,,,,,,,,,,,,,,
Maxim Tsyplakov,RW,NJD                  NJD,26.0,2025,2026,2,"$4,500,000","$2,250,000",2250000.0,2024,8484958,exact,False,8484958,2024,Maxim Tsyplakov,NYI,R,77.0,69148.0,36.47,0.57,0.46,0.55,0.48,10.0,14.0,11.0,16.3,4.0,22.0,116.0,15.0,140.0,28.0,78.0,27.0,8.0,18.0,40.0,10.0,13.0,59.22,45.49,1248.0,1015.0,70.0,46.0,208.0,129.0,209.0,60846.0,8.0,12.0,11.0,14.29,47.67,41.19,1038.0,968.0,6915.0,1.0,2.0,0.0,1.04,6.65,1.05,177.0,18.0,12.0,0.0,0.0,0.0,0.0,0.0,0.0,0.0,0.0,,,,,,,,,,,,,,
Cole Sillinger,C,CBJ                  CBJ,21.0,2024,2025,2,"$4,500,000","$2,250,000",2250000.0,2023,8482705,exact,False,8482705,2023,Cole Sillinger,CBJ,C,77.0,74472.0,30.7,0.4,0.47,0.45,0.49,13.0,12.0,7.0,18.29,2.0,17.0,157.0,16.0,119.0,31.0,21.0,9.0,12.0,20.0,74.0,450.0,522.0,56.76,83.57,1210.0,1458.0,63.0,94.0,214.0,273.0,272.0,59987.0,10.0,11.0,7.0,12.98,39.56,52.84,986.0,1077.0,3629.0,1.0,0.0,0.0,2.79,8.63,0.59,129.0,16.0,8809.0,0.0,1.0,0.0,0.76,2.01,22.04,41.0,311.0,,,,,,,,,,,,,,
Danton Heinen,C,CBJ                  CBJ,28.0,2024,2025,2,"$4,500,000","$2,250,000",2250000.0,2023,8478046,exact,False,8478046,2023,Danton Heinen,BOS,L,74.0,64226.0,33.05,0.45,0.51,0.46,0.48,17.0,11.0,8.0,16.23,9.0,27.0,119.0,16.0,83.0,33.0,24.0,8.0,3.0,14.0,46.0,12.0,19.0,47.21,56.67,934.0,1106.0,57.0,71.0,142.0,174.0,220.0,56917.0,14.0,10.0,7.0,13.99,40.68,42.63,860.0,928.0,824.0,1.0,0.0,0.0,0.27,1.29,0.94,20.0,5.0,5164.0,1.0,0.0,0.0,0.77,1.18,7.61,20.0,122.0,,,,,,,,,,,,,,
Conor Timmins,D,BUF                  BUF,26.0,2025,2026,2,"$4,400,000","$2,200,000",2200000.0,2024,8479982,exact,False,8479982,2024,Conor Timmins,PIT,D,68.0,69042.0,22.78,0.48,0.5,0.48,0.48,3.0,6.0,6.0,3.04,0.0,1.0,69.0,9.0,55.0,11.0,59.0,35.0,7.0,15.0,90.0,0.0,0.0,53.79,57.59,1084.0,1165.0,63.0,66.0,140.0,194.0,215.0,60017.0,3.0,5.0,6.0,2.55,44.47,41.74,1007.0,943.0,955.0,0.0,0.0,0.0,0.0,0.6,0.01,18.0,3.0,6451.0,0.0,0.0,0.0,0.16,1.56,12.5,25.0,179.0,,,,,,,,,,,,,,
Braden Schneider,D,NYR                  NYR,22.0,2024,2025,2,"$4,400,000","$2,200,000",2200000.0,2023,8482073,exact,False,8482073,2023,Braden Schneider,NYR,D,82.0,78220.0,22.27,0.48,0.53,0.47,0.53,5.0,5.0,9.0,3.77,0.0,0.0,95.0,15.0,167.0,25.0,39.0,30.0,5.0,8.0,133.0,0.0,0.0,56.29,61.93,1228.0,1362.0,59.0,60.0,94.0,142.0,216.0,71119.0,4.0,5.0,9.0,3.33,48.23,50.32,1169.0,1213.0,80.0,0.0,0.0,0.0,0.0,0.0,0.0,0.0,1.0,5323.0,1.0,0.0,0.0,0.44,3.54,8.85,37.0,110.0,,,,,,,,,,,,,,
Mattias Janmark,C,EDM                  EDM,31.0,2024,2026,3,"$4,350,000","$1,450,000",1450000.0,2023,8477406,exact,False,8477406,2023,Mattias Janmark,EDM,C,71.0,50674.0,14.72,0.46,0.6,0.46,0.56,4.0,4.0,4.0,9.18,1.0,11.0,67.0,3.0,54.0,15.0,17.0,7.0,13.0,15.0,19.0,32.0,43.0,34.51,40.01,682.0,806.0,35.0,40.0,93.0,137.0,191.0,42655.0,4.0,4.0,4.0,7.98,29.68,24.75,628.0,605.0,94.0,0.0,0.0,0.0,0.18,0.22,0.0,2.0,0.0,7358.0,0.0,0.0,0.0,1.03,2.62,13.06,44.0,180.0,,,,,,,,,,,,,,
Andrei Kuzmenko,LW,LAK                  LAK,29.0,2025,2025,1,"$4,300,000","$4,300,000",4300000.0,2024,8483808,exact,False,8483808,2024,Andrei Kuzmenko,LAK,L,66.0,61895.0,36.03,0.63,0.48,0.59,0.49,11.0,15.0,11.0,11.4,3.0,16.0,83.0,11.0,19.0,22.0,57.0,12.0,16.0,7.0,22.0,1.0,0.0,61.65,36.38,1208.0,855.0,75.0,30.0,236.0,66.0,173.0,49741.0,7.0,7.0,9.0,7.26,34.49,31.4,857.0,803.0,10332.0,3.0,6.0,1.0,3.37,23.06,2.36,286.0,36.0,3.0,0.0,0.0,0.0,0.0,0.0,0.0,0.0,0.0,,,,,,,,,,,,,,
Sam Steel,C,DAL                  DAL,27.0,2025,2026,2,"$4,200,000","$2,100,000",2100000.0,2024,8479351,exact,False,8479351,2024,Sam Steel,DAL,C,79.0,67025.0,26.7,0.45,0.53,0.47,0.51,6.0,9.0,10.0,8.6,0.0,8.0,89.0,10.0,60.0,13.0,41.0,13.0,21.0,14.0,26.0,214.0,186.0,44.67,54.77,941.0,1052.0,44.0,62.0,117.0,246.0,226.0,55535.0,5.0,8.0,8.0,7.71,35.85,35.18,841.0,783.0,741.0,0.0,0.0,0.0,0.04,1.2,0.07,20.0,2.0,8923.0,1.0,1.0,1.0,0.46,1.93,12.88,39.0,213.0,,,,,,,,,,,,,,
Connor McMichael,C,WAS                  WAS,23.0,2024,2025,2,"$4,200,000","$2,100,000",2100000.0,2023,8481580,exact,False,8481580,2023,Connor McMichael,WSH,C,80.0,76736.0,25.3,0.46,0.48,0.45,0.47,18.0,10.0,5.0,20.7,7.0,27.0,135.0,16.0,45.0,39.0,26.0,10.0,15.0,17.0,39.0,370.0,502.0,59.92,71.14,1100.0,1352.0,70.0,79.0,220.0,190.0,306.0,62294.0,13.0,8.0,2.0,15.23,42.39,45.5,922.0,1042.0,5468.0,2.0,1.0,3.0,2.42,8.79,0.77,110.0,20.0,6192.0,1.0,1.0,0.0,0.71,1.56,13.3,21.0,200.0,,,,,,,,,,,,,,
Yegor Chinakhov,RW,PIT                  PIT,23.0,2024,2025,2,"$4,200,000","$2,100,000",2100000.0,2023,8482475,exact,False,8482475,2023,Yegor Chinakhov,CBJ,R,53.0,48233.0,30.83,0.51,0.44,0.54,0.47,16.0,9.0,4.0,10.87,2.0,9.0,110.0,8.0,43.0,28.0,7.0,3.0,13.0,3.0,28.0,1.0,13.0,43.59,42.33,907.0,783.0,39.0,49.0,164.0,126.0,197.0,39798.0,15.0,7.0,4.0,7.72,26.09,30.02,659.0,688.0,5831.0,1.0,1.0,0.0,2.13,10.51,0.91,176.0,22.0,931.0,0.0,0.0,0.0,0.01,0.29,0.96,6.0,26.0,,,,,,,,,,,,,,
Keegan Kolesar,RW,VGK                  VGK,24.0,2022,2024,3,"$4,200,000","$1,400,000",1400000.0,2021,8478434,exact,False,8478434,2021,Keegan Kolesar,VGK,R,77.0,58445.0,25.59,0.49,0.52,0.49,0.53,7.0,12.0,5.0,12.68,1.0,19.0,94.0,9.0,246.0,33.0,36.0,14.0,21.0,22.0,46.0,76.0,112.0,48.22,50.23,882.0,909.0,50.0,56.0,185.0,112.0,214.0,53022.0,5.0,11.0,5.0,9.94,39.25,38.48,812.0,796.0,2091.0,1.0,0.0,0.0,0.9,3.46,0.58,41.0,11.0,2505.0,1.0,0.0,0.0,0.37,0.99,6.46,11.0,77.0,,,,,,,,,,,,,,
Ryker Evans,D,SEA                  SEA,23.0,2025,2026,2,"$4,100,000","$2,050,000",2050000.0,2024,8482858,exact,False,8482858,2024,Ryker Evans,SEA,D,73.0,85325.0,14.88,0.45,0.48,0.46,0.49,5.0,10.0,10.0,3.21,0.0,1.0,59.0,5.0,123.0,12.0,73.0,47.0,9.0,15.0,106.0,0.0,0.0,52.44,64.86,1224.0,1438.0,45.0,60.0,155.0,168.0,224.0,75708.0,4.0,7.0,7.0,2.48,41.78,51.19,1090.0,1261.0,3112.0,0.0,0.0,2.0,0.41,3.72,0.57,63.0,8.0,3853.0,0.0,0.0,0.0,0.01,1.2,6.68,16.0,128.0,,,,,,,,,,,,,,
Simon Benoit,D,TOR                  TOR,25.0,2024,2026,3,"$4,050,000","$1,350,000",1350000.0,2023,8481122,exact,False,8481122,2023,Simon Benoit,TOR,D,64.0,66156.0,13.7,0.43,0.56,0.46,0.53,1.0,1.0,3.0,1.58,0.0,0.0,52.0,4.0,246.0,17.0,29.0,23.0,13.0,22.0,102.0,0.0,0.0,43.63,57.16,999.0,1162.0,43.0,73.0,65.0,186.0,223.0,58768.0,0.0,1.0,3.0,1.5,40.58,40.12,957.0,922.0,115.0,0.0,0.0,0.0,0.0,0.0,0.01,0.0,1.0,5805.0,0.0,0.0,0.0,0.07,1.35,10.22,25.0,166.0,,,,,,,,,,,,,,
Ryan Reaves,RW,SJS                  SJS,36.0,2023,2025,3,"$4,050,000","$1,350,000",1350000.0,2022,8471817,exact,False,8471817,2022,Ryan Reaves,MIN,R,73.0,40825.0,8.58,0.45,0.52,0.45,0.52,5.0,5.0,5.0,6.7,1.0,7.0,48.0,5.0,196.0,15.0,16.0,10.0,13.0,11.0,24.0,4.0,11.0,23.65,28.59,553.0,679.0,24.0,17.0,70.0,91.0,141.0,40382.0,5.0,5.0,5.0,6.27,22.69,27.09,550.0,667.0,98.0,0.0,0.0,0.0,0.0,0.0,0.12,1.0,1.0,24.0,0.0,0.0,0.0,0.0,0.0,0.1,0.0,1.0,,,,,,,,,,,,,,
Steven Lorentz,C,TOR                  TOR,29.0,2025,2027,3,"$4,050,000","$1,350,000",1350000.0,2024,8478904,exact,False,8478904,2024,Steven Lorentz,TOR,C,80.0,50654.0,17.46,0.42,0.5,0.42,0.48,8.0,5.0,6.0,8.42,2.0,13.0,76.0,5.0,199.0,12.0,25.0,14.0,7.0,3.0,55.0,12.0,21.0,26.82,36.59,618.0,850.0,30.0,39.0,39.0,183.0,199.0,44533.0,6.0,5.0,6.0,7.49,23.89,25.41,592.0,690.0,140.0,0.0,0.0,0.0,0.0,0.01,0.0,2.0,0.0,5408.0,1.0,0.0,0.0,0.46,0.97,10.37,16.0,142.0,,,,,,,,,,,,,,
Adam Gaudette,C,SJS                  SJS,28.0,2025,2026,2,"$4,000,000","$2,000,000",2000000.0,2024,8478874,exact,False,8478874,2024,Adam Gaudette,OTT,R,81.0,50653.0,29.62,0.58,0.48,0.56,0.49,19.0,4.0,3.0,11.85,6.0,17.0,90.0,7.0,68.0,8.0,38.0,13.0,3.0,6.0,28.0,176.0,174.0,42.44,30.23,910.0,704.0,51.0,30.0,215.0,66.0,173.0,43114.0,16.0,4.0,3.0,8.34,28.37,26.69,698.0,673.0,6636.0,3.0,0.0,0.0,3.13,12.31,0.85,189.0,18.0,305.0,0.0,0.0,0.0,0.0,0.0,0.6,0.0,7.0,,,,,,,,,,,,,,
Nico Sturm,C,MIN                  MIN,30.0,2025,2026,2,"$4,000,000","$2,000,000",2000000.0,2024,8481477,exact,False,8481477,2024,Nico Sturm,FLA,C,62.0,38736.0,13.91,0.39,0.48,0.44,0.49,7.0,5.0,2.0,6.83,2.0,8.0,59.0,5.0,107.0,7.0,20.0,6.0,8.0,7.0,34.0,248.0,174.0,24.22,37.74,577.0,740.0,31.0,41.0,69.0,157.0,145.0,33817.0,6.0,5.0,2.0,6.68,23.6,26.12,555.0,599.0,167.0,0.0,0.0,0.0,0.0,0.01,0.03,1.0,1.0,4444.0,1.0,0.0,0.0,0.15,0.52,11.2,16.0,132.0,,,,,,,,,,,,,,
Vincent Desharnais,D,SJS                  SJS,28.0,2024,2025,2,"$4,000,000","$2,000,000",2000000.0,2023,8479576,exact,False,8479576,2023,Vincent Desharnais,EDM,D,78.0,73607.0,17.08,0.48,0.59,0.47,0.57,1.0,0.0,10.0,1.2,0.0,0.0,41.0,3.0,134.0,14.0,42.0,37.0,10.0,22.0,122.0,0.0,0.0,49.39,53.78,1014.0,1144.0,49.0,51.0,140.0,252.0,251.0,63313.0,1.0,0.0,9.0,1.2,44.47,37.12,963.0,891.0,203.0,0.0,0.0,0.0,0.0,0.24,0.0,4.0,0.0,9058.0,0.0,0.0,1.0,0.0,2.36,13.92,40.0,215.0,,,,,,,,,,,,,,
Kevin Stenlund,C,UTA                  UTA,27.0,2024,2025,2,"$4,000,000","$2,000,000",2000000.0,2023,8478831,exact,False,8478831,2023,Kevin Stenlund,FLA,C,81.0,61256.0,13.21,0.34,0.62,0.41,0.6,11.0,3.0,1.0,8.72,4.0,10.0,81.0,7.0,83.0,36.0,14.0,7.0,8.0,26.0,55.0,429.0,406.0,30.21,59.88,761.0,1081.0,26.0,77.0,131.0,271.0,205.0,46935.0,7.0,2.0,1.0,6.12,24.08,31.75,682.0,715.0,735.0,0.0,0.0,0.0,0.0,0.32,0.0,15.0,0.0,12572.0,2.0,0.0,0.0,1.19,2.04,24.93,49.0,329.0,,,,,,,,,,,,,,
Erik Gustafsson,D,DET                  DET,32.0,2024,2025,2,"$4,000,000","$2,000,000",2000000.0,2023,8476979,exact,False,8476979,2023,Erik Gustafsson,NYR,D,76.0,79307.0,39.32,0.55,0.51,0.57,0.49,6.0,15.0,10.0,4.58,1.0,2.0,93.0,5.0,63.0,26.0,39.0,30.0,8.0,16.0,66.0,0.0,0.0,68.35,56.18,1497.0,1146.0,73.0,60.0,178.0,112.0,181.0,69949.0,5.0,8.0,6.0,3.43,50.68,45.29,1240.0,1051.0,5702.0,0.0,6.0,3.0,0.36,10.38,1.21,161.0,27.0,938.0,0.0,0.0,0.0,0.0,0.88,3.55,8.0,25.0,,,,,,,,,,,,,,
Ryan Lomberg,LW,CGY                  CGY,29.0,2024,2025,2,"$4,000,000","$2,000,000",2000000.0,2023,8479066,exact,False,8479066,2023,Ryan Lomberg,FLA,L,75.0,42931.0,10.33,0.45,0.58,0.49,0.57,5.0,2.0,0.0,7.05,1.0,5.0,68.0,13.0,179.0,14.0,14.0,8.0,19.0,22.0,21.0,5.0,12.0,23.87,28.9,624.0,644.0,21.0,36.0,106.0,98.0,194.0,41046.0,4.0,2.0,0.0,6.07,22.19,26.73,605.0,608.0,319.0,1.0,0.0,0.0,0.92,1.03,0.0,6.0,0.0,1407.0,0.0,0.0,0.0,0.06,0.37,2.11,8.0,34.0,,,,,,,,,,,,,,
Sam Lafferty,C,CHI                  CHI,29.0,2024,2025,2,"$4,000,000","$2,000,000",2000000.0,2023,8478043,exact,False,8478043,2023,Sam Lafferty,VAN,C,79.0,56308.0,21.24,0.48,0.53,0.48,0.52,13.0,4.0,7.0,11.38,5.0,17.0,78.0,8.0,192.0,17.0,19.0,12.0,13.0,11.0,32.0,150.0,206.0,36.57,40.24,814.0,867.0,48.0,45.0,130.0,115.0,197.0,51580.0,12.0,4.0,7.0,10.45,30.66,34.54,739.0,786.0,1709.0,0.0,0.0,0.0,0.26,1.92,0.3,40.0,9.0,1656.0,1.0,0.0,0.0,0.51,0.81,2.64,10.0,42.0,,,,,,,,,,,,,,
Vladislav Namestnikov,C,WPG                  WPG,30.0,2023,2024,2,"$4,000,000","$2,000,000",2000000.0,2022,8476480,exact,False,8476480,2022,Vladislav Namestnikov,WPG,C,77.0,58324.0,31.64,0.57,0.52,0.55,0.51,8.0,8.0,9.0,14.56,3.0,14.0,108.0,16.0,108.0,34.0,11.0,2.0,17.0,17.0,39.0,77.0,128.0,50.91,38.27,945.0,786.0,47.0,37.0,187.0,110.0,214.0,49794.0,7.0,5.0,9.0,11.67,39.24,32.55,794.0,701.0,5169.0,0.0,2.0,0.0,0.89,7.35,0.82,116.0,18.0,2561.0,0.0,0.0,0.0,0.37,0.65,4.51,11.0,60.0,,,,,,,,,,,,,,
Klim Kostin,RW,SJS                  SJS,24.0,2023,2024,2,"$4,000,000","$2,000,000",2000000.0,2022,8480011,exact,False,8480011,2022,Klim Kostin,EDM,C,57.0,34403.0,20.73,0.5,0.58,0.49,0.54,11.0,7.0,3.0,6.29,1.0,6.0,56.0,2.0,157.0,12.0,16.0,6.0,23.0,21.0,15.0,4.0,6.0,22.69,23.07,486.0,496.0,19.0,20.0,105.0,84.0,146.0,33842.0,11.0,6.0,2.0,6.29,21.04,22.35,469.0,485.0,186.0,0.0,0.0,0.0,0.0,0.22,0.0,6.0,0.0,4.0,0.0,0.0,0.0,0.0,0.0,0.0,0.0,0.0,,,,,,,,,,,,,,
Ryan Poehling,C,ANA                  ANA,25.0,2024,2025,2,"$3,800,000","$1,900,000",1900000.0,2023,8480068,exact,False,8480068,2023,Ryan Poehling,PHI,C,77.0,69280.0,33.21,0.48,0.51,0.45,0.54,11.0,13.0,4.0,11.91,3.0,10.0,111.0,11.0,62.0,23.0,11.0,2.0,13.0,3.0,101.0,461.0,477.0,54.46,59.18,1088.0,1318.0,62.0,69.0,145.0,249.0,248.0,57239.0,7.0,9.0,4.0,9.67,43.15,36.54,967.0,958.0,2001.0,1.0,0.0,0.0,1.17,3.64,0.61,44.0,6.0,7793.0,3.0,1.0,0.0,0.75,2.41,13.54,28.0,258.0,,,,,,,,,,,,,,
Brett Howden,C,VGK                  VGK,25.0,2023,2024,2,"$3,800,000","$1,900,000",1900000.0,2022,8479353,exact,False,8479353,2022,Brett Howden,VGK,C,54.0,42311.0,5.05,0.43,0.56,0.4,0.5,6.0,4.0,3.0,7.88,2.0,10.0,53.0,6.0,107.0,24.0,7.0,6.0,15.0,21.0,34.0,117.0,110.0,25.16,33.54,534.0,798.0,25.0,35.0,84.0,133.0,195.0,39500.0,5.0,4.0,3.0,7.17,24.13,28.29,524.0,711.0,57.0,0.0,0.0,0.0,0.0,0.0,0.0,0.0,0.0,2244.0,0.0,0.0,0.0,0.0,0.24,4.88,5.0,74.0,,,,,,,,,,,,,,
Mark Jankowski,C,CAR                  CAR,31.0,2026,2027,2,"$3,700,000","$1,850,000",1850000.0,2024,8476873,exact,False,8476873,2024,Mark Jankowski,CAR,L,60.0,45245.0,26.25,0.51,0.53,0.51,0.55,12.0,4.0,1.0,10.89,2.0,11.0,66.0,9.0,27.0,6.0,35.0,12.0,6.0,10.0,34.0,219.0,214.0,35.98,34.74,720.0,688.0,41.0,39.0,109.0,165.0,194.0,37372.0,11.0,4.0,1.0,8.96,30.1,21.63,659.0,512.0,825.0,0.0,0.0,0.0,0.33,0.96,0.08,21.0,3.0,6122.0,0.0,0.0,0.0,0.75,1.41,9.28,22.0,140.0,,,,,,,,,,,,,,
Morgan Barron,C,WPG                  WPG,26.0,2025,2026,2,"$3,700,000","$1,850,000",1850000.0,2024,8480289,exact,False,8480289,2024,Morgan Barron,WPG,C,74.0,46066.0,22.04,0.5,0.53,0.46,0.5,8.0,5.0,2.0,12.25,4.0,11.0,93.0,11.0,122.0,23.0,31.0,9.0,12.0,8.0,38.0,85.0,78.0,31.12,30.98,633.0,744.0,34.0,31.0,66.0,190.0,198.0,40202.0,6.0,5.0,2.0,9.03,25.73,21.73,598.0,575.0,214.0,0.0,0.0,0.0,0.0,0.94,0.0,7.0,0.0,5097.0,0.0,0.0,0.0,0.83,1.53,8.97,20.0,159.0,,,,,,,,,,,,,,
Sean Kuraly,C,BOS                  BOS,32.0,2025,2026,2,"$3,700,000","$1,850,000",1850000.0,2024,8476374,exact,False,8476374,2024,Sean Kuraly,CBJ,C,82.0,57879.0,17.6,0.44,0.49,0.46,0.49,6.0,9.0,2.0,10.28,2.0,12.0,88.0,13.0,163.0,17.0,38.0,15.0,13.0,17.0,45.0,316.0,266.0,37.93,48.35,897.0,1051.0,48.0,50.0,87.0,186.0,175.0,52468.0,5.0,9.0,2.0,8.58,34.44,38.07,856.0,905.0,355.0,0.0,0.0,0.0,0.04,0.33,0.1,9.0,1.0,4120.0,0.0,0.0,0.0,0.12,0.75,7.73,21.0,117.0,,,,,,,,,,,,,,
Blake Lizotte,C,PIT                  PIT,26.0,2024,2025,2,"$3,700,000","$1,850,000",1850000.0,2023,8481481,exact,False,8481481,2023,Blake Lizotte,LAK,C,62.0,43974.0,22.92,0.47,0.54,0.46,0.54,7.0,6.0,2.0,7.89,2.0,11.0,76.0,11.0,64.0,11.0,13.0,6.0,14.0,9.0,28.0,171.0,194.0,29.18,32.62,677.0,792.0,34.0,30.0,100.0,171.0,146.0,36832.0,4.0,5.0,2.0,6.79,24.47,22.61,639.0,562.0,336.0,0.0,0.0,0.0,0.03,0.54,0.0,9.0,0.0,6198.0,1.0,0.0,0.0,0.32,1.14,8.91,19.0,212.0,,,,,,,,,,,,,,
Brandon Duhaime,RW,WAS                  WAS,27.0,2024,2025,2,"$3,700,000","$1,850,000",1850000.0,2023,8479520,exact,False,8479520,2023,Brandon Duhaime,COL,R,80.0,52127.0,13.18,0.38,0.53,0.4,0.53,5.0,7.0,1.0,10.22,1.0,10.0,92.0,10.0,208.0,24.0,17.0,10.0,22.0,18.0,37.0,4.0,6.0,29.87,49.7,709.0,1064.0,26.0,49.0,87.0,192.0,175.0,42415.0,4.0,7.0,1.0,8.22,24.84,30.19,672.0,755.0,215.0,0.0,0.0,0.0,0.04,0.16,0.01,3.0,1.0,8701.0,1.0,0.0,0.0,1.1,1.99,17.63,24.0,276.0,,,,,,,,,,,,,,
Pavel Dorofeyev,LW,VGK                  VGK,23.0,2024,2025,2,"$3,670,000","$1,835,000",1835000.0,2023,8481604,exact,False,8481604,2023,Pavel Dorofeyev,VGK,L,47.0,37440.0,28.07,0.55,0.49,0.53,0.48,13.0,7.0,4.0,10.96,3.0,11.0,97.0,8.0,18.0,19.0,14.0,5.0,5.0,6.0,23.0,2.0,2.0,29.02,23.47,670.0,585.0,24.0,24.0,131.0,96.0,110.0,34402.0,13.0,6.0,4.0,9.52,25.32,20.94,596.0,567.0,2654.0,0.0,1.0,0.0,1.06,2.7,0.96,57.0,10.0,15.0,0.0,0.0,0.0,0.0,0.0,0.0,0.0,0.0,,,,,,,,,,,,,,
Justin Danforth,RW,BUF                  BUF,32.0,2025,2026,2,"$3,600,000","$1,800,000",1800000.0,2024,8479941,exact,False,8479941,2024,Justin Danforth,CBJ,R,61.0,52647.0,18.93,0.44,0.48,0.43,0.51,9.0,7.0,5.0,13.12,4.0,18.0,94.0,14.0,126.0,8.0,26.0,6.0,3.0,9.0,49.0,327.0,334.0,39.92,51.03,765.0,997.0,47.0,67.0,120.0,235.0,198.0,43661.0,7.0,6.0,3.0,11.14,32.13,32.04,671.0,733.0,1345.0,0.0,1.0,0.0,0.1,2.2,0.05,37.0,2.0,5784.0,1.0,0.0,0.0,0.34,1.49,13.04,26.0,194.0,,,,,,,,,,,,,,
Carl Grundstrom,RW,PHI                  PHI,26.0,2024,2025,2,"$3,600,000","$1,800,000",1800000.0,2023,8479336,exact,False,8479336,2023,Carl Grundstrom,LAK,R,50.0,32811.0,21.27,0.54,0.55,0.54,0.54,8.0,2.0,2.0,9.51,1.0,12.0,95.0,15.0,115.0,10.0,13.0,8.0,5.0,6.0,16.0,2.0,8.0,28.11,23.49,617.0,520.0,35.0,24.0,101.0,72.0,120.0,31356.0,6.0,1.0,1.0,8.05,26.02,20.33,599.0,483.0,354.0,1.0,0.0,0.0,0.73,0.92,0.0,11.0,0.0,883.0,1.0,0.0,0.0,0.22,0.23,2.63,2.0,31.0,,,,,,,,,,,,,,
Theodor Blueger,C,VAN                  VAN,29.0,2024,2025,2,"$3,600,000","$1,800,000",1800000.0,2023,8476927,last+initial,False,8476927,2023,Teddy Blueger,VAN,C,68.0,60936.0,32.02,0.46,0.54,0.45,0.54,6.0,13.0,9.0,12.64,2.0,19.0,97.0,13.0,97.0,27.0,15.0,10.0,11.0,14.0,43.0,415.0,366.0,48.46,57.11,856.0,1034.0,62.0,71.0,107.0,280.0,233.0,49920.0,4.0,11.0,8.0,10.33,40.15,28.83,798.0,724.0,910.0,0.0,0.0,0.0,0.93,1.16,0.4,16.0,6.0,8221.0,2.0,2.0,0.0,1.38,2.93,16.74,26.0,230.0,,,,,,,,,,,,,,
Jon Merrill,D,MIN                  MIN,29.0,2022,2024,3,"$3,600,000","$1,200,000",1200000.0,2021,8475750,exact,False,8475750,2021,Jon Merrill,MIN,D,69.0,70847.0,20.97,0.42,0.54,0.43,0.53,4.0,7.0,9.0,2.2,0.0,0.0,59.0,2.0,46.0,6.0,21.0,18.0,3.0,11.0,112.0,0.0,0.0,43.6,60.59,952.0,1238.0,41.0,53.0,98.0,181.0,222.0,61310.0,4.0,6.0,9.0,2.04,40.9,38.87,910.0,966.0,180.0,0.0,0.0,0.0,0.0,0.06,0.0,2.0,0.0,7943.0,0.0,0.0,0.0,0.16,1.09,19.12,26.0,239.0,,,,,,,,,,,,,,
Jake Bean,D,CGY                  CGY,26.0,2024,2025,2,"$3,500,000","$1,750,000",1750000.0,2023,8479402,exact,False,8479402,2023,Jake Bean,CBJ,D,72.0,70533.0,11.0,0.43,0.47,0.45,0.49,4.0,6.0,3.0,3.66,1.0,3.0,76.0,6.0,28.0,25.0,15.0,13.0,6.0,16.0,110.0,0.0,0.0,44.9,60.13,1101.0,1348.0,51.0,59.0,101.0,173.0,200.0,64322.0,4.0,6.0,3.0,2.8,40.94,50.14,1041.0,1165.0,198.0,0.0,0.0,0.0,0.0,0.09,0.03,6.0,1.0,4469.0,0.0,0.0,0.0,0.39,1.58,8.13,18.0,150.0,,,,,,,,,,,,,,
Michael Carcone,RW,UTA                  UTA,29.0,2026,2027,2,"$3,500,000","$1,750,000",1750000.0,2024,8479619,exact,False,8479619,2024,Michael Carcone,UTA,L,53.0,36357.0,22.17,0.54,0.52,0.55,0.51,7.0,3.0,9.0,7.41,2.0,7.0,75.0,12.0,48.0,6.0,38.0,7.0,10.0,11.0,11.0,5.0,5.0,30.51,26.29,675.0,548.0,31.0,23.0,124.0,91.0,128.0,33661.0,7.0,3.0,7.0,7.01,26.26,23.49,607.0,521.0,2292.0,0.0,0.0,2.0,0.38,3.73,0.62,56.0,11.0,15.0,0.0,0.0,0.0,0.0,0.0,0.0,0.0,0.0,,,,,,,,,,,,,,
Nick Bjugstad,C,NJD                  NJD,32.0,2025,2026,2,"$3,500,000","$1,750,000",1750000.0,2024,8475760,exact,False,8475760,2024,Nick Bjugstad,UTA,C,66.0,48773.0,24.99,0.54,0.51,0.53,0.51,8.0,8.0,3.0,12.02,4.0,16.0,115.0,11.0,104.0,12.0,39.0,12.0,9.0,8.0,29.0,207.0,230.0,39.81,34.23,841.0,743.0,47.0,33.0,148.0,133.0,236.0,45390.0,6.0,8.0,3.0,10.24,33.74,32.16,757.0,719.0,2644.0,1.0,0.0,0.0,1.07,4.96,0.47,73.0,8.0,220.0,0.0,0.0,0.0,0.0,0.24,0.31,1.0,9.0,,,,,,,,,,,,,,
Joel Hanley,D,CGY                  CGY,34.0,2025,2026,2,"$3,500,000","$1,750,000",1750000.0,2024,8477810,exact,False,8477810,2024,Joel Hanley,CGY,D,53.0,59086.0,18.95,0.49,0.48,0.5,0.53,2.0,2.0,5.0,1.82,0.0,0.0,42.0,2.0,55.0,7.0,67.0,43.0,7.0,11.0,90.0,0.0,0.0,39.66,40.65,951.0,957.0,43.0,36.0,119.0,196.0,204.0,53074.0,1.0,1.0,5.0,1.7,35.18,32.68,908.0,804.0,300.0,0.0,0.0,0.0,0.0,0.36,0.0,6.0,0.0,4122.0,0.0,0.0,0.0,0.0,0.61,4.97,19.0,104.0,,,,,,,,,,,,,,
Jack Drury,C,COL                  COL,24.0,2024,2025,2,"$3,450,000","$1,725,000",1725000.0,2023,8480835,exact,False,8480835,2023,Jack Drury,CAR,C,74.0,54519.0,45.55,0.62,0.56,0.62,0.59,8.0,10.0,9.0,11.5,4.0,9.0,106.0,10.0,30.0,22.0,17.0,9.0,13.0,12.0,35.0,367.0,297.0,45.18,27.79,1062.0,640.0,40.0,27.0,196.0,87.0,197.0,47727.0,6.0,7.0,7.0,9.38,33.62,23.64,911.0,585.0,4063.0,2.0,3.0,2.0,1.6,9.39,0.76,129.0,12.0,1961.0,0.0,0.0,0.0,0.17,0.56,2.44,11.0,29.0,,,,,,,,,,,,,,
Kurtis Macdermid,F,OTT                  OTT,30.0,2024,2026,3,"$3,450,000","$1,150,000",1150000.0,2023,8477073,exact,False,8477073,2023,Kurtis MacDermid,NJD,L,45.0,13049.0,-0.83,0.38,0.51,0.39,0.51,2.0,1.0,0.0,1.49,0.0,1.0,16.0,2.0,83.0,3.0,7.0,1.0,8.0,19.0,11.0,2.0,0.0,5.28,8.64,134.0,210.0,6.0,12.0,27.0,26.0,70.0,12974.0,2.0,1.0,0.0,1.49,5.28,8.64,134.0,209.0,18.0,0.0,0.0,0.0,0.0,0.0,0.0,0.0,0.0,0.0,0.0,0.0,0.0,0.0,0.0,0.0,0.0,0.0,,,,,,,,,,,,,,
Wyatt Kaiser,D,CHI                  CHI,23.0,2025,2026,2,"$3,400,000","$1,700,000",1700000.0,2024,8482176,exact,False,8482176,2024,Wyatt Kaiser,CHI,D,57.0,61960.0,10.5,0.42,0.44,0.45,0.44,4.0,2.0,2.0,2.07,0.0,0.0,66.0,3.0,54.0,23.0,60.0,45.0,9.0,7.0,93.0,0.0,0.0,37.62,51.79,833.0,1039.0,41.0,61.0,78.0,158.0,166.0,55622.0,3.0,2.0,1.0,1.9,34.66,41.74,794.0,889.0,179.0,0.0,0.0,0.0,0.0,0.0,0.04,1.0,1.0,5297.0,0.0,0.0,0.0,0.09,2.18,7.42,28.0,127.0,,,,,,,,,,,,,,
Ty Dellandrea,C,SJS                  SJS,25.0,2026,2027,2,"$3,250,000","$1,625,000",1625000.0,2024,8480848,exact,False,8480848,2024,Ty Dellandrea,SJS,C,68.0,48162.0,-6.11,0.33,0.45,0.38,0.48,1.0,3.0,4.0,7.66,1.0,13.0,50.0,7.0,163.0,9.0,33.0,11.0,15.0,25.0,47.0,209.0,210.0,23.74,48.37,594.0,950.0,27.0,55.0,86.0,160.0,177.0,42969.0,1.0,2.0,4.0,6.56,21.99,33.72,568.0,790.0,137.0,0.0,0.0,0.0,0.0,0.01,0.03,2.0,1.0,4355.0,0.0,1.0,0.0,0.71,1.19,13.32,15.0,141.0,,,,,,,,,,,,,,
Gustav Nyquist,RW,WPG                  WPG,35.0,2025,2025,1,"$3,250,000","$3,250,000",3250000.0,2024,8474679,exact,False,8474679,2024,Gustav Nyquist,MIN,R,79.0,79886.0,29.9,0.53,0.5,0.55,0.49,11.0,8.0,9.0,16.51,6.0,19.0,103.0,7.0,44.0,19.0,59.0,7.0,14.0,8.0,30.0,11.0,19.0,82.46,72.21,1477.0,1229.0,102.0,82.0,227.0,206.0,240.0,61464.0,3.0,5.0,6.0,8.04,44.72,42.24,1061.0,977.0,7500.0,2.0,1.0,0.0,2.7,12.86,1.25,221.0,27.0,6022.0,1.0,1.0,0.0,0.52,1.12,10.14,16.0,149.0,,,,,,,,,,,,,,
Jacob Bernard-Docker,D,DET                  DET,25.0,2026,2027,2,"$3,200,000","$1,600,000",1600000.0,2024,8480879,exact,False,8480879,2024,Jacob Bernard-Docker,BUF,D,40.0,32676.0,9.75,0.5,0.49,0.5,0.49,2.0,3.0,3.0,1.11,0.0,0.0,32.0,2.0,30.0,3.0,22.0,21.0,3.0,7.0,50.0,0.0,0.0,21.22,20.96,503.0,506.0,21.0,22.0,72.0,58.0,114.0,31856.0,2.0,3.0,3.0,1.11,20.33,20.63,491.0,502.0,133.0,0.0,0.0,0.0,0.0,0.71,0.0,7.0,0.0,166.0,0.0,0.0,0.0,0.0,0.03,0.13,2.0,1.0,,,,,,,,,,,,,,
Declan Chisholm,D,WAS                  WAS,25.0,2025,2026,2,"$3,200,000","$1,600,000",1600000.0,2024,8480990,exact,False,8480990,2024,Declan Chisholm,MIN,D,66.0,67291.0,16.72,0.54,0.49,0.52,0.46,2.0,6.0,4.0,2.03,0.0,0.0,69.0,8.0,33.0,27.0,83.0,52.0,2.0,6.0,69.0,0.0,0.0,46.59,40.35,1109.0,1014.0,40.0,38.0,103.0,130.0,191.0,61971.0,1.0,5.0,3.0,1.79,39.79,34.91,995.0,961.0,3360.0,1.0,0.0,1.0,0.14,5.5,0.61,90.0,10.0,676.0,0.0,0.0,0.0,0.02,0.43,0.8,2.0,8.0,,,,,,,,,,,,,,
Tyler Kleven,D,OTT                  OTT,23.0,2025,2026,2,"$3,200,000","$1,600,000",1600000.0,2024,8482095,exact,False,8482095,2024,Tyler Kleven,OTT,D,79.0,68567.0,9.2,0.44,0.51,0.47,0.52,4.0,3.0,3.0,2.82,0.0,0.0,78.0,3.0,105.0,30.0,64.0,48.0,12.0,12.0,97.0,0.0,0.0,37.66,47.71,939.0,1066.0,35.0,51.0,153.0,125.0,263.0,66088.0,4.0,3.0,2.0,2.48,35.12,45.08,907.0,1030.0,474.0,0.0,0.0,0.0,0.2,0.62,0.0,11.0,1.0,1161.0,0.0,0.0,0.0,0.03,1.19,2.15,11.0,26.0,,,,,,,,,,,,,,
Logan O'Connor,C,COL                  COL,25.0,2022,2024,3,"$3,150,000","$1,050,000",1050000.0,2021,8481186,exact,False,8481186,2021,Logan O'Connor,COL,R,81.0,67415.0,29.36,0.43,0.56,0.44,0.55,8.0,12.0,4.0,12.23,1.0,12.0,127.0,10.0,100.0,38.0,17.0,5.0,24.0,16.0,59.0,5.0,17.0,44.2,57.84,869.0,1120.0,44.0,56.0,123.0,243.0,265.0,55951.0,7.0,8.0,4.0,10.03,34.73,34.45,788.0,813.0,137.0,0.0,0.0,0.0,0.0,0.04,0.0,3.0,0.0,9500.0,1.0,3.0,0.0,2.09,3.86,20.68,47.0,253.0,,,,,,,,,,,,,,
Pontus Holmberg,RW,TBL                  TBL,26.0,2025,2026,2,"$3,100,000","$1,550,000",1550000.0,2024,8480995,exact,False,8480995,2024,Pontus Holmberg,TOR,R,68.0,51662.0,18.8,0.48,0.5,0.45,0.48,7.0,5.0,7.0,10.36,5.0,12.0,69.0,6.0,46.0,9.0,26.0,8.0,28.0,12.0,53.0,139.0,146.0,35.39,38.33,769.0,945.0,43.0,43.0,107.0,134.0,156.0,47087.0,2.0,5.0,5.0,7.3,28.78,28.05,725.0,813.0,393.0,0.0,0.0,1.0,0.09,0.79,0.31,6.0,3.0,3358.0,1.0,0.0,0.0,0.1,0.49,7.76,12.0,100.0,,,,,,,,,,,,,,
Urho Vaakanainen,D,NYR                  NYR,26.0,2025,2026,2,"$3,100,000","$1,550,000",1550000.0,2024,8480001,exact,False,8480001,2024,Urho Vaakanainen,NYR,D,51.0,50217.0,10.85,0.42,0.5,0.44,0.52,2.0,6.0,8.0,2.02,1.0,1.0,42.0,5.0,19.0,10.0,40.0,29.0,8.0,9.0,49.0,0.0,0.0,30.09,41.85,717.0,895.0,26.0,49.0,41.0,108.0,137.0,47227.0,2.0,6.0,8.0,2.02,28.52,34.36,697.0,806.0,70.0,0.0,0.0,0.0,0.0,0.0,0.0,0.0,0.0,2577.0,0.0,0.0,0.0,0.0,1.2,5.87,16.0,78.0,,,,,,,,,,,,,,
Ian Cole,D,UTA                  UTA,35.0,2024,2024,1,"$3,100,000","$3,100,000",3100000.0,2023,8474013,exact,False,8474013,2023,Ian Cole,VAN,D,78.0,87466.0,16.17,0.44,0.55,0.42,0.55,2.0,3.0,6.0,2.05,0.0,0.0,61.0,4.0,83.0,18.0,42.0,36.0,10.0,26.0,166.0,0.0,0.0,61.96,78.55,1125.0,1568.0,84.0,93.0,87.0,349.0,263.0,72433.0,2.0,3.0,6.0,1.72,52.27,43.51,1066.0,1123.0,466.0,0.0,0.0,0.0,0.0,0.19,0.27,9.0,3.0,11701.0,0.0,0.0,0.0,0.28,2.39,20.68,31.0,320.0,,,,,,,,,,,,,,
Taylor Raddysh,RW,NYR                  NYR,27.0,2025,2026,2,"$3,000,000","$1,500,000",1500000.0,2024,8479390,exact,False,8479390,2024,Taylor Raddysh,WSH,R,80.0,59332.0,27.42,0.56,0.52,0.52,0.49,7.0,8.0,12.0,12.5,1.0,15.0,93.0,15.0,59.0,11.0,44.0,17.0,11.0,9.0,28.0,9.0,20.0,50.39,39.61,993.0,917.0,58.0,38.0,112.0,214.0,229.0,56218.0,7.0,7.0,12.0,12.04,46.2,36.34,931.0,879.0,2490.0,0.0,1.0,0.0,0.43,3.84,0.69,57.0,12.0,91.0,0.0,0.0,0.0,0.0,0.0,0.07,0.0,2.0,,,,,,,,,,,,,,
Justin Brazeau,RW,PIT                  PIT,27.0,2025,2026,2,"$3,000,000","$1,500,000",1500000.0,2024,8479638,exact,False,8479638,2024,Justin Brazeau,MIN,R,76.0,54103.0,20.91,0.49,0.51,0.51,0.49,11.0,8.0,3.0,12.76,4.0,17.0,89.0,9.0,123.0,14.0,43.0,12.0,8.0,4.0,38.0,3.0,10.0,40.47,41.49,881.0,861.0,42.0,50.0,142.0,115.0,191.0,48137.0,6.0,7.0,3.0,9.52,31.16,35.25,738.0,803.0,5266.0,4.0,1.0,0.0,2.73,8.21,3.24,122.0,39.0,103.0,0.0,0.0,0.0,0.0,0.0,0.24,0.0,4.0,,,,,,,,,,,,,,
Patrick Kane,RW,DET                  DET,36.0,2025,2025,1,"$3,000,000","$3,000,000",3000000.0,2024,8474141,exact,False,8474141,2024,Patrick Kane,DET,R,72.0,77671.0,50.19,0.56,0.45,0.55,0.46,21.0,17.0,21.0,18.94,5.0,18.0,175.0,21.0,19.0,13.0,77.0,22.0,9.0,6.0,23.0,5.0,8.0,90.98,71.73,1437.0,1158.0,112.0,86.0,307.0,120.0,222.0,61518.0,8.0,9.0,9.0,9.45,43.43,49.06,951.0,1034.0,12141.0,11.0,7.0,9.0,6.11,35.0,2.36,365.0,43.0,49.0,0.0,0.0,0.0,0.0,0.0,0.0,0.0,0.0,,,,,,,,,,,,,,
Ian Cole,D,UTA                  UTA,36.0,2025,2025,1,"$3,000,000","$3,000,000",3000000.0,2024,8474013,exact,False,8474013,2024,Ian Cole,UTA,D,82.0,99788.0,28.2,0.45,0.56,0.45,0.55,1.0,8.0,8.0,5.22,0.0,4.0,66.0,4.0,106.0,25.0,118.0,84.0,9.0,35.0,211.0,0.0,0.0,79.22,95.89,1519.0,1854.0,87.0,111.0,179.0,338.0,282.0,82615.0,1.0,7.0,7.0,3.27,63.85,58.86,1451.0,1319.0,158.0,0.0,0.0,0.0,0.0,0.0,0.04,2.0,1.0,13113.0,0.0,0.0,0.0,0.26,1.8,26.18,29.0,397.0,,,,,,,,,,,,,,
Alexander Kerfoot,C,UTA                  UTA,30.0,2025,2025,1,"$3,000,000","$3,000,000",3000000.0,2024,8477021,exact,False,8477021,2024,Alexander Kerfoot,UTA,C,81.0,74132.0,38.87,0.44,0.54,0.46,0.53,11.0,12.0,5.0,16.23,5.0,27.0,101.0,12.0,59.0,30.0,78.0,25.0,16.0,7.0,67.0,259.0,235.0,58.46,73.47,1139.0,1313.0,68.0,79.0,188.0,376.0,260.0,58295.0,9.0,10.0,4.0,13.0,47.15,39.49,1036.0,876.0,1595.0,0.0,0.0,1.0,0.02,1.74,0.23,36.0,3.0,11620.0,1.0,0.0,0.0,0.43,1.21,23.96,34.0,350.0,,,,,,,,,,,,,,
Jesper Boqvist,C,FLA                  FLA,26.0,2025,2026,2,"$3,000,000","$1,500,000",1500000.0,2024,8480003,exact,False,8480003,2024,Jesper Boqvist,FLA,C,78.0,61991.0,25.22,0.46,0.56,0.48,0.58,12.0,6.0,5.0,10.54,2.0,13.0,87.0,9.0,191.0,18.0,33.0,12.0,10.0,7.0,27.0,71.0,97.0,39.33,47.06,925.0,990.0,39.0,47.0,206.0,156.0,222.0,55081.0,10.0,6.0,5.0,9.55,35.73,36.55,875.0,827.0,496.0,0.0,0.0,0.0,0.0,0.28,0.07,14.0,3.0,5531.0,1.0,0.0,0.0,0.36,0.95,8.49,23.0,125.0,,,,,,,,,,,,,,
Jordan Spence,D,OTT                  OTT,23.0,2024,2025,2,"$3,000,000","$1,500,000",1500000.0,2023,8481606,exact,False,8481606,2023,Jordan Spence,LAK,D,71.0,61455.0,34.3,0.6,0.51,0.6,0.5,2.0,13.0,9.0,3.84,0.0,2.0,80.0,6.0,67.0,6.0,18.0,17.0,3.0,5.0,55.0,0.0,0.0,56.33,37.73,1193.0,793.0,54.0,33.0,210.0,107.0,136.0,53281.0,1.0,8.0,8.0,3.06,39.76,34.93,942.0,754.0,6376.0,1.0,4.0,1.0,0.58,13.39,1.23,202.0,20.0,87.0,0.0,0.0,0.0,0.0,0.0,0.02,0.0,2.0,,,,,,,,,,,,,,
Bobby Brink,RW,MIN                  MIN,22.0,2024,2025,2,"$3,000,000","$1,500,000",1500000.0,2023,8481553,exact,False,8481553,2023,Bobby Brink,PHI,R,57.0,47172.0,22.98,0.52,0.51,0.54,0.51,11.0,9.0,3.0,9.41,3.0,13.0,81.0,9.0,36.0,10.0,12.0,3.0,14.0,5.0,24.0,4.0,3.0,37.89,35.0,809.0,685.0,40.0,40.0,178.0,76.0,134.0,38817.0,7.0,9.0,1.0,6.19,24.33,27.18,578.0,630.0,7267.0,2.0,0.0,1.0,1.77,9.31,2.91,195.0,32.0,17.0,0.0,0.0,0.0,0.0,0.0,0.0,0.0,3.0,,,,,,,,,,,,,,
Colin Miller,D,WPG                  WPG,31.0,2024,2025,2,"$3,000,000","$1,500,000",1500000.0,2023,8476525,exact,False,8476525,2023,Colin Miller,WPG,D,46.0,43346.0,20.42,0.48,0.52,0.53,0.53,4.0,3.0,2.0,2.02,0.0,0.0,69.0,6.0,91.0,14.0,17.0,12.0,9.0,13.0,37.0,0.0,0.0,34.51,37.54,773.0,686.0,39.0,46.0,116.0,72.0,141.0,38953.0,4.0,2.0,2.0,1.7,31.81,28.04,720.0,600.0,957.0,0.0,1.0,0.0,0.05,0.87,0.41,29.0,7.0,2382.0,0.0,0.0,0.0,0.01,0.72,3.68,10.0,56.0,,,,,,,,,,,,,,
Kiefer Sherwood,LW,SJS                  SJS,29.0,2024,2025,2,"$3,000,000","$1,500,000",1500000.0,2023,8480748,exact,False,8480748,2023,Kiefer Sherwood,NSH,L,68.0,49653.0,33.84,0.52,0.53,0.53,0.52,10.0,11.0,6.0,9.6,0.0,10.0,110.0,9.0,234.0,35.0,18.0,7.0,17.0,16.0,22.0,15.0,16.0,38.7,35.05,840.0,758.0,39.0,39.0,104.0,95.0,223.0,46398.0,10.0,10.0,6.0,8.71,34.38,31.25,785.0,716.0,1375.0,0.0,0.0,0.0,0.11,1.93,0.69,34.0,10.0,1374.0,0.0,0.0,0.0,0.11,0.11,0.79,9.0,18.0,,,,,,,,,,,,,,
Sam Carrick,C,BUF                  BUF,32.0,2024,2026,3,"$3,000,000","$1,000,000",1000000.0,2023,8475842,exact,False,8475842,2023,Sam Carrick,EDM,C,77.0,56467.0,13.58,0.36,0.5,0.39,0.49,10.0,4.0,2.0,11.04,5.0,16.0,92.0,10.0,167.0,24.0,17.0,11.0,26.0,26.0,35.0,419.0,366.0,35.18,63.51,745.0,1147.0,46.0,69.0,117.0,306.0,166.0,42017.0,6.0,4.0,1.0,6.45,22.95,27.83,594.0,695.0,2373.0,1.0,0.0,0.0,1.17,4.04,0.77,62.0,12.0,10121.0,2.0,0.0,0.0,1.47,2.22,21.71,43.0,366.0,,,,,,,,,,,,,,
Liam O'Brien,C,UTA                  UTA,29.0,2024,2026,3,"$3,000,000","$1,000,000",1000000.0,2023,8477070,exact,False,8477070,2023,Liam O'Brien,ARI,C,75.0,43782.0,6.84,0.47,0.48,0.43,0.48,5.0,7.0,2.0,8.55,2.0,10.0,72.0,6.0,229.0,9.0,14.0,8.0,19.0,30.0,33.0,6.0,22.0,27.53,30.65,587.0,779.0,31.0,25.0,114.0,126.0,180.0,42425.0,5.0,7.0,2.0,7.03,25.68,27.9,576.0,745.0,67.0,0.0,0.0,0.0,0.0,0.08,0.0,2.0,1.0,893.0,0.0,0.0,0.0,0.0,0.1,2.1,3.0,21.0,,,,,,,,,,,,,,
Oskar Sundqvist,C,STL                  STL,29.0,2024,2025,2,"$3,000,000","$1,500,000",1500000.0,2023,8476897,exact,False,8476897,2023,Oskar Sundqvist,STL,C,71.0,56444.0,5.7,0.38,0.48,0.4,0.49,6.0,11.0,4.0,10.41,4.0,15.0,68.0,6.0,82.0,26.0,13.0,8.0,23.0,16.0,49.0,247.0,342.0,36.38,58.23,711.0,1087.0,40.0,66.0,116.0,213.0,179.0,44225.0,1.0,6.0,3.0,6.98,22.62,36.78,542.0,833.0,4785.0,3.0,1.0,1.0,2.03,6.69,2.37,122.0,26.0,5722.0,1.0,2.0,0.0,0.35,2.21,12.47,29.0,168.0,,,,,,,,,,,,,,
Cole Koepke,LW,WPG                  WPG,27.0,2026,2027,2,"$2,900,000","$1,450,000",1450000.0,2024,8481043,exact,False,8481043,2024,Cole Koepke,BOS,L,73.0,49258.0,13.06,0.45,0.47,0.43,0.5,10.0,5.0,2.0,11.43,1.0,17.0,85.0,12.0,177.0,8.0,33.0,10.0,9.0,6.0,26.0,0.0,2.0,30.78,37.65,615.0,829.0,42.0,36.0,77.0,157.0,215.0,45412.0,9.0,5.0,2.0,9.52,26.76,27.95,583.0,726.0,202.0,0.0,0.0,0.0,0.04,0.63,0.0,5.0,0.0,3100.0,0.0,0.0,0.0,0.51,0.72,8.55,11.0,91.0,,,,,,,,,,,,,,
Michael Eyssimont,C,BOS                  BOS,28.0,2025,2026,2,"$2,900,000","$1,450,000",1450000.0,2024,8479591,exact,False,8479591,2024,Michael Eyssimont,SEA,C,77.0,49036.0,25.64,0.54,0.52,0.52,0.5,9.0,3.0,4.0,14.47,1.0,22.0,142.0,21.0,110.0,12.0,33.0,5.0,21.0,27.0,23.0,6.0,12.0,34.09,29.44,781.0,713.0,42.0,29.0,114.0,106.0,197.0,48559.0,9.0,3.0,4.0,14.46,34.0,29.06,777.0,705.0,210.0,0.0,0.0,0.0,0.0,0.05,0.02,1.0,2.0,36.0,0.0,0.0,0.0,0.0,0.0,0.29,0.0,3.0,,,,,,,,,,,,,,
Peyton Krebs,C,BUF                  BUF,23.0,2024,2025,2,"$2,900,000","$1,450,000",1450000.0,2023,8481522,exact,False,8481522,2023,Peyton Krebs,BUF,C,80.0,60027.0,19.29,0.48,0.48,0.51,0.5,4.0,5.0,8.0,7.11,0.0,6.0,74.0,7.0,108.0,13.0,13.0,6.0,13.0,21.0,23.0,284.0,330.0,42.06,45.44,945.0,893.0,41.0,45.0,188.0,179.0,197.0,54483.0,4.0,5.0,7.0,6.99,34.56,38.81,866.0,802.0,2519.0,0.0,0.0,0.0,0.06,2.1,0.45,47.0,12.0,1856.0,0.0,0.0,0.0,0.01,0.03,4.97,2.0,62.0,,,,,,,,,,,,,,
Jayden Struble,D,MTL                  MTL,23.0,2025,2026,2,"$2,825,000","$1,412,500",1412500.0,2024,8481593,exact,False,8481593,2024,Jayden Struble,MTL,D,56.0,50247.0,16.13,0.5,0.46,0.5,0.46,2.0,5.0,6.0,1.56,0.0,0.0,47.0,7.0,124.0,23.0,51.0,29.0,7.0,17.0,54.0,0.0,0.0,36.07,36.42,793.0,781.0,34.0,40.0,78.0,53.0,130.0,47521.0,2.0,5.0,6.0,1.56,34.78,30.7,774.0,712.0,90.0,0.0,0.0,0.0,0.0,0.17,0.01,2.0,1.0,1527.0,0.0,0.0,0.0,0.0,0.45,3.17,8.0,46.0,,,,,,,,,,,,,,
Michael Kesselring,D,BUF                  BUF,24.0,2024,2025,2,"$2,800,000","$1,400,000",1400000.0,2023,8480891,exact,False,8480891,2023,Michael Kesselring,ARI,D,65.0,61592.0,25.45,0.48,0.47,0.51,0.47,5.0,7.0,9.0,3.06,0.0,0.0,76.0,8.0,106.0,14.0,28.0,18.0,11.0,26.0,59.0,0.0,0.0,42.63,46.77,1017.0,971.0,47.0,50.0,154.0,138.0,242.0,59346.0,5.0,6.0,9.0,2.83,40.88,41.79,988.0,918.0,166.0,0.0,0.0,0.0,0.0,0.06,0.01,2.0,2.0,999.0,0.0,0.0,0.0,0.0,0.14,2.07,7.0,30.0,,,,,,,,,,,,,,
Beck Malenstyn,LW,BUF                  BUF,26.0,2024,2025,2,"$2,700,000","$1,350,000",1350000.0,2023,8479359,exact,False,8479359,2023,Beck Malenstyn,WSH,L,81.0,69224.0,11.35,0.32,0.52,0.34,0.5,6.0,12.0,3.0,10.99,3.0,14.0,98.0,14.0,241.0,30.0,20.0,9.0,19.0,11.0,93.0,23.0,28.0,35.83,76.17,762.0,1505.0,38.0,90.0,40.0,530.0,235.0,55115.0,6.0,8.0,3.0,9.82,28.4,42.14,708.0,1026.0,144.0,0.0,0.0,0.0,0.03,0.9,0.08,4.0,1.0,12319.0,0.0,1.0,0.0,0.62,1.45,29.48,32.0,415.0,,,,,,,,,,,,,,
Bobby McMann,C,SEA                  SEA,27.0,2024,2025,2,"$2,700,000","$1,350,000",1350000.0,2023,8482259,exact,False,8482259,2023,Bobby McMann,TOR,C,56.0,38839.0,28.57,0.48,0.54,0.5,0.51,15.0,3.0,6.0,10.89,3.0,14.0,118.0,12.0,117.0,21.0,12.0,3.0,9.0,13.0,18.0,6.0,4.0,29.86,31.83,651.0,647.0,34.0,44.0,80.0,116.0,135.0,35017.0,12.0,3.0,6.0,8.28,22.58,24.77,590.0,568.0,1635.0,1.0,0.0,0.0,0.3,2.5,0.7,39.0,11.0,1579.0,0.0,0.0,0.0,0.67,0.67,3.52,6.0,41.0,,,,,,,,,,,,,,
Isac Lundestrom,C,CBJ                  CBJ,25.0,2025,2026,2,"$2,600,000","$1,300,000",1300000.0,2024,8480806,exact,False,8480806,2024,Isac Lundestrom,ANA,C,79.0,64214.0,3.23,0.3,0.49,0.34,0.5,4.0,6.0,5.0,8.62,1.0,9.0,60.0,12.0,48.0,15.0,26.0,12.0,8.0,5.0,68.0,442.0,494.0,32.65,75.45,704.0,1352.0,36.0,80.0,95.0,390.0,219.0,50030.0,3.0,3.0,2.0,6.51,24.27,35.54,648.0,891.0,172.0,0.0,0.0,1.0,0.01,0.65,0.03,4.0,1.0,11261.0,0.0,0.0,0.0,1.06,1.74,25.27,29.0,344.0,,,,,,,,,,,,,,
Ty Emberson,D,EDM                  EDM,24.0,2025,2026,2,"$2,600,000","$1,300,000",1300000.0,2024,8480834,exact,False,8480834,2024,Ty Emberson,EDM,D,76.0,68917.0,16.4,0.42,0.59,0.44,0.57,2.0,7.0,4.0,2.07,0.0,0.0,62.0,9.0,125.0,32.0,47.0,27.0,10.0,6.0,97.0,0.0,0.0,43.77,59.8,926.0,1193.0,41.0,70.0,98.0,217.0,165.0,58818.0,2.0,6.0,3.0,1.96,37.6,37.44,878.0,894.0,143.0,0.0,0.0,0.0,0.0,0.0,0.0,1.0,0.0,8403.0,0.0,0.0,1.0,0.02,1.63,17.21,29.0,247.0,,,,,,,,,,,,,,
Arber Xhekaj,D,MTL                  MTL,23.0,2024,2025,2,"$2,600,000","$1,300,000",1300000.0,2023,8482964,exact,False,8482964,2023,Arber Xhekaj,MTL,D,44.0,42048.0,11.62,0.5,0.44,0.49,0.44,3.0,6.0,1.0,1.67,0.0,0.0,61.0,3.0,125.0,4.0,28.0,24.0,13.0,28.0,49.0,0.0,0.0,33.05,33.14,690.0,704.0,41.0,38.0,96.0,61.0,121.0,38140.0,3.0,6.0,1.0,1.32,29.46,27.14,619.0,646.0,2505.0,0.0,0.0,0.0,0.25,2.93,0.59,61.0,14.0,887.0,0.0,0.0,0.0,0.0,0.17,4.11,2.0,32.0,,,,,,,,,,,,,,
Ty Dellandrea,C,SJS                  SJS,23.0,2024,2025,2,"$2,600,000","$1,300,000",1300000.0,2023,8480848,exact,False,8480848,2023,Ty Dellandrea,DAL,C,42.0,31932.0,10.7,0.43,0.57,0.46,0.55,2.0,4.0,3.0,5.55,0.0,5.0,53.0,5.0,63.0,10.0,7.0,4.0,9.0,10.0,17.0,93.0,131.0,20.96,27.7,459.0,548.0,23.0,29.0,52.0,146.0,97.0,26990.0,2.0,4.0,3.0,4.61,18.41,15.69,433.0,397.0,120.0,0.0,0.0,0.0,0.0,0.0,0.12,0.0,2.0,4511.0,0.0,0.0,0.0,0.6,1.5,10.71,21.0,139.0,,,,,,,,,,,,,,
Zemgus Girgensons,C,TBL                  TBL,30.0,2024,2026,3,"$2,550,000","$850,000",850000.0,2023,8476878,exact,False,8476878,2023,Zemgus Girgensons,BUF,L,63.0,44792.0,16.78,0.42,0.49,0.46,0.51,8.0,3.0,3.0,8.12,1.0,12.0,73.0,10.0,141.0,9.0,5.0,2.0,10.0,9.0,36.0,94.0,103.0,29.44,41.28,648.0,761.0,38.0,44.0,127.0,161.0,183.0,40303.0,8.0,3.0,3.0,7.34,25.79,29.38,614.0,620.0,131.0,0.0,0.0,0.0,0.44,0.44,0.0,3.0,0.0,3494.0,0.0,0.0,0.0,0.34,0.75,7.28,13.0,115.0,,,,,,,,,,,,,,
Zach Bogosian,D,MIN                  MIN,33.0,2024,2025,2,"$2,500,000","$1,250,000",1250000.0,2023,8474567,exact,False,8474567,2023,Zach Bogosian,MIN,D,65.0,69734.0,21.52,0.47,0.54,0.48,0.51,3.0,6.0,5.0,2.79,0.0,0.0,83.0,11.0,109.0,11.0,25.0,21.0,7.0,20.0,83.0,0.0,0.0,43.81,50.39,1083.0,1185.0,33.0,42.0,108.0,146.0,197.0,62161.0,3.0,5.0,4.0,2.38,39.83,36.32,1037.0,980.0,298.0,0.0,0.0,0.0,0.06,0.65,0.12,9.0,3.0,5833.0,0.0,0.0,1.0,0.03,0.27,11.44,15.0,159.0,,,,,,,,,,,,,,
Alexei Toropchenko,RW,STL                  STL,24.0,2023,2024,2,"$2,500,000","$1,250,000",1250000.0,2022,8480281,exact,False,8480281,2022,Alexey Toropchenko,STL,R,69.0,49996.0,15.91,0.41,0.44,0.4,0.48,10.0,5.0,4.0,8.95,4.0,8.0,86.0,7.0,122.0,18.0,23.0,11.0,10.0,6.0,46.0,2.0,6.0,27.64,39.53,560.0,844.0,29.0,32.0,68.0,126.0,178.0,44642.0,8.0,5.0,4.0,7.46,25.32,30.32,538.0,688.0,367.0,0.0,0.0,0.0,0.22,0.35,0.18,5.0,2.0,4447.0,1.0,0.0,0.0,0.51,0.72,7.49,11.0,133.0,,,,,,,,,,,,,,
Fyodor Svechkov,C,NSH                  NSH,22.0,2026,2027,2,"$2,500,000","$1,250,000",1250000.0,2024,8482768,last+initial,False,8482768,2024,Fedor Svechkov,NSH,C,52.0,40201.0,14.31,0.51,0.5,0.53,0.52,8.0,5.0,4.0,9.13,1.0,12.0,64.0,9.0,32.0,6.0,45.0,12.0,8.0,7.0,24.0,123.0,212.0,32.35,31.39,653.0,583.0,36.0,34.0,108.0,34.0,109.0,34472.0,5.0,1.0,4.0,5.81,21.54,25.82,538.0,537.0,3150.0,2.0,3.0,0.0,2.73,9.31,0.41,91.0,4.0,1963.0,0.0,0.0,0.0,0.02,0.09,2.46,6.0,29.0,,,,,,,,,,,,,,
Tye Kartye,LW,NYR                  NYR,24.0,2025,2026,2,"$2,500,000","$1,250,000",1250000.0,2024,8481789,exact,False,8481789,2024,Tye Kartye,SEA,L,63.0,36594.0,10.26,0.48,0.48,0.46,0.48,6.0,3.0,4.0,5.52,0.0,4.0,56.0,6.0,175.0,4.0,24.0,6.0,22.0,20.0,29.0,3.0,12.0,23.83,25.89,550.0,634.0,26.0,31.0,84.0,92.0,118.0,34597.0,5.0,2.0,4.0,5.28,22.75,21.84,535.0,575.0,208.0,0.0,0.0,0.0,0.0,0.02,0.0,2.0,0.0,1462.0,0.0,0.0,0.0,0.0,0.1,3.42,6.0,51.0,,,,,,,,,,,,,,
Gage Goncalves,C,TBL                  TBL,24.0,2025,2026,2,"$2,400,000","$1,200,000",1200000.0,2024,8482201,exact,False,8482201,2024,Gage Goncalves,TBL,C,60.0,46057.0,19.68,0.53,0.54,0.5,0.51,8.0,8.0,4.0,7.77,1.0,8.0,61.0,6.0,71.0,18.0,35.0,11.0,8.0,7.0,20.0,3.0,3.0,33.95,30.1,687.0,677.0,32.0,30.0,157.0,100.0,175.0,43828.0,7.0,7.0,4.0,6.36,28.43,29.28,643.0,658.0,1615.0,1.0,1.0,0.0,1.32,3.32,0.32,32.0,6.0,11.0,0.0,0.0,0.0,0.0,0.0,0.14,0.0,1.0,,,,,,,,,,,,,,
Lukas Reichel,C,BOS                  BOS,21.0,2024,2025,2,"$2,400,000","$1,200,000",1200000.0,2023,8482117,exact,False,8482117,2023,Lukas Reichel,CHI,L,65.0,55031.0,0.29,0.39,0.41,0.44,0.44,5.0,7.0,4.0,8.72,3.0,12.0,84.0,10.0,27.0,33.0,35.0,10.0,7.0,6.0,25.0,86.0,112.0,33.62,52.21,783.0,1010.0,38.0,64.0,160.0,80.0,143.0,46674.0,3.0,7.0,3.0,7.09,25.81,41.96,631.0,916.0,6144.0,2.0,0.0,0.0,1.52,6.46,2.0,126.0,31.0,479.0,0.0,0.0,0.0,0.0,0.0,1.87,0.0,19.0,,,,,,,,,,,,,,
Brayden Pachal,D,CGY                  CGY,25.0,2025,2026,2,"$2,375,000","$1,187,500",1187500.0,2024,8481167,exact,False,8481167,2024,Brayden Pachal,CGY,D,76.0,64935.0,16.88,0.43,0.5,0.48,0.52,3.0,5.0,4.0,2.22,0.0,0.0,61.0,4.0,159.0,16.0,64.0,42.0,20.0,33.0,83.0,0.0,0.0,39.38,51.23,1028.0,1124.0,38.0,48.0,106.0,71.0,144.0,58669.0,3.0,4.0,4.0,2.15,37.99,40.4,995.0,967.0,74.0,0.0,0.0,0.0,0.0,0.06,0.0,1.0,0.0,5517.0,0.0,1.0,0.0,0.07,1.26,9.13,27.0,136.0,,,,,,,,,,,,,,
Jakob Pelletier,LW,TBL                  TBL,24.0,2025,2027,3,"$2,325,000","$775,000",775000.0,2024,8481592,exact,False,8481592,2024,Jakob Pelletier,PHI,L,49.0,33975.0,19.89,0.5,0.51,0.49,0.51,7.0,5.0,7.0,6.83,2.0,12.0,54.0,8.0,47.0,11.0,25.0,10.0,5.0,5.0,19.0,13.0,19.0,23.81,24.05,517.0,530.0,27.0,25.0,79.0,63.0,121.0,31077.0,7.0,5.0,7.0,6.57,21.96,18.91,488.0,462.0,413.0,0.0,0.0,0.0,0.18,0.29,0.0,12.0,0.0,2138.0,0.0,0.0,0.0,0.08,0.59,3.35,10.0,57.0,,,,,,,,,,,,,,
Zack MacEwen,C,NJD                  NJD,26.0,2023,2025,3,"$2,325,000","$775,000",775000.0,2022,8479772,exact,False,8479772,2022,Zack MacEwen,LAK,C,56.0,38889.0,8.04,0.43,0.48,0.47,0.48,4.0,1.0,5.0,7.49,1.0,7.0,73.0,3.0,150.0,13.0,13.0,10.0,15.0,21.0,29.0,15.0,14.0,23.79,32.0,557.0,626.0,23.0,40.0,89.0,79.0,119.0,36558.0,4.0,1.0,5.0,7.0,22.7,28.27,529.0,597.0,1790.0,0.0,0.0,0.0,0.39,0.68,0.65,19.0,10.0,79.0,0.0,0.0,0.0,0.0,0.0,0.65,0.0,1.0,,,,,,,,,,,,,,
Paul Cotter,C,NJD                  NJD,23.0,2023,2025,3,"$2,325,000","$775,000",775000.0,2022,8481032,exact,False,8481032,2022,Paul Cotter,VGK,C,55.0,42329.0,9.43,0.45,0.53,0.44,0.49,13.0,2.0,3.0,8.39,2.0,8.0,76.0,4.0,168.0,17.0,11.0,5.0,11.0,6.0,17.0,11.0,13.0,29.55,35.64,610.0,787.0,29.0,40.0,102.0,73.0,116.0,40803.0,13.0,2.0,3.0,8.05,26.4,34.55,572.0,770.0,1121.0,0.0,0.0,0.0,0.35,2.91,0.12,35.0,5.0,11.0,0.0,0.0,0.0,0.0,0.0,0.0,0.0,1.0,,,,,,,,,,,,,,
Justin Barron,D,NSH                  NSH,22.0,2024,2025,2,"$2,300,000","$1,150,000",1150000.0,2023,8482111,exact,False,8482111,2023,Justin Barron,MTL,D,48.0,53646.0,10.2,0.47,0.44,0.48,0.44,7.0,2.0,4.0,4.29,2.0,4.0,60.0,5.0,61.0,6.0,33.0,27.0,3.0,9.0,59.0,0.0,0.0,39.94,44.67,839.0,920.0,40.0,51.0,132.0,130.0,178.0,47048.0,5.0,2.0,4.0,3.39,30.5,35.23,702.0,806.0,3263.0,0.0,0.0,0.0,0.34,5.96,1.45,96.0,16.0,1849.0,0.0,0.0,0.0,0.04,0.35,6.49,8.0,65.0,,,,,,,,,,,,,,
Albert Johansson,D,DET                  DET,24.0,2025,2026,2,"$2,250,000","$1,125,000",1125000.0,2024,8481607,exact,False,8481607,2024,Albert Johansson,DET,D,61.0,59881.0,9.0,0.45,0.5,0.47,0.49,3.0,2.0,4.0,1.82,0.0,0.0,48.0,3.0,70.0,15.0,54.0,37.0,10.0,10.0,83.0,0.0,0.0,37.55,46.57,862.0,977.0,37.0,49.0,126.0,148.0,187.0,57041.0,3.0,1.0,4.0,1.81,35.25,41.17,840.0,905.0,217.0,0.0,0.0,0.0,0.0,0.03,0.01,5.0,1.0,1534.0,0.0,0.0,0.0,0.0,0.47,2.83,5.0,44.0,,,,,,,,,,,,,,
Mathieu Olivier,RW,CBJ                  CBJ,26.0,2023,2024,2,"$2,200,000","$1,100,000",1100000.0,2022,8479671,exact,False,8479671,2022,Mathieu Olivier,CBJ,R,66.0,46056.0,3.56,0.44,0.45,0.41,0.47,5.0,7.0,3.0,9.26,1.0,12.0,75.0,12.0,178.0,17.0,8.0,3.0,17.0,27.0,58.0,2.0,13.0,32.94,41.96,623.0,901.0,41.0,49.0,85.0,211.0,220.0,43211.0,5.0,6.0,2.0,8.96,30.38,37.56,607.0,814.0,49.0,0.0,0.0,0.0,0.0,0.0,0.0,0.0,0.0,2234.0,0.0,0.0,0.0,0.19,0.59,2.67,9.0,58.0,,,,,,,,,,,,,,
Drew Helleson,D,ANA                  ANA,24.0,2025,2026,2,"$2,200,000","$1,100,000",1100000.0,2024,8481563,exact,False,8481563,2024,Drew Helleson,ANA,D,56.0,54940.0,5.12,0.38,0.47,0.41,0.48,4.0,6.0,3.0,2.37,0.0,1.0,63.0,6.0,99.0,17.0,47.0,32.0,6.0,17.0,73.0,0.0,0.0,29.31,48.69,758.0,1074.0,27.0,44.0,98.0,146.0,189.0,50359.0,4.0,6.0,2.0,2.23,27.47,41.16,733.0,954.0,70.0,0.0,0.0,0.0,0.0,0.0,0.0,0.0,0.0,3240.0,0.0,0.0,1.0,0.01,0.95,4.23,11.0,81.0,,,,,,,,,,,,,,
Emil Heineman,LW,NYI                  NYI,23.0,2025,2026,2,"$2,200,000","$1,100,000",1100000.0,2024,8482476,exact,False,8482476,2024,Emil Heineman,MTL,L,62.0,42379.0,15.6,0.53,0.46,0.52,0.45,10.0,5.0,3.0,7.83,3.0,8.0,64.0,4.0,173.0,8.0,33.0,6.0,2.0,10.0,24.0,1.0,6.0,26.65,23.2,649.0,600.0,22.0,21.0,102.0,98.0,169.0,38378.0,7.0,4.0,2.0,6.15,20.87,22.39,565.0,583.0,3719.0,3.0,1.0,1.0,1.55,4.61,0.73,74.0,15.0,20.0,0.0,0.0,0.0,0.0,0.0,0.0,0.0,0.0,,,,,,,,,,,,,,
Max Jones,LW,EDM                  EDM,26.0,2024,2025,2,"$2,000,000","$1,000,000",1000000.0,2023,8479368,exact,False,8479368,2023,Max Jones,ANA,L,52.0,37621.0,11.89,0.46,0.44,0.47,0.45,5.0,8.0,2.0,9.89,1.0,11.0,76.0,8.0,127.0,17.0,9.0,0.0,22.0,15.0,14.0,5.0,11.0,26.05,30.1,543.0,624.0,25.0,32.0,97.0,87.0,158.0,34491.0,5.0,8.0,1.0,8.76,22.19,24.17,482.0,592.0,2366.0,0.0,0.0,1.0,0.95,3.15,0.82,48.0,12.0,36.0,0.0,0.0,0.0,0.02,0.02,0.0,1.0,0.0,,,,,,,,,,,,,,
Martin Pospisil,C,CGY                  CGY,24.0,2024,2025,2,"$2,000,000","$1,000,000",1000000.0,2023,8481028,exact,False,8481028,2023,Martin Pospisil,CGY,C,63.0,48080.0,33.02,0.56,0.48,0.56,0.5,8.0,8.0,8.0,13.03,4.0,14.0,117.0,13.0,238.0,26.0,23.0,6.0,21.0,34.0,22.0,23.0,28.0,41.7,32.16,929.0,739.0,50.0,33.0,170.0,87.0,193.0,45880.0,8.0,7.0,8.0,11.48,36.89,31.4,861.0,717.0,1428.0,0.0,0.0,0.0,0.55,2.69,0.11,42.0,5.0,35.0,0.0,0.0,0.0,0.07,0.07,0.0,1.0,0.0,,,,,,,,,,,,,,
Cole Smith,LW,VGK                  VGK,28.0,2024,2025,2,"$2,000,000","$1,000,000",1000000.0,2023,8482062,exact,False,8482062,2023,Cole Smith,NSH,L,80.0,65709.0,23.83,0.42,0.55,0.42,0.55,9.0,7.0,7.0,15.55,4.0,20.0,112.0,12.0,235.0,36.0,26.0,10.0,20.0,19.0,32.0,5.0,12.0,44.94,62.43,866.0,1195.0,56.0,81.0,97.0,289.0,317.0,54157.0,7.0,6.0,5.0,13.18,38.3,37.31,814.0,846.0,122.0,0.0,0.0,0.0,0.0,0.02,0.01,1.0,1.0,9937.0,1.0,1.0,1.0,1.1,3.13,20.64,38.0,297.0,,,,,,,,,,,,,,
Corey Perry,RW,TBL                  TBL,40.0,2025,2025,1,"$2,000,000","$2,000,000",2000000.0,2024,8470621,exact,False,8470621,2024,Corey Perry,EDM,R,81.0,58014.0,39.06,0.6,0.53,0.59,0.52,19.0,6.0,5.0,17.14,9.0,22.0,100.0,13.0,36.0,13.0,44.0,13.0,23.0,18.0,26.0,17.0,16.0,58.95,39.04,1118.0,788.0,67.0,45.0,228.0,80.0,150.0,49845.0,13.0,3.0,3.0,11.25,37.04,34.25,881.0,739.0,6066.0,4.0,1.0,2.0,3.71,11.03,1.0,150.0,26.0,0.0,0.0,0.0,0.0,0.0,0.0,0.0,0.0,0.0,,,,,,,,,,,,,,
Parker Wotherspoon,D,PIT                  PIT,27.0,2025,2026,2,"$2,000,000","$1,000,000",1000000.0,2024,8478450,exact,False,8478450,2024,Parker Wotherspoon,BOS,D,55.0,59496.0,7.2,0.42,0.49,0.45,0.5,1.0,5.0,1.0,1.68,0.0,1.0,44.0,1.0,75.0,15.0,68.0,49.0,8.0,5.0,66.0,0.0,0.0,34.59,48.07,807.0,994.0,34.0,52.0,71.0,157.0,192.0,53552.0,1.0,5.0,1.0,1.12,31.03,32.84,757.0,838.0,373.0,0.0,0.0,0.0,0.0,0.27,0.37,6.0,5.0,4173.0,0.0,0.0,0.0,0.0,1.08,9.01,16.0,104.0,,,,,,,,,,,,,,
Brandon Saad,LW,VGK                  VGK,32.0,2025,2025,1,"$2,000,000","$2,000,000",2000000.0,2024,8476438,exact,False,8476438,2024,Brandon Saad,VGK,L,72.0,64016.0,33.41,0.55,0.51,0.52,0.5,13.0,7.0,10.0,15.89,5.0,21.0,127.0,12.0,12.0,21.0,55.0,10.0,10.0,3.0,21.0,7.0,18.0,54.14,44.88,1077.0,1004.0,56.0,42.0,194.0,154.0,219.0,56842.0,13.0,6.0,7.0,15.15,41.81,35.46,941.0,891.0,3040.0,0.0,1.0,2.0,0.24,5.53,0.65,76.0,15.0,2370.0,0.0,0.0,0.0,0.3,1.27,4.62,14.0,64.0,,,,,,,,,,,,,,
Claude Giroux,C,OTT                  OTT,37.0,2025,2025,1,"$2,000,000","$2,000,000",2000000.0,2024,8473512,exact,False,8473512,2024,Claude Giroux,OTT,R,81.0,88478.0,53.69,0.48,0.5,0.53,0.49,15.0,21.0,14.0,14.07,4.0,14.0,138.0,8.0,64.0,19.0,66.0,16.0,12.0,9.0,41.0,600.0,376.0,83.68,91.81,1573.0,1407.0,90.0,126.0,375.0,371.0,283.0,61180.0,7.0,9.0,7.0,6.77,38.67,43.31,1052.0,944.0,10672.0,3.0,7.0,3.0,3.31,20.68,1.39,297.0,27.0,10758.0,0.0,1.0,0.0,0.83,2.82,26.42,43.0,319.0,,,,,,,,,,,,,,
Reilly Smith,RW,VGK                  VGK,34.0,2025,2025,1,"$2,000,000","$2,000,000",2000000.0,2024,8475191,exact,False,8475191,2024,Reilly Smith,VGK,R,79.0,73189.0,37.97,0.51,0.5,0.48,0.5,13.0,15.0,12.0,17.18,6.0,24.0,128.0,17.0,48.0,26.0,70.0,23.0,6.0,11.0,41.0,4.0,7.0,65.05,63.03,1180.0,1260.0,74.0,82.0,189.0,250.0,316.0,59300.0,7.0,12.0,7.0,12.39,47.92,42.16,1004.0,999.0,4371.0,2.0,1.0,3.0,2.27,5.95,0.56,101.0,21.0,7778.0,2.0,1.0,0.0,1.73,3.2,14.06,40.0,191.0,,,,,,,,,,,,,,
Derek Forbort,D,VAN                  VAN,33.0,2025,2025,1,"$2,000,000","$2,000,000",2000000.0,2024,8475762,exact,False,8475762,2024,Derek Forbort,VAN,D,54.0,55409.0,8.28,0.38,0.52,0.43,0.52,2.0,4.0,5.0,1.39,0.0,0.0,39.0,2.0,65.0,8.0,55.0,38.0,16.0,18.0,77.0,0.0,0.0,26.2,42.03,701.0,946.0,27.0,48.0,67.0,215.0,164.0,47088.0,2.0,3.0,5.0,1.3,19.77,26.54,646.0,730.0,155.0,0.0,0.0,0.0,0.0,0.14,0.0,4.0,0.0,6694.0,0.0,0.0,0.0,0.09,1.6,9.99,34.0,164.0,,,,,,,,,,,,,,
Adam Edstrom,C,NYR                  NYR,24.0,2025,2026,2,"$1,950,000","$975,000",975000.0,2024,8481726,exact,False,8481726,2024,Adam Edstrom,NYR,C,51.0,28377.0,6.66,0.47,0.5,0.45,0.5,5.0,3.0,1.0,7.11,1.0,11.0,40.0,3.0,94.0,7.0,19.0,4.0,10.0,7.0,34.0,0.0,4.0,17.73,19.97,377.0,463.0,20.0,21.0,40.0,119.0,111.0,28048.0,5.0,3.0,1.0,7.09,17.7,19.18,373.0,458.0,199.0,0.0,0.0,0.0,0.02,0.03,0.15,2.0,3.0,0.0,0.0,0.0,0.0,0.0,0.0,0.0,0.0,0.0,,,,,,,,,,,,,,
Matthew Rempe,C,NYR                  NYR,22.0,2025,2026,2,"$1,950,000","$975,000",975000.0,2024,8482460,last+initial,False,8482460,2024,Matt Rempe,NYR,C,42.0,21439.0,3.61,0.41,0.47,0.43,0.49,3.0,2.0,3.0,4.59,1.0,5.0,30.0,6.0,117.0,4.0,8.0,5.0,14.0,21.0,14.0,2.0,11.0,13.56,19.21,292.0,386.0,13.0,22.0,36.0,49.0,72.0,21346.0,3.0,2.0,3.0,4.59,13.56,18.53,292.0,383.0,48.0,0.0,0.0,0.0,0.0,0.0,0.0,0.0,0.0,9.0,0.0,0.0,0.0,0.0,0.0,0.62,0.0,1.0,,,,,,,,,,,,,,
Jacob Christiansen,D,CBJ                  CBJ,25.0,2025,2026,2,"$1,950,000","$975,000",975000.0,2024,8481161,last+initial,False,8481161,2024,Jake Christiansen,CBJ,D,68.0,51163.0,4.5,0.41,0.48,0.43,0.49,1.0,4.0,3.0,1.75,0.0,1.0,58.0,9.0,50.0,8.0,51.0,32.0,2.0,4.0,65.0,0.0,0.0,31.08,43.84,727.0,963.0,32.0,42.0,68.0,98.0,169.0,48295.0,1.0,4.0,3.0,1.71,29.61,38.22,707.0,888.0,93.0,0.0,0.0,0.0,0.0,0.0,0.02,0.0,1.0,1646.0,0.0,0.0,0.0,0.03,0.45,2.86,5.0,47.0,,,,,,,,,,,,,,
Ben Hutton,D,VGK                  VGK,30.0,2024,2025,2,"$1,950,000","$975,000",975000.0,2023,8477018,exact,False,8477018,2023,Ben Hutton,VGK,D,41.0,39994.0,16.88,0.58,0.51,0.54,0.49,2.0,4.0,4.0,2.87,0.0,3.0,67.0,8.0,17.0,11.0,14.0,12.0,5.0,7.0,54.0,0.0,0.0,34.83,25.67,683.0,586.0,40.0,28.0,134.0,58.0,123.0,35914.0,2.0,3.0,4.0,2.55,26.67,21.64,581.0,555.0,2633.0,0.0,1.0,0.0,0.17,4.02,0.47,65.0,13.0,496.0,0.0,0.0,0.0,0.08,0.51,2.15,5.0,10.0,,,,,,,,,,,,,,
Darren Raddysh,D,TBL                  TBL,27.0,2024,2025,2,"$1,950,000","$975,000",975000.0,2023,8478178,exact,False,8478178,2023,Darren Raddysh,TBL,D,82.0,94000.0,39.83,0.54,0.5,0.52,0.5,6.0,8.0,19.0,4.46,0.0,1.0,101.0,10.0,75.0,14.0,28.0,19.0,13.0,9.0,105.0,0.0,0.0,78.69,67.8,1619.0,1469.0,80.0,62.0,182.0,162.0,241.0,83738.0,4.0,7.0,12.0,3.7,62.96,56.35,1447.0,1312.0,3440.0,1.0,1.0,5.0,0.31,5.91,0.69,85.0,16.0,3997.0,0.0,0.0,0.0,0.08,1.04,4.63,25.0,82.0,,,,,,,,,,,,,,
Marat Khusnutdinov,C,BOS                  BOS,22.0,2025,2026,2,"$1,850,000","$925,000",925000.0,2024,8482177,exact,False,8482177,2024,Marat Khusnutdinov,BOS,C,75.0,54383.0,-0.17,0.36,0.5,0.41,0.48,5.0,4.0,3.0,4.48,0.0,1.0,41.0,4.0,55.0,6.0,47.0,14.0,1.0,9.0,47.0,189.0,244.0,25.31,44.54,668.0,967.0,15.0,50.0,89.0,128.0,166.0,47214.0,5.0,3.0,2.0,4.03,19.97,30.1,600.0,805.0,1386.0,0.0,0.0,1.0,0.12,1.93,0.74,33.0,11.0,4996.0,0.0,1.0,0.0,0.26,1.77,11.13,25.0,126.0,,,,,,,,,,,,,,
Jackson Lacombe,D,ANA                  ANA,23.0,2024,2025,2,"$1,850,000","$925,000",925000.0,2023,8481605,exact,False,8481605,2023,Jackson LaCombe,ANA,D,71.0,82547.0,6.28,0.41,0.45,0.4,0.47,2.0,10.0,5.0,3.33,0.0,4.0,55.0,4.0,50.0,31.0,35.0,24.0,4.0,12.0,129.0,0.0,0.0,53.75,78.01,1060.0,1558.0,72.0,74.0,158.0,316.0,259.0,66495.0,2.0,6.0,3.0,2.82,41.71,48.37,900.0,1127.0,2423.0,0.0,2.0,0.0,0.02,3.07,0.68,60.0,7.0,9790.0,0.0,0.0,0.0,0.06,2.86,20.54,42.0,325.0,,,,,,,,,,,,,,
Drew O'Connor,LW,VAN                  VAN,25.0,2023,2024,2,"$1,850,000","$925,000",925000.0,2022,8482055,exact,False,8482055,2022,Drew O'Connor,PIT,L,46.0,27091.0,14.32,0.49,0.52,0.5,0.52,5.0,3.0,3.0,6.84,1.0,7.0,62.0,5.0,63.0,15.0,18.0,6.0,6.0,6.0,14.0,18.0,21.0,20.36,21.13,438.0,434.0,22.0,20.0,40.0,99.0,88.0,25327.0,5.0,3.0,3.0,6.84,20.3,18.69,432.0,393.0,80.0,0.0,0.0,0.0,0.0,0.0,0.0,0.0,0.0,1486.0,0.0,0.0,0.0,0.0,0.06,2.28,4.0,39.0,,,,,,,,,,,,,,
Nicholas Robertson,LW,TOR                  TOR,23.0,2025,2025,1,"$1,825,000","$1,825,000",1825000.0,2024,8481582,exact,False,8481582,2024,Nicholas Robertson,TOR,L,69.0,49691.0,25.49,0.52,0.49,0.52,0.46,15.0,5.0,2.0,10.61,3.0,8.0,112.0,6.0,79.0,17.0,26.0,12.0,11.0,8.0,33.0,3.0,4.0,33.01,30.81,862.0,789.0,21.0,32.0,137.0,69.0,150.0,44710.0,13.0,4.0,2.0,7.15,23.39,28.12,737.0,757.0,4136.0,2.0,0.0,0.0,2.55,5.93,1.79,96.0,18.0,210.0,0.0,0.0,0.0,0.0,0.0,0.27,0.0,3.0,,,,,,,,,,,,,,
Jonatan Berggren,RW,STL                  STL,24.0,2025,2025,1,"$1,825,000","$1,825,000",1825000.0,2024,8481013,exact,False,8481013,2024,Jonatan Berggren,DET,R,75.0,58397.0,16.88,0.48,0.49,0.48,0.49,12.0,8.0,4.0,11.48,3.0,13.0,88.0,15.0,41.0,11.0,31.0,11.0,15.0,7.0,16.0,5.0,12.0,37.81,40.76,868.0,937.0,39.0,42.0,168.0,124.0,182.0,54139.0,8.0,7.0,2.0,9.28,30.68,37.39,765.0,901.0,3538.0,2.0,1.0,1.0,1.2,5.17,0.49,86.0,13.0,0.0,0.0,0.0,0.0,0.0,0.0,0.0,0.0,0.0,,,,,,,,,,,,,,
Joshua Mahura,D,SEA                  SEA,27.0,2025,2026,2,"$1,815,000","$907,500",907500.0,2024,8479372,exact,False,8479372,2024,Joshua Mahura,SEA,D,64.0,52820.0,7.75,0.43,0.48,0.45,0.49,0.0,5.0,4.0,2.62,0.0,1.0,58.0,5.0,89.0,10.0,41.0,29.0,4.0,10.0,54.0,0.0,0.0,30.73,40.48,723.0,876.0,28.0,46.0,102.0,99.0,175.0,49890.0,0.0,4.0,4.0,1.99,29.06,34.69,705.0,802.0,134.0,0.0,0.0,0.0,0.0,0.38,0.0,3.0,0.0,2107.0,0.0,0.0,0.0,0.03,0.4,2.35,9.0,56.0,,,,,,,,,,,,,,
Jonah Gadjovich,LW,FLA                  FLA,27.0,2026,2027,2,"$1,810,000","$905,000",905000.0,2024,8479981,exact,False,8479981,2024,Jonah Gadjovich,FLA,L,42.0,21295.0,8.83,0.56,0.54,0.53,0.56,4.0,0.0,0.0,5.27,2.0,9.0,43.0,9.0,127.0,2.0,4.0,0.0,11.0,11.0,21.0,3.0,2.0,16.25,12.98,365.0,324.0,20.0,10.0,61.0,43.0,97.0,20712.0,4.0,0.0,0.0,5.25,15.55,12.01,360.0,311.0,276.0,0.0,0.0,0.0,0.02,0.06,0.02,4.0,1.0,225.0,0.0,0.0,0.0,0.0,0.0,0.43,0.0,7.0,,,,,,,,,,,,,,
Michael McCarron,RW,MIN                  MIN,28.0,2024,2025,2,"$1,800,000","$900,000",900000.0,2023,8477446,exact,False,8477446,2023,Michael McCarron,NSH,R,70.0,53621.0,22.48,0.45,0.54,0.44,0.54,12.0,6.0,4.0,12.16,5.0,12.0,94.0,10.0,142.0,23.0,17.0,10.0,21.0,23.0,55.0,357.0,314.0,38.24,46.21,750.0,952.0,42.0,53.0,84.0,152.0,217.0,46980.0,10.0,5.0,3.0,11.4,33.75,33.67,719.0,779.0,202.0,0.0,0.0,0.0,0.0,0.05,0.03,5.0,2.0,5485.0,0.0,0.0,0.0,0.29,1.31,9.23,13.0,138.0,,,,,,,,,,,,,,
Matt Nieto,LW,PIT                  PIT,30.0,2023,2024,2,"$1,800,000","$900,000",900000.0,2022,8476442,exact,False,8476442,2022,Matt Nieto,COL,L,81.0,65730.0,22.98,0.43,0.53,0.44,0.52,12.0,4.0,8.0,14.32,5.0,17.0,115.0,9.0,43.0,35.0,22.0,6.0,10.0,8.0,32.0,9.0,9.0,46.61,60.75,899.0,1153.0,50.0,56.0,146.0,263.0,231.0,54131.0,11.0,4.0,7.0,12.09,40.97,38.52,813.0,861.0,1710.0,0.0,0.0,1.0,0.19,1.31,0.36,30.0,8.0,8578.0,0.0,0.0,0.0,0.39,0.91,16.4,28.0,245.0,,,,,,,,,,,,,,
Nathan Walker,LW,STL                  STL,31.0,2026,2027,2,"$1,775,000","$887,500",887500.0,2024,8477573,exact,False,8477573,2024,Nathan Walker,STL,L,73.0,53026.0,14.53,0.4,0.5,0.44,0.5,8.0,5.0,3.0,7.91,3.0,10.0,72.0,4.0,281.0,10.0,43.0,16.0,18.0,19.0,61.0,82.0,74.0,26.41,38.83,653.0,839.0,29.0,51.0,80.0,158.0,270.0,48882.0,8.0,4.0,3.0,7.05,24.05,28.72,625.0,716.0,363.0,0.0,0.0,0.0,0.66,1.32,0.04,12.0,2.0,3154.0,0.0,0.0,0.0,0.2,0.35,7.63,11.0,95.0,,,,,,,,,,,,,,
Nikolas Matinpalo,D,OTT                  OTT,26.0,2025,2026,2,"$1,750,000","$875,000",875000.0,2024,8484321,exact,False,8484321,2024,Nikolas Matinpalo,OTT,D,41.0,31020.0,3.92,0.45,0.51,0.48,0.5,1.0,2.0,1.0,1.88,1.0,1.0,43.0,9.0,25.0,8.0,31.0,24.0,3.0,10.0,29.0,0.0,0.0,19.74,24.28,454.0,497.0,20.0,28.0,70.0,65.0,142.0,30786.0,1.0,2.0,1.0,1.85,19.67,24.07,451.0,493.0,11.0,0.0,0.0,0.0,0.0,0.0,0.0,0.0,0.0,71.0,0.0,0.0,0.0,0.03,0.03,0.0,1.0,1.0,,,,,,,,,,,,,,
Zachary L'Heureux,LW,NSH                  NSH,22.0,2026,2027,2,"$1,750,000","$875,000",875000.0,2024,8482742,exact,False,8482742,2024,Zachary L'Heureux,NSH,L,62.0,44796.0,14.96,0.51,0.49,0.5,0.52,5.0,5.0,5.0,11.74,3.0,13.0,78.0,13.0,198.0,14.0,33.0,11.0,14.0,18.0,25.0,0.0,4.0,33.12,31.27,709.0,716.0,35.0,27.0,74.0,127.0,170.0,40552.0,4.0,5.0,4.0,9.45,27.8,27.22,649.0,658.0,1456.0,0.0,0.0,1.0,0.47,2.02,0.18,40.0,2.0,2221.0,0.0,0.0,0.0,0.05,0.74,2.13,9.0,43.0,,,,,,,,,,,,,,
Uvis Balinskis,D,FLA                  FLA,29.0,2026,2027,2,"$1,750,000","$875,000",875000.0,2024,8484304,exact,False,8484304,2024,Uvis Balinskis,FLA,D,76.0,67728.0,30.28,0.55,0.53,0.57,0.55,4.0,7.0,7.0,3.84,0.0,1.0,92.0,12.0,83.0,23.0,49.0,32.0,14.0,12.0,55.0,0.0,2.0,56.25,45.9,1165.0,871.0,63.0,56.0,191.0,124.0,237.0,60265.0,4.0,2.0,7.0,2.91,42.74,35.41,994.0,807.0,4210.0,0.0,5.0,0.0,0.62,9.69,1.66,115.0,7.0,1809.0,0.0,0.0,0.0,0.0,0.08,2.22,6.0,36.0,,,,,,,,,,,,,,
Samuel Helenius,C,LAK                  LAK,23.0,2026,2027,2,"$1,750,000","$875,000",875000.0,2024,8482726,exact,False,8482726,2024,Samuel Helenius,LAK,C,50.0,25963.0,5.38,0.48,0.56,0.47,0.53,4.0,1.0,2.0,3.71,0.0,3.0,29.0,2.0,150.0,4.0,22.0,9.0,4.0,8.0,16.0,129.0,149.0,14.18,15.54,379.0,420.0,13.0,19.0,56.0,30.0,100.0,25704.0,4.0,1.0,2.0,3.71,13.79,15.36,375.0,413.0,43.0,0.0,0.0,0.0,0.0,0.02,0.02,2.0,1.0,0.0,0.0,0.0,0.0,0.0,0.0,0.0,0.0,0.0,,,,,,,,,,,,,,
Alexei Toropchenko,RW,STL                  STL,25.0,2025,2025,1,"$1,700,000","$1,700,000",1700000.0,2024,8480281,exact,False,8480281,2024,Alexey Toropchenko,STL,R,80.0,59964.0,15.04,0.38,0.51,0.43,0.5,4.0,6.0,8.0,9.64,0.0,13.0,90.0,11.0,223.0,6.0,24.0,3.0,9.0,11.0,53.0,4.0,5.0,30.15,48.41,744.0,992.0,31.0,58.0,84.0,214.0,303.0,53137.0,4.0,6.0,8.0,9.11,27.42,30.97,703.0,819.0,353.0,0.0,0.0,0.0,0.04,0.23,0.04,7.0,1.0,5427.0,0.0,0.0,0.0,0.28,0.81,12.68,22.0,140.0,,,,,,,,,,,,,,
A.J. Greer,LW,FLA                  FLA,27.0,2024,2025,2,"$1,700,000","$850,000",850000.0,2023,8478421,exact,False,8478421,2023,A.J. Greer,CGY,L,59.0,31264.0,10.12,0.46,0.48,0.47,0.52,6.0,3.0,3.0,6.58,4.0,6.0,57.0,4.0,100.0,18.0,16.0,7.0,11.0,13.0,24.0,4.0,4.0,19.75,22.81,473.0,535.0,21.0,30.0,56.0,50.0,94.0,29755.0,4.0,3.0,3.0,4.99,16.87,20.74,461.0,503.0,341.0,1.0,0.0,0.0,0.93,1.02,0.0,4.0,1.0,893.0,0.0,0.0,0.0,0.0,0.04,1.03,2.0,23.0,,,,,,,,,,,,,,
Mark Kastelic,C,BOS                  BOS,23.0,2023,2024,2,"$1,670,000","$835,000",835000.0,2022,8480355,exact,False,8480355,2022,Mark Kastelic,OTT,C,65.0,34683.0,12.24,0.45,0.52,0.47,0.53,7.0,2.0,2.0,8.33,2.0,11.0,73.0,6.0,154.0,19.0,15.0,8.0,14.0,19.0,37.0,336.0,254.0,23.16,28.81,512.0,585.0,20.0,32.0,65.0,259.0,140.0,31579.0,7.0,2.0,2.0,7.53,20.91,22.03,473.0,513.0,1249.0,0.0,0.0,0.0,0.47,1.84,0.0,29.0,1.0,1664.0,0.0,0.0,0.0,0.26,0.34,5.59,6.0,65.0,,,,,,,,,,,,,,
Parker Kelly,C,COL                  COL,25.0,2024,2025,2,"$1,650,000","$825,000",825000.0,2023,8480448,exact,False,8480448,2023,Parker Kelly,OTT,L,80.0,56192.0,19.91,0.39,0.53,0.42,0.54,8.0,5.0,5.0,9.16,3.0,9.0,86.0,7.0,171.0,34.0,20.0,9.0,22.0,15.0,67.0,11.0,35.0,30.71,48.26,758.0,1045.0,29.0,63.0,100.0,231.0,180.0,44753.0,4.0,4.0,5.0,6.14,24.3,27.37,687.0,704.0,487.0,0.0,0.0,0.0,0.22,0.41,0.12,12.0,2.0,10198.0,2.0,1.0,0.0,1.22,2.97,18.2,47.0,309.0,,,,,,,,,,,,,,
Jimmy Vesey,LW,COL                  COL,29.0,2023,2024,2,"$1,600,000","$800,000",800000.0,2022,8476918,exact,False,8476918,2022,Jimmy Vesey,NYR,L,81.0,66147.0,32.12,0.51,0.51,0.48,0.52,11.0,7.0,7.0,15.58,4.0,19.0,123.0,13.0,98.0,56.0,29.0,10.0,12.0,7.0,40.0,4.0,14.0,53.2,51.52,984.0,1058.0,57.0,59.0,124.0,129.0,212.0,57659.0,7.0,6.0,6.0,11.79,45.35,38.4,915.0,871.0,324.0,0.0,0.0,0.0,0.0,0.09,0.0,7.0,0.0,7077.0,1.0,0.0,0.0,0.88,1.74,12.12,34.0,161.0,,,,,,,,,,,,,,
Victor Olofsson,RW,CGY                  CGY,30.0,2025,2025,1,"$1,575,000","$1,575,000",1575000.0,2024,8478109,exact,False,8478109,2024,Victor Olofsson,VGK,L,56.0,48711.0,36.93,0.63,0.52,0.57,0.51,15.0,10.0,4.0,11.78,4.0,10.0,109.0,13.0,26.0,8.0,25.0,8.0,4.0,8.0,19.0,1.0,6.0,47.9,27.59,872.0,654.0,65.0,26.0,155.0,104.0,161.0,43151.0,9.0,10.0,2.0,6.73,30.44,24.15,715.0,609.0,4417.0,5.0,0.0,2.0,3.07,11.83,1.41,127.0,23.0,11.0,0.0,0.0,0.0,0.0,0.0,0.0,0.0,0.0,,,,,,,,,,,,,,
Jansen Harkins,C,ANA                  ANA,27.0,2024,2025,2,"$1,575,000","$787,500",787500.0,2023,8478424,exact,False,8478424,2023,Jansen Harkins,PIT,C,45.0,22162.0,4.5,0.47,0.54,0.49,0.53,0.0,4.0,0.0,3.05,0.0,5.0,37.0,2.0,74.0,9.0,9.0,3.0,10.0,9.0,13.0,2.0,0.0,12.31,14.16,345.0,364.0,12.0,12.0,22.0,97.0,77.0,21405.0,0.0,4.0,0.0,3.05,11.59,13.83,331.0,357.0,356.0,0.0,0.0,0.0,0.0,0.36,0.25,6.0,3.0,267.0,0.0,0.0,0.0,0.0,0.24,0.09,2.0,4.0,,,,,,,,,,,,,,
Troy Stecher,D,TOR                  TOR,30.0,2024,2025,2,"$1,575,000","$787,500",787500.0,2023,8479442,exact,False,8479442,2023,Troy Stecher,EDM,D,54.0,58706.0,12.67,0.44,0.52,0.45,0.51,1.0,3.0,3.0,3.68,0.0,3.0,51.0,7.0,68.0,13.0,22.0,17.0,8.0,16.0,77.0,0.0,0.0,44.4,55.8,850.0,1048.0,43.0,65.0,101.0,181.0,166.0,50649.0,1.0,3.0,3.0,3.11,35.35,33.72,812.0,802.0,180.0,0.0,0.0,0.0,0.0,1.34,0.06,2.0,3.0,5824.0,0.0,0.0,0.0,0.14,1.25,14.06,19.0,174.0,,,,,,,,,,,,,,
Jonny Brodzinski,C,NYR                  NYR,30.0,2024,2025,2,"$1,575,000","$787,500",787500.0,2023,8477380,exact,False,8477380,2023,Jonny Brodzinski,NYR,C,57.0,38056.0,19.24,0.51,0.5,0.52,0.51,6.0,5.0,8.0,6.76,0.0,5.0,89.0,11.0,34.0,19.0,17.0,9.0,7.0,4.0,24.0,162.0,161.0,26.25,25.24,641.0,584.0,26.0,25.0,120.0,92.0,135.0,34627.0,5.0,4.0,8.0,6.13,21.14,22.5,548.0,566.0,2768.0,1.0,1.0,0.0,0.55,3.18,0.23,72.0,7.0,17.0,0.0,0.0,0.0,0.0,0.0,0.0,0.0,1.0,,,,,,,,,,,,,,
Nathan Walker,LW,STL                  STL,29.0,2024,2025,2,"$1,550,000","$775,000",775000.0,2023,8477573,exact,False,8477573,2023,Nathan Walker,STL,L,45.0,29187.0,8.71,0.42,0.46,0.44,0.47,7.0,1.0,5.0,4.09,2.0,5.0,43.0,4.0,95.0,10.0,4.0,1.0,9.0,6.0,35.0,20.0,22.0,15.23,20.7,379.0,481.0,15.0,20.0,45.0,53.0,119.0,28267.0,6.0,1.0,5.0,3.63,13.84,19.99,364.0,466.0,129.0,0.0,0.0,0.0,0.0,0.05,0.0,4.0,0.0,602.0,0.0,0.0,0.0,0.04,0.1,0.62,5.0,10.0,,,,,,,,,,,,,,
Colin Blackwell,C,DAL                  DAL,32.0,2025,2026,2,"$1,550,000","$775,000",775000.0,2024,8476278,exact,False,8476278,2024,Colin Blackwell,DAL,C,63.0,43707.0,20.42,0.4,0.54,0.45,0.53,6.0,7.0,4.0,6.69,1.0,8.0,63.0,10.0,84.0,15.0,34.0,15.0,13.0,8.0,23.0,151.0,157.0,25.49,38.11,601.0,733.0,23.0,50.0,82.0,196.0,155.0,35985.0,3.0,5.0,4.0,5.71,22.56,23.36,566.0,524.0,158.0,0.0,0.0,0.0,0.0,0.1,0.0,2.0,0.0,6805.0,2.0,1.0,0.0,0.92,1.3,11.11,22.0,181.0,,,,,,,,,,,,,,
Jack Roslovic,C,EDM                  EDM,28.0,2025,2025,1,"$1,500,000","$1,500,000",1500000.0,2024,8478458,exact,False,8478458,2024,Jack Roslovic,CAR,C,81.0,67171.0,53.11,0.57,0.55,0.61,0.58,22.0,9.0,8.0,17.06,5.0,17.0,139.0,10.0,14.0,19.0,63.0,17.0,9.0,5.0,23.0,192.0,163.0,66.41,49.16,1388.0,885.0,69.0,59.0,254.0,112.0,223.0,58615.0,19.0,8.0,7.0,12.59,46.24,44.97,1137.0,841.0,6720.0,1.0,0.0,1.0,2.03,12.81,1.78,202.0,22.0,38.0,0.0,0.0,0.0,0.0,0.0,0.11,0.0,1.0,,,,,,,,,,,,,,
Max Pacioretty,LW,TOR                  TOR,35.0,2024,2024,1,"$1,500,000","$1,500,000",1500000.0,2023,8474157,exact,False,8474157,2023,Max Pacioretty,WSH,L,47.0,40703.0,18.2,0.54,0.46,0.54,0.44,4.0,11.0,8.0,9.01,1.0,7.0,95.0,11.0,76.0,14.0,16.0,5.0,8.0,11.0,22.0,5.0,12.0,38.35,32.76,708.0,614.0,38.0,37.0,128.0,61.0,129.0,34293.0,2.0,6.0,4.0,6.36,23.32,24.87,514.0,576.0,5605.0,2.0,5.0,4.0,2.31,12.51,0.81,168.0,17.0,8.0,0.0,0.0,0.0,0.0,0.0,0.0,0.0,0.0,,,,,,,,,,,,,,
Jani Hakanpaa,D,TOR                  TOR,32.0,2024,2024,1,"$1,470,000","$1,470,000",1470000.0,2023,8475825,exact,False,8475825,2023,Jani Hakanp,DAL,D,64.0,71602.0,12.95,0.41,0.6,0.4,0.58,2.0,5.0,5.0,1.71,0.0,1.0,56.0,5.0,196.0,13.0,31.0,25.0,6.0,14.0,123.0,0.0,0.0,48.1,69.09,965.0,1433.0,55.0,71.0,65.0,275.0,224.0,57852.0,2.0,4.0,5.0,1.46,36.04,36.6,897.0,979.0,115.0,0.0,0.0,0.0,0.0,0.0,0.01,1.0,1.0,11509.0,0.0,0.0,0.0,0.01,3.1,24.73,38.0,351.0,,,,,,,,,,,,,,
Sam Malinski,D,COL                  COL,26.0,2025,2025,1,"$1,400,000","$1,400,000",1400000.0,2024,8484258,exact,False,8484258,2024,Sam Malinski,COL,D,76.0,72751.0,30.88,0.51,0.53,0.52,0.55,5.0,6.0,4.0,4.42,1.0,4.0,115.0,9.0,57.0,29.0,68.0,42.0,8.0,8.0,107.0,0.0,0.0,51.13,49.75,1230.0,1130.0,46.0,45.0,116.0,164.0,217.0,69003.0,4.0,5.0,4.0,3.9,44.71,42.68,1176.0,1065.0,1009.0,0.0,1.0,0.0,0.38,2.02,0.21,22.0,5.0,1271.0,0.0,0.0,0.0,0.0,0.04,0.76,2.0,21.0,,,,,,,,,,,,,,
Patrick Maroon,LW,CHI                  CHI,36.0,2024,2024,1,"$1,300,000","$1,300,000",1300000.0,2023,8474034,exact,False,8474034,2023,Pat Maroon,BOS,L,51.0,39296.0,9.67,0.51,0.49,0.49,0.5,4.0,7.0,5.0,6.28,2.0,9.0,56.0,6.0,82.0,15.0,17.0,7.0,13.0,16.0,16.0,12.0,20.0,30.45,29.19,614.0,649.0,31.0,29.0,93.0,102.0,153.0,36158.0,4.0,7.0,4.0,4.56,19.77,24.02,529.0,614.0,2473.0,0.0,0.0,1.0,1.27,7.8,1.47,67.0,16.0,2.0,0.0,0.0,0.0,0.0,0.0,0.0,0.0,0.0,,,,,,,,,,,,,,
Kasperi Kapanen,RW,EDM                  EDM,28.0,2025,2025,1,"$1,300,000","$1,300,000",1300000.0,2024,8477953,exact,False,8477953,2024,Kasperi Kapanen,EDM,R,67.0,47917.0,13.44,0.47,0.56,0.49,0.52,6.0,6.0,2.0,5.73,1.0,4.0,66.0,5.0,88.0,9.0,42.0,12.0,12.0,8.0,14.0,39.0,55.0,30.19,34.24,704.0,722.0,27.0,34.0,121.0,88.0,148.0,43719.0,6.0,5.0,2.0,5.3,28.05,29.03,666.0,646.0,1110.0,0.0,0.0,0.0,0.09,0.68,0.14,20.0,6.0,2604.0,0.0,0.0,0.0,0.34,0.39,3.96,10.0,60.0,,,,,,,,,,,,,,
Joel Kiviranta,LW,COL                  COL,29.0,2025,2025,1,"$1,250,000","$1,250,000",1250000.0,2024,8481641,exact,False,8481641,2024,Joel Kiviranta,COL,L,79.0,59354.0,27.98,0.48,0.54,0.47,0.55,16.0,4.0,3.0,12.9,5.0,18.0,84.0,7.0,114.0,17.0,36.0,10.0,7.0,10.0,38.0,23.0,25.0,38.71,41.16,874.0,985.0,40.0,39.0,101.0,204.0,259.0,51450.0,12.0,4.0,2.0,10.47,33.14,25.4,832.0,774.0,272.0,0.0,0.0,0.0,0.18,0.29,0.01,3.0,2.0,6594.0,1.0,0.0,0.0,0.5,0.74,12.22,17.0,174.0,,,,,,,,,,,,,,
Lars Eller,C,OTT                  OTT,36.0,2025,2025,1,"$1,250,000","$1,250,000",1250000.0,2024,8474189,exact,False,8474189,2024,Lars Eller,WSH,C,80.0,63799.0,27.38,0.48,0.51,0.49,0.51,10.0,10.0,2.0,11.81,2.0,13.0,104.0,11.0,57.0,16.0,50.0,17.0,14.0,18.0,35.0,392.0,359.0,49.01,52.55,970.0,1009.0,64.0,56.0,136.0,215.0,199.0,56234.0,9.0,7.0,2.0,9.89,38.98,36.48,896.0,816.0,1419.0,0.0,1.0,0.0,0.65,2.65,0.48,30.0,10.0,4549.0,0.0,0.0,0.0,0.61,1.29,10.61,17.0,120.0,,,,,,,,,,,,,,
Sam Steel,C,DAL                  DAL,26.0,2024,2024,1,"$1,200,000","$1,200,000",1200000.0,2023,8479351,exact,False,8479351,2023,Sam Steel,DAL,C,77.0,61177.0,27.49,0.45,0.58,0.47,0.54,9.0,13.0,2.0,10.3,4.0,14.0,86.0,7.0,58.0,28.0,18.0,7.0,11.0,13.0,32.0,94.0,115.0,38.2,46.59,879.0,995.0,37.0,49.0,92.0,175.0,212.0,51888.0,7.0,11.0,2.0,8.4,32.25,29.58,818.0,743.0,236.0,0.0,0.0,0.0,0.0,0.81,0.0,5.0,0.0,8064.0,1.0,1.0,0.0,1.25,3.54,14.25,43.0,215.0,,,,,,,,,,,,,,
Philipp Kurashev,C,SJS                  SJS,25.0,2025,2025,1,"$1,200,000","$1,200,000",1200000.0,2024,8480798,exact,False,8480798,2024,Philipp Kurashev,CHI,C,51.0,41981.0,3.68,0.36,0.42,0.44,0.44,7.0,3.0,4.0,6.4,2.0,6.0,54.0,5.0,30.0,13.0,27.0,10.0,8.0,7.0,16.0,97.0,109.0,22.73,39.61,559.0,723.0,19.0,47.0,89.0,76.0,118.0,37227.0,5.0,3.0,4.0,5.31,19.83,28.96,491.0,646.0,1272.0,1.0,0.0,0.0,0.72,1.15,0.9,33.0,7.0,2665.0,0.0,0.0,0.0,0.28,0.48,3.05,13.0,55.0,,,,,,,,,,,,,,
Christian Fischer,C,CBJ                  CBJ,27.0,2024,2024,1,"$1,125,000","$1,125,000",1125000.0,2023,8478432,exact,False,8478432,2023,Christian Fischer,DET,R,79.0,54068.0,8.58,0.46,0.47,0.4,0.48,5.0,8.0,6.0,9.59,4.0,13.0,86.0,16.0,138.0,11.0,21.0,8.0,17.0,15.0,32.0,88.0,130.0,37.19,44.21,712.0,1049.0,45.0,35.0,132.0,152.0,204.0,49345.0,4.0,8.0,6.0,8.47,31.61,33.49,681.0,915.0,264.0,0.0,0.0,0.0,0.0,0.21,0.0,5.0,0.0,3660.0,1.0,0.0,0.0,0.64,1.26,8.07,12.0,106.0,,,,,,,,,,,,,,
David Kampf,C,WAS                  WAS,30.0,2025,2025,1,"$1,100,000","$1,100,000",1100000.0,2024,8480144,exact,False,8480144,2024,David Kampf,TOR,C,59.0,43871.0,8.91,0.4,0.51,0.39,0.5,5.0,7.0,1.0,5.81,2.0,9.0,45.0,5.0,50.0,17.0,30.0,14.0,7.0,7.0,26.0,278.0,265.0,26.28,39.02,509.0,805.0,32.0,39.0,32.0,210.0,156.0,35754.0,4.0,6.0,1.0,4.4,16.87,21.11,461.0,551.0,132.0,0.0,0.0,0.0,0.0,0.0,0.0,0.0,0.0,6793.0,0.0,1.0,0.0,0.36,1.26,14.1,27.0,216.0,,,,,,,,,,,,,,
Urho Vaakanainen,D,NYR                  NYR,25.0,2024,2024,1,"$1,100,000","$1,100,000",1100000.0,2023,8480001,exact,False,8480001,2023,Urho Vaakanainen,ANA,D,68.0,71302.0,13.53,0.39,0.46,0.43,0.46,1.0,6.0,7.0,1.69,0.0,0.0,67.0,7.0,55.0,13.0,31.0,20.0,10.0,13.0,79.0,0.0,0.0,40.73,62.71,980.0,1293.0,42.0,60.0,86.0,222.0,233.0,62129.0,1.0,6.0,6.0,1.62,36.88,40.58,928.0,995.0,157.0,0.0,0.0,0.0,0.0,0.02,0.0,3.0,0.0,7556.0,0.0,0.0,1.0,0.04,2.02,18.88,36.0,253.0,,,,,,,,,,,,,,
Matthew Grzelcyk,D,CHI                  CHI,31.0,2025,2025,1,"$1,000,000","$1,000,000",1000000.0,2024,8476891,last+initial,False,8476891,2024,Matt Grzelcyk,PIT,D,82.0,101411.0,36.3,0.54,0.46,0.52,0.49,1.0,19.0,20.0,3.52,0.0,0.0,94.0,11.0,43.0,32.0,85.0,49.0,5.0,8.0,101.0,0.0,0.0,90.73,77.16,1755.0,1608.0,102.0,75.0,313.0,218.0,330.0,86333.0,1.0,12.0,11.0,2.9,57.67,65.92,1426.0,1425.0,10015.0,0.0,6.0,9.0,0.5,26.43,2.61,283.0,55.0,2850.0,0.0,0.0,0.0,0.0,0.56,4.07,11.0,69.0,,,,,,,,,,,,,,
Travis Hamonic,D,DET                  DET,35.0,2025,2025,1,"$1,000,000","$1,000,000",1000000.0,2024,8474612,exact,False,8474612,2024,Travis Hamonic,OTT,D,59.0,60417.0,5.55,0.41,0.52,0.43,0.54,1.0,1.0,5.0,2.7,0.0,0.0,72.0,9.0,73.0,17.0,62.0,47.0,5.0,8.0,92.0,0.0,0.0,40.72,57.53,900.0,1173.0,49.0,67.0,85.0,199.0,181.0,53306.0,1.0,0.0,5.0,2.58,35.44,40.61,850.0,951.0,168.0,0.0,0.0,0.0,0.04,0.09,0.05,6.0,1.0,5247.0,0.0,0.0,0.0,0.01,1.99,13.3,23.0,165.0,,,,,,,,,,,,,,
Brent Burns,D,COL                  COL,40.0,2025,2025,1,"$1,000,000","$1,000,000",1000000.0,2024,8470613,exact,False,8470613,2024,Brent Burns,CAR,D,82.0,103102.0,56.85,0.53,0.57,0.56,0.6,6.0,10.0,13.0,7.11,0.0,4.0,174.0,11.0,11.0,36.0,104.0,70.0,5.0,14.0,98.0,0.0,0.0,105.34,93.28,2026.0,1590.0,113.0,112.0,299.0,341.0,302.0,78624.0,6.0,8.0,8.0,4.53,69.23,55.77,1589.0,1160.0,7812.0,0.0,1.0,2.0,1.49,13.49,1.59,247.0,28.0,10955.0,0.0,0.0,0.0,0.05,3.68,14.42,47.0,251.0,,,,,,,,,,,,,,
Evgenii Dadonov,LW,NJD                  NJD,36.0,2025,2025,1,"$1,000,000","$1,000,000",1000000.0,2024,8474149,exact,False,8474149,2024,Evgenii Dadonov,DAL,R,80.0,64960.0,35.37,0.54,0.51,0.51,0.5,20.0,12.0,8.0,18.84,6.0,22.0,123.0,16.0,44.0,9.0,66.0,15.0,7.0,5.0,39.0,0.0,0.0,57.65,48.44,1092.0,1062.0,58.0,51.0,221.0,155.0,223.0,59103.0,14.0,8.0,6.0,12.49,43.21,43.43,925.0,1012.0,4564.0,4.0,1.0,1.0,3.59,9.23,0.94,135.0,18.0,26.0,0.0,0.0,0.0,0.0,0.0,0.0,0.0,1.0,,,,,,,,,,,,,,
Cole Koepke,LW,WPG                  WPG,27.0,2025,2025,1,"$1,000,000","$1,000,000",1000000.0,2024,8481043,exact,False,8481043,2024,Cole Koepke,BOS,L,73.0,49258.0,13.06,0.45,0.47,0.43,0.5,10.0,5.0,2.0,11.43,1.0,17.0,85.0,12.0,177.0,8.0,33.0,10.0,9.0,6.0,26.0,0.0,2.0,30.78,37.65,615.0,829.0,42.0,36.0,77.0,157.0,215.0,45412.0,9.0,5.0,2.0,9.52,26.76,27.95,583.0,726.0,202.0,0.0,0.0,0.0,0.04,0.63,0.0,5.0,0.0,3100.0,0.0,0.0,0.0,0.51,0.72,8.55,11.0,91.0,,,,,,,,,,,,,,
Tanner Pearson,LW,BUF                  BUF,32.0,2025,2025,1,"$1,000,000","$1,000,000",1000000.0,2024,8476871,exact,False,8476871,2024,Tanner Pearson,VGK,L,78.0,55161.0,25.3,0.47,0.55,0.47,0.52,12.0,9.0,6.0,14.31,5.0,22.0,109.0,18.0,96.0,15.0,46.0,13.0,11.0,4.0,45.0,6.0,18.0,42.3,47.7,853.0,965.0,59.0,55.0,129.0,131.0,233.0,53567.0,8.0,8.0,6.0,12.04,38.87,43.74,838.0,928.0,135.0,0.0,0.0,0.0,0.09,0.39,0.0,4.0,0.0,1136.0,1.0,0.0,0.0,0.4,0.48,3.27,6.0,27.0,,,,,,,,,,,,,,
James Van Riemsdyk,LW,DET                  DET,36.0,2025,2025,1,"$1,000,000","$1,000,000",1000000.0,2024,8474037,exact,False,8474037,2024,James van Riemsdyk,CBJ,L,71.0,52822.0,30.45,0.51,0.47,0.52,0.47,16.0,11.0,9.0,13.45,5.0,17.0,85.0,21.0,31.0,5.0,40.0,8.0,12.0,10.0,16.0,6.0,14.0,43.96,42.64,911.0,848.0,49.0,43.0,149.0,108.0,160.0,48244.0,13.0,10.0,9.0,11.36,35.0,37.47,784.0,819.0,3378.0,1.0,1.0,0.0,0.79,4.14,0.79,74.0,12.0,0.0,0.0,0.0,0.0,0.0,0.0,0.0,0.0,0.0,,,,,,,,,,,,,,
Jamie Benn,LW,DAL                  DAL,35.0,2025,2025,1,"$1,000,000","$1,000,000",1000000.0,2024,8473994,exact,False,8473994,2024,Jamie Benn,DAL,L,80.0,73446.0,39.98,0.54,0.51,0.53,0.5,16.0,22.0,11.0,17.97,3.0,20.0,136.0,16.0,114.0,13.0,58.0,23.0,12.0,25.0,45.0,296.0,233.0,75.44,64.01,1356.0,1223.0,80.0,68.0,319.0,204.0,223.0,56476.0,15.0,14.0,9.0,12.89,43.14,46.17,919.0,1041.0,10847.0,0.0,7.0,2.0,3.05,22.38,2.52,344.0,42.0,2888.0,0.0,0.0,0.0,0.43,0.69,4.66,15.0,71.0,,,,,,,,,,,,,,
Craig Smith,C,DET                  DET,34.0,2024,2024,1,"$1,000,000","$1,000,000",1000000.0,2023,8475225,exact,False,8475225,2023,Craig Smith,DAL,C,75.0,45975.0,31.23,0.56,0.56,0.56,0.52,11.0,4.0,5.0,10.7,5.0,12.0,112.0,10.0,51.0,22.0,23.0,5.0,7.0,14.0,30.0,1.0,3.0,33.67,26.39,814.0,651.0,32.0,24.0,60.0,93.0,177.0,45144.0,10.0,4.0,5.0,9.26,31.93,25.59,800.0,631.0,291.0,0.0,0.0,0.0,0.11,0.16,0.21,4.0,4.0,257.0,0.0,0.0,0.0,0.09,0.1,0.33,4.0,6.0,,,,,,,,,,,,,,
Erik Johnson,D,COL                  COL,36.0,2024,2024,1,"$1,000,000","$1,000,000",1000000.0,2023,8473446,exact,False,8473446,2023,Erik Johnson,PHI,D,67.0,58183.0,9.2,0.39,0.53,0.41,0.54,5.0,0.0,1.0,2.14,0.0,0.0,60.0,4.0,143.0,6.0,15.0,13.0,8.0,5.0,97.0,0.0,0.0,37.96,58.3,780.0,1145.0,39.0,60.0,110.0,241.0,160.0,47658.0,5.0,0.0,1.0,1.76,33.04,35.52,731.0,781.0,28.0,0.0,0.0,0.0,0.0,0.19,0.0,1.0,0.0,9355.0,0.0,0.0,0.0,0.19,1.44,18.48,34.0,327.0,,,,,,,,,,,,,,
Daniel Sprong,RW,NJD                  NJD,27.0,2024,2024,1,"$975,000","$975,000",975000.0,2023,8478466,exact,False,8478466,2023,Daniel Sprong,DET,R,76.0,54722.0,35.64,0.56,0.45,0.52,0.46,18.0,14.0,11.0,12.91,3.0,10.0,160.0,18.0,32.0,16.0,26.0,10.0,11.0,11.0,15.0,8.0,4.0,47.73,37.86,958.0,872.0,49.0,37.0,167.0,92.0,152.0,45940.0,15.0,9.0,7.0,9.28,29.87,35.37,708.0,829.0,7985.0,3.0,5.0,4.0,3.58,16.64,1.55,235.0,36.0,26.0,0.0,0.0,0.0,0.0,0.0,0.0,0.0,0.0,,,,,,,,,,,,,,
Mavrik Bourque,C,DAL                  DAL,23.0,2025,2025,1,"$950,000","$950,000",950000.0,2024,8482145,exact,False,8482145,2024,Mavrik Bourque,DAL,C,73.0,55556.0,28.94,0.52,0.53,0.52,0.5,11.0,7.0,7.0,12.74,4.0,15.0,80.0,16.0,46.0,12.0,39.0,13.0,14.0,4.0,37.0,161.0,187.0,40.64,38.15,892.0,818.0,46.0,37.0,144.0,155.0,176.0,49627.0,9.0,5.0,6.0,9.9,32.26,33.35,786.0,735.0,2409.0,1.0,2.0,0.0,1.04,3.9,0.87,61.0,12.0,2718.0,0.0,0.0,0.0,0.08,0.24,3.64,11.0,63.0,,,,,,,,,,,,,,
Mathieu Joseph,RW,LAK                  LAK,29.0,2025,2025,1,"$900,000","$900,000",900000.0,2024,8478472,exact,False,8478472,2024,Mathieu Joseph,STL,R,60.0,42867.0,14.89,0.48,0.49,0.47,0.49,4.0,6.0,4.0,7.79,0.0,7.0,69.0,4.0,121.0,16.0,25.0,9.0,10.0,9.0,36.0,33.0,31.0,24.81,26.51,594.0,681.0,23.0,28.0,72.0,103.0,173.0,38697.0,3.0,6.0,4.0,6.69,21.76,21.2,567.0,582.0,145.0,0.0,0.0,0.0,0.0,0.89,0.11,6.0,1.0,3287.0,1.0,0.0,0.0,0.54,0.71,3.59,11.0,83.0,,,,,,,,,,,,,,
Joe Veleno,C,MTL                  MTL,25.0,2025,2025,1,"$900,000","$900,000",900000.0,2024,8480813,exact,False,8480813,2024,Joe Veleno,CHI,C,74.0,53805.0,8.15,0.42,0.47,0.43,0.48,8.0,3.0,6.0,8.24,1.0,10.0,75.0,16.0,139.0,13.0,44.0,16.0,7.0,7.0,44.0,201.0,228.0,32.74,44.83,701.0,931.0,33.0,45.0,112.0,137.0,183.0,50280.0,8.0,2.0,4.0,8.03,28.32,35.7,679.0,823.0,182.0,0.0,0.0,0.0,0.0,0.02,0.0,1.0,0.0,2292.0,0.0,0.0,0.0,0.14,1.14,5.69,10.0,82.0,,,,,,,,,,,,,,
John Beecher,C,CGY                  CGY,24.0,2025,2025,1,"$900,000","$900,000",900000.0,2024,8481556,exact,False,8481556,2024,John Beecher,BOS,C,78.0,52807.0,4.27,0.39,0.49,0.39,0.51,3.0,7.0,1.0,7.4,1.0,10.0,44.0,6.0,85.0,14.0,49.0,22.0,12.0,13.0,71.0,282.0,260.0,30.34,46.56,624.0,985.0,38.0,54.0,55.0,379.0,190.0,44966.0,2.0,5.0,1.0,4.38,23.56,29.43,575.0,752.0,287.0,0.0,0.0,0.0,0.49,0.59,0.0,5.0,0.0,6913.0,0.0,0.0,0.0,0.68,1.38,15.54,28.0,211.0,,,,,,,,,,,,,,
Jacob Bryson,D,WPG                  WPG,27.0,2025,2025,1,"$900,000","$900,000",900000.0,2024,8480196,exact,False,8480196,2024,Jacob Bryson,BUF,D,48.0,41450.0,2.2,0.4,0.49,0.45,0.51,0.0,5.0,2.0,1.16,0.0,1.0,20.0,0.0,15.0,8.0,33.0,26.0,3.0,5.0,51.0,0.0,0.0,25.94,38.3,569.0,709.0,29.0,40.0,63.0,119.0,165.0,37931.0,0.0,5.0,2.0,1.16,23.38,30.59,543.0,633.0,22.0,0.0,0.0,0.0,0.0,0.0,0.0,0.0,0.0,2619.0,0.0,0.0,0.0,0.0,1.0,5.18,15.0,58.0,,,,,,,,,,,,,,
Cameron Atkinson,RW,TBL                  TBL,35.0,2024,2024,1,"$900,000","$900,000",900000.0,2023,8474715,last+initial,False,8474715,2023,Cam Atkinson,PHI,R,70.0,66971.0,31.51,0.5,0.5,0.53,0.51,13.0,5.0,10.0,18.43,7.0,23.0,175.0,21.0,35.0,17.0,20.0,7.0,14.0,12.0,46.0,12.0,13.0,55.82,56.8,1207.0,1079.0,64.0,69.0,253.0,173.0,219.0,50492.0,10.0,3.0,7.0,11.72,35.01,37.35,851.0,862.0,8538.0,2.0,1.0,3.0,3.09,10.91,1.92,236.0,33.0,5370.0,0.0,0.0,0.0,1.26,1.9,6.11,33.0,128.0,,,,,,,,,,,,,,
Jacob Bernard-Docker,D,DET                  DET,25.0,2025,2025,1,"$875,000","$875,000",875000.0,2024,8480879,exact,False,8480879,2024,Jacob Bernard-Docker,BUF,D,40.0,32676.0,9.75,0.5,0.49,0.5,0.49,2.0,3.0,3.0,1.11,0.0,0.0,32.0,2.0,30.0,3.0,22.0,21.0,3.0,7.0,50.0,0.0,0.0,21.22,20.96,503.0,506.0,21.0,22.0,72.0,58.0,114.0,31856.0,2.0,3.0,3.0,1.11,20.33,20.63,491.0,502.0,133.0,0.0,0.0,0.0,0.0,0.71,0.0,7.0,0.0,166.0,0.0,0.0,0.0,0.0,0.03,0.13,2.0,1.0,,,,,,,,,,,,,,
Cole Schwindt,RW,FLA                  FLA,24.0,2025,2025,1,"$825,000","$825,000",825000.0,2024,8481655,exact,False,8481655,2024,Cole Schwindt,VGK,R,42.0,23326.0,5.77,0.52,0.53,0.44,0.51,1.0,2.0,5.0,4.67,1.0,8.0,32.0,7.0,41.0,6.0,21.0,7.0,8.0,0.0,17.0,110.0,108.0,16.33,14.89,305.0,391.0,22.0,12.0,49.0,41.0,104.0,22539.0,0.0,2.0,5.0,4.23,15.57,14.58,300.0,378.0,20.0,0.0,0.0,0.0,0.01,0.01,0.01,1.0,1.0,675.0,0.0,0.0,0.0,0.0,0.04,0.3,1.0,12.0,,,,,,,,,,,,,,
Nick Cousins,C,OTT                  OTT,31.0,2025,2025,1,"$825,000","$825,000",825000.0,2024,8476393,exact,False,8476393,2024,Nick Cousins,OTT,C,50.0,35708.0,17.75,0.51,0.49,0.52,0.53,6.0,6.0,3.0,7.67,2.0,12.0,68.0,8.0,85.0,5.0,23.0,7.0,15.0,19.0,26.0,1.0,6.0,25.11,24.06,580.0,545.0,33.0,23.0,95.0,99.0,138.0,34854.0,6.0,5.0,3.0,7.65,23.87,22.84,569.0,530.0,303.0,0.0,0.0,0.0,0.02,0.49,0.0,8.0,0.0,18.0,0.0,0.0,0.0,0.0,0.0,0.0,0.0,0.0,,,,,,,,,,,,,,
Marcus Johansson,C,MIN                  MIN,34.0,2025,2025,1,"$800,000","$800,000",800000.0,2024,8475149,exact,False,8475149,2024,Marcus Johansson,MIN,L,72.0,70776.0,29.52,0.53,0.49,0.51,0.47,11.0,16.0,7.0,12.42,3.0,14.0,121.0,11.0,49.0,12.0,41.0,17.0,10.0,6.0,25.0,5.0,15.0,54.83,48.9,1182.0,1135.0,59.0,55.0,179.0,158.0,225.0,62157.0,7.0,12.0,2.0,9.01,38.34,38.9,969.0,1046.0,5502.0,1.0,1.0,4.0,1.1,8.4,1.0,130.0,19.0,477.0,1.0,0.0,0.0,0.1,0.67,0.29,5.0,6.0,,,,,,,,,,,,,,
Tyler Motte,C,DET                  DET,29.0,2024,2024,1,"$800,000","$800,000",800000.0,2023,8477353,exact,False,8477353,2023,Tyler Motte,TBL,C,69.0,51514.0,11.98,0.38,0.54,0.42,0.53,6.0,2.0,1.0,7.87,0.0,7.0,83.0,9.0,97.0,41.0,14.0,5.0,12.0,9.0,41.0,78.0,77.0,25.3,41.98,628.0,858.0,27.0,42.0,75.0,216.0,194.0,41958.0,4.0,2.0,1.0,6.7,21.91,25.24,587.0,615.0,100.0,0.0,0.0,0.0,0.0,0.0,0.13,0.0,3.0,8858.0,2.0,0.0,0.0,0.94,1.89,15.53,36.0,228.0,,,,,,,,,,,,,,
Calvin de Haan,D,NYR                  NYR,33.0,2024,2024,1,"$800,000","$800,000",800000.0,2023,8475177,exact,False,8475177,2023,Calvin de Haan,TBL,D,59.0,58854.0,15.2,0.48,0.52,0.47,0.52,3.0,3.0,4.0,2.1,1.0,1.0,56.0,5.0,96.0,11.0,23.0,21.0,5.0,11.0,82.0,0.0,0.0,42.93,46.82,853.0,965.0,46.0,53.0,68.0,145.0,209.0,51330.0,2.0,3.0,2.0,1.57,35.65,31.39,809.0,757.0,86.0,0.0,0.0,0.0,0.0,0.0,0.0,0.0,1.0,6405.0,0.0,0.0,0.0,0.04,2.27,11.04,31.0,173.0,,,,,,,,,,,,,,
Trevor Lewis,C,LAK                  LAK,37.0,2024,2024,1,"$800,000","$800,000",800000.0,2023,8473453,exact,False,8473453,2023,Trevor Lewis,LAK,C,82.0,57248.0,27.88,0.46,0.55,0.45,0.54,8.0,6.0,2.0,12.46,1.0,18.0,130.0,19.0,90.0,15.0,17.0,14.0,7.0,10.0,62.0,133.0,180.0,37.81,45.11,848.0,1045.0,51.0,48.0,148.0,211.0,180.0,47574.0,7.0,5.0,1.0,10.1,31.87,28.67,804.0,720.0,270.0,0.0,0.0,1.0,0.0,0.54,0.0,6.0,0.0,8523.0,0.0,1.0,0.0,0.64,1.99,14.51,26.0,296.0,,,,,,,,,,,,,,
Gustav Lindstrom,D,MTL                  MTL,25.0,2024,2024,1,"$775,000","$775,000",775000.0,2023,8480184,exact,False,8480184,2023,Gustav Lindstrom,ANA,D,46.0,42504.0,4.63,0.44,0.42,0.43,0.44,3.0,5.0,2.0,1.57,1.0,1.0,29.0,4.0,63.0,7.0,16.0,14.0,1.0,12.0,63.0,0.0,0.0,25.21,32.61,539.0,722.0,23.0,31.0,66.0,87.0,144.0,40506.0,2.0,5.0,2.0,1.04,23.3,27.63,523.0,674.0,44.0,0.0,0.0,0.0,0.0,0.02,0.0,1.0,0.0,887.0,0.0,0.0,0.0,0.0,0.04,2.75,2.0,29.0,,,,,,,,,,,,,,
Ryan Suter,D,STL                  STL,39.0,2024,2024,1,"$775,000","$775,000",775000.0,2023,8470600,exact,False,8470600,2023,Ryan Suter,DAL,D,82.0,93184.0,28.25,0.5,0.58,0.49,0.54,2.0,7.0,8.0,3.85,0.0,2.0,102.0,6.0,86.0,16.0,30.0,19.0,0.0,14.0,111.0,0.0,0.0,69.75,69.91,1488.0,1547.0,65.0,68.0,174.0,232.0,288.0,84672.0,2.0,6.0,8.0,3.74,59.6,53.76,1417.0,1311.0,402.0,0.0,0.0,0.0,0.0,0.56,0.04,7.0,1.0,5879.0,0.0,1.0,0.0,0.05,3.86,8.93,41.0,147.0,,,,,,,,,,,,,,
Jack Johnson,D,CBJ                  CBJ,37.0,2024,2024,1,"$775,000","$775,000",775000.0,2023,8471677,exact,False,8471677,2023,Jack Johnson,COL,D,80.0,71651.0,20.8,0.46,0.53,0.47,0.54,3.0,8.0,5.0,3.44,0.0,2.0,76.0,9.0,78.0,12.0,20.0,14.0,7.0,8.0,89.0,0.0,0.0,50.68,58.96,1146.0,1271.0,41.0,60.0,67.0,193.0,187.0,66301.0,3.0,7.0,5.0,3.0,46.2,50.43,1107.0,1142.0,98.0,0.0,0.0,0.0,0.02,0.02,0.14,3.0,1.0,4366.0,0.0,0.0,0.0,0.0,1.6,6.26,21.0,94.0,,,,,,,,,,,,,,
Jesper Boqvist,C,FLA                  FLA,25.0,2024,2024,1,"$775,000","$775,000",775000.0,2023,8480003,exact,False,8480003,2023,Jesper Boqvist,BOS,C,47.0,31443.0,12.87,0.55,0.49,0.47,0.47,6.0,5.0,3.0,4.35,0.0,1.0,51.0,5.0,71.0,14.0,11.0,6.0,3.0,4.0,15.0,51.0,92.0,21.84,17.9,429.0,477.0,26.0,20.0,46.0,67.0,130.0,30421.0,5.0,5.0,3.0,3.97,19.7,16.86,412.0,461.0,244.0,0.0,0.0,0.0,0.0,0.27,0.09,4.0,1.0,343.0,0.0,0.0,0.0,0.0,0.0,0.24,0.0,5.0,,,,,,,,,,,,,,
Luke Glendening,C,PHI                  PHI,36.0,2025,2025,1,"$775,000","$775,000",775000.0,2024,8476822,exact,False,8476822,2024,Luke Glendening,TBL,C,77.0,49826.0,4.75,0.35,0.56,0.39,0.53,4.0,3.0,0.0,6.4,1.0,9.0,51.0,5.0,105.0,6.0,19.0,10.0,7.0,5.0,58.0,502.0,379.0,26.28,49.49,570.0,905.0,28.0,61.0,143.0,370.0,174.0,41214.0,3.0,2.0,0.0,5.56,22.03,29.8,527.0,666.0,84.0,0.0,0.0,0.0,0.0,0.2,0.02,3.0,1.0,7497.0,1.0,1.0,0.0,0.85,1.83,15.87,29.0,198.0,,,,,,,,,,,,,,
Robby Fabbri,LW,MIN                  MIN,29.0,2025,2025,1,"$775,000","$775,000",775000.0,2024,8477952,exact,False,8477952,2024,Robby Fabbri,ANA,C,44.0,42780.0,6.29,0.4,0.46,0.43,0.47,8.0,6.0,2.0,7.91,0.0,8.0,65.0,11.0,58.0,14.0,30.0,10.0,8.0,10.0,29.0,71.0,85.0,32.8,50.22,682.0,912.0,38.0,58.0,109.0,115.0,124.0,36042.0,8.0,4.0,1.0,5.83,24.18,37.25,561.0,770.0,2745.0,0.0,0.0,0.0,0.66,2.58,0.54,56.0,14.0,2404.0,0.0,0.0,0.0,0.1,0.87,6.92,13.0,86.0,,,,,,,,,,,,,,
Kevin Rooney,C,UTA                  UTA,32.0,2025,2025,1,"$775,000","$775,000",775000.0,2024,8479291,exact,False,8479291,2024,Kevin Rooney,CGY,C,70.0,39550.0,8.77,0.34,0.51,0.39,0.53,5.0,2.0,3.0,6.73,4.0,10.0,54.0,5.0,109.0,9.0,30.0,17.0,11.0,7.0,39.0,195.0,218.0,18.4,36.35,490.0,753.0,19.0,37.0,47.0,190.0,97.0,31076.0,4.0,1.0,3.0,5.63,16.26,20.09,450.0,514.0,343.0,0.0,0.0,0.0,0.01,0.38,0.02,5.0,1.0,7711.0,0.0,1.0,0.0,0.33,0.86,14.02,26.0,220.0,,,,,,,,,,,,,,
Noah Gregor,C,FLA                  FLA,27.0,2025,2025,1,"$775,000","$775,000",775000.0,2024,8479393,exact,False,8479393,2024,Noah Gregor,SJS,L,52.0,34651.0,0.96,0.35,0.48,0.41,0.51,4.0,2.0,1.0,5.57,1.0,4.0,60.0,5.0,94.0,7.0,17.0,6.0,8.0,11.0,33.0,4.0,3.0,15.53,28.49,442.0,636.0,13.0,31.0,75.0,70.0,138.0,31660.0,3.0,2.0,1.0,5.03,14.43,22.36,424.0,552.0,188.0,0.0,0.0,0.0,0.0,0.01,0.0,1.0,0.0,2491.0,1.0,0.0,0.0,0.54,0.75,5.82,14.0,79.0,,,,,,,,,,,,,,
Luke Kunin,C,FLA                  FLA,27.0,2025,2025,1,"$775,000","$775,000",775000.0,2024,8479316,exact,False,8479316,2024,Luke Kunin,CBJ,C,75.0,66107.0,2.61,0.39,0.46,0.39,0.5,11.0,4.0,3.0,16.64,3.0,23.0,112.0,16.0,187.0,12.0,30.0,12.0,14.0,23.0,77.0,187.0,211.0,42.34,66.12,878.0,1376.0,52.0,75.0,136.0,199.0,230.0,54402.0,10.0,3.0,3.0,13.0,32.51,43.88,760.0,1097.0,2912.0,0.0,0.0,0.0,0.9,2.34,0.96,59.0,13.0,7396.0,0.0,0.0,0.0,1.1,2.11,16.1,32.0,219.0,,,,,,,,,,,,,,
Nathan Bastian,RW,DAL                  DAL,27.0,2025,2025,1,"$775,000","$775,000",775000.0,2024,8479414,exact,False,8479414,2024,Nathan Bastian,NJD,R,59.0,38719.0,9.16,0.47,0.53,0.47,0.53,4.0,4.0,2.0,7.42,3.0,12.0,44.0,4.0,138.0,2.0,24.0,5.0,9.0,9.0,27.0,8.0,17.0,22.78,25.38,487.0,559.0,28.0,26.0,69.0,94.0,135.0,35216.0,2.0,3.0,2.0,5.94,18.29,19.98,457.0,485.0,463.0,1.0,0.0,0.0,0.34,0.51,0.09,8.0,2.0,2371.0,1.0,0.0,0.0,0.09,0.56,4.17,10.0,55.0,,,,,,,,,,,,,,
Michael Carcone,RW,UTA                  UTA,29.0,2025,2025,1,"$775,000","$775,000",775000.0,2024,8479619,exact,False,8479619,2024,Michael Carcone,UTA,L,53.0,36357.0,22.17,0.54,0.52,0.55,0.51,7.0,3.0,9.0,7.41,2.0,7.0,75.0,12.0,48.0,6.0,38.0,7.0,10.0,11.0,11.0,5.0,5.0,30.51,26.29,675.0,548.0,31.0,23.0,124.0,91.0,128.0,33661.0,7.0,3.0,7.0,7.01,26.26,23.49,607.0,521.0,2292.0,0.0,0.0,2.0,0.38,3.73,0.62,56.0,11.0,15.0,0.0,0.0,0.0,0.0,0.0,0.0,0.0,0.0,,,,,,,,,,,,,,
Mackie Samoskevich,RW,FLA                  FLA,22.0,2025,2025,1,"$775,000","$775,000",775000.0,2024,8482713,exact,False,8482713,2024,Mackie Samoskevich,FLA,R,72.0,57552.0,40.87,0.64,0.52,0.61,0.54,15.0,10.0,6.0,17.37,5.0,26.0,129.0,20.0,134.0,9.0,46.0,11.0,13.0,6.0,32.0,0.0,1.0,65.34,37.05,1162.0,758.0,88.0,40.0,237.0,93.0,191.0,49089.0,10.0,6.0,2.0,11.08,38.72,30.66,865.0,719.0,6779.0,3.0,3.0,4.0,4.36,16.61,2.32,214.0,22.0,57.0,0.0,0.0,0.0,0.0,0.0,0.09,0.0,2.0,,,,,,,,,,,,,,
Pierre-Olivier Joseph,D,VAN                  VAN,26.0,2025,2025,1,"$775,000","$775,000",775000.0,2024,8480058,exact,False,8480058,2024,P.O Joseph,PIT,D,47.0,43037.0,3.75,0.43,0.49,0.47,0.49,0.0,2.0,1.0,1.63,0.0,0.0,42.0,4.0,36.0,20.0,53.0,36.0,6.0,15.0,36.0,0.0,0.0,27.08,35.43,624.0,701.0,28.0,45.0,62.0,104.0,138.0,39168.0,0.0,1.0,1.0,1.48,25.31,27.38,606.0,573.0,92.0,0.0,0.0,0.0,0.0,0.0,0.0,0.0,0.0,2687.0,0.0,0.0,0.0,0.13,0.18,6.33,6.0,96.0,,,,,,,,,,,,,,
Curtis Lazar,C,EDM                  EDM,30.0,2025,2025,1,"$775,000","$775,000",775000.0,2024,8477508,exact,False,8477508,2024,Curtis Lazar,NJD,C,48.0,30433.0,-0.27,0.38,0.53,0.39,0.54,2.0,2.0,1.0,2.84,0.0,2.0,27.0,2.0,107.0,3.0,11.0,6.0,7.0,7.0,17.0,205.0,195.0,15.8,26.33,331.0,508.0,21.0,32.0,60.0,106.0,111.0,27068.0,2.0,2.0,1.0,2.62,13.24,18.18,310.0,420.0,303.0,0.0,0.0,0.0,0.04,0.04,0.0,4.0,0.0,2580.0,0.0,0.0,0.0,0.18,0.55,6.82,11.0,66.0,,,,,,,,,,,,,,
Jeff Petry,D,MIN                  MIN,37.0,2025,2025,1,"$775,000","$775,000",775000.0,2024,8473507,exact,False,8473507,2024,Jeff Petry,DET,D,44.0,49887.0,0.38,0.43,0.51,0.42,0.5,1.0,4.0,3.0,1.72,1.0,1.0,33.0,3.0,51.0,16.0,51.0,37.0,3.0,8.0,77.0,0.0,0.0,33.95,45.67,687.0,965.0,33.0,48.0,118.0,132.0,140.0,45158.0,1.0,3.0,3.0,1.58,28.26,34.58,641.0,834.0,507.0,0.0,1.0,0.0,0.11,0.6,0.0,13.0,0.0,2885.0,0.0,0.0,0.0,0.03,0.86,5.64,13.0,87.0,,,,,,,,,,,,,,
Tomas Nosek,LW,FLA                  FLA,32.0,2025,2025,1,"$775,000","$775,000",775000.0,2024,8477931,exact,False,8477931,2024,Tomas Nosek,FLA,L,59.0,34752.0,17.29,0.52,0.57,0.53,0.57,1.0,6.0,2.0,7.55,0.0,12.0,47.0,11.0,83.0,5.0,20.0,6.0,7.0,5.0,24.0,236.0,220.0,25.4,23.77,551.0,498.0,34.0,23.0,94.0,86.0,149.0,30683.0,0.0,5.0,2.0,7.27,24.21,17.56,530.0,415.0,415.0,1.0,0.0,0.0,0.1,0.24,0.02,8.0,1.0,3485.0,0.0,1.0,0.0,0.18,0.66,4.92,12.0,73.0,,,,,,,,,,,,,,
Igor Shesterkin,G,NYR                  NYR,28.0,2025,2032,8,"$92,000,000","$11,500,000",11500000.0,2024,8478048,exact,True,8478048,2024,Igor Shesterkin,NYR,G,61.0,210308.0,,,,,,,,,,,,,,,,,,,,,,,,,,,,,,,,,,,,,,,,,,,,,,,,,,,,,,,,,,,1751.0,167.0,188.56,178.9,228.0,47.0,71.46,513.0,64.0,64.1,1869.0,56.0,52.99,3589.0
Carey Price,G,SJS                  SJS,30.0,2018,2025,8,"$84,000,000","$10,500,000",10500000.0,2019,8471679,exact,True,8471679,2019,Carey Price,MTL,G,58.0,206389.0,,,,,,,,,,,,,,,,,,,,,,,,,,,,,,,,,,,,,,,,,,,,,,,,,,,,,,,,,,,1758.0,161.0,151.63,146.1,145.0,45.0,47.3,443.0,63.0,55.68,1770.0,53.0,48.64,3113.0
Andrei Vasilevskiy,G,TBL                  TBL,25.0,2020,2027,8,"$76,000,000","$9,500,000",9500000.0,2019,8476883,exact,True,8476883,2019,Andrei Vasilevskiy,T.B,G,52.0,185092.0,,,,,,,,,,,,,,,,,,,,,,,,,,,,,,,,,,,,,,,,,,,,,,,,,,,,,,,,,,,1580.0,131.0,134.8,130.55,119.0,34.0,39.78,409.0,48.0,49.68,1579.0,49.0,45.33,2760.0
Sergei Bobrovsky,G,FLA                  FLA,30.0,2019,2025,7,"$70,000,000","$10,000,000",10000000.0,2019,8475683,exact,True,8475683,2019,Sergei Bobrovsky,FLA,G,50.0,167122.0,,,,,,,,,,,,,,,,,,,,,,,,,,,,,,,,,,,,,,,,,,,,,,,,,,,,,,,,,,,1506.0,153.0,140.08,133.92,140.0,38.0,44.01,422.0,55.0,53.52,1460.0,60.0,42.56,2672.0
Jake Oettinger,G,DAL                  DAL,26.0,2025,2032,8,"$66,000,000","$8,250,000",8250000.0,2024,8479979,exact,True,8479979,2024,Jake Oettinger,DAL,G,58.0,204604.0,,,,,,,,,,,,,,,,,,,,,,,,,,,,,,,,,,,,,,,,,,,,,,,,,,,,,,,,,,,1611.0,147.0,157.65,148.58,171.0,39.0,53.65,432.0,55.0,51.61,1829.0,53.0,52.4,3284.0
Jeremy Swayman,G,BOS                  BOS,25.0,2024,2031,8,"$66,000,000","$8,250,000",8250000.0,2023,8480280,exact,True,8480280,2023,Jeremy Swayman,BOS,G,44.0,153951.0,,,,,,,,,,,,,,,,,,,,,,,,,,,,,,,,,,,,,,,,,,,,,,,,,,,,,,,,,,,1287.0,108.0,126.41,120.44,149.0,37.0,45.54,344.0,37.0,42.95,1405.0,34.0,37.92,2649.0
Ilya Sorokin,G,NYI                  NYI,27.0,2024,2031,8,"$66,000,000","$8,250,000",8250000.0,2023,8478009,exact,True,8478009,2023,Ilya Sorokin,NYI,G,56.0,199559.0,,,,,,,,,,,,,,,,,,,,,,,,,,,,,,,,,,,,,,,,,,,,,,,,,,,,,,,,,,,1822.0,167.0,168.43,159.2,201.0,47.0,68.11,375.0,50.0,46.7,2005.0,70.0,53.62,3697.0
Juuse Saros,G,NSH                  NSH,29.0,2025,2032,8,"$61,920,000","$7,740,000",7740000.0,2024,8477424,exact,True,8477424,2024,Juuse Saros,NSH,G,58.0,201469.0,,,,,,,,,,,,,,,,,,,,,,,,,,,,,,,,,,,,,,,,,,,,,,,,,,,,,,,,,,,1593.0,167.0,159.58,152.21,165.0,43.0,52.4,469.0,52.0,57.02,1685.0,72.0,50.16,3201.0
Connor Hellebuyck,G,WPG                  WPG,30.0,2024,2030,7,"$59,500,000","$8,500,000",8500000.0,2023,8476945,exact,True,8476945,2023,Connor Hellebuyck,WPG,G,60.0,214040.0,,,,,,,,,,,,,,,,,,,,,,,,,,,,,,,,,,,,,,,,,,,,,,,,,,,,,,,,,,,1798.0,142.0,175.12,164.85,203.0,53.0,66.85,448.0,43.0,56.54,1919.0,46.0,51.73,3495.0
Dustin Wolf,G,CGY                  CGY,24.0,2026,2032,7,"$52,500,000","$7,500,000",7500000.0,2024,8481692,exact,True,8481692,2024,Dustin Wolf,CGY,G,53.0,190942.0,,,,,,,,,,,,,,,,,,,,,,,,,,,,,,,,,,,,,,,,,,,,,,,,,,,,,,,,,,,1549.0,140.0,151.93,145.09,148.0,36.0,49.73,433.0,56.0,54.34,1681.0,48.0,47.86,3181.0
John Gibson,G,DET                  DET,25.0,2019,2026,8,"$51,200,000","$6,400,000",6400000.0,2019,8476434,exact,True,8476434,2019,John Gibson,ANA,G,52.0,180583.0,,,,,,,,,,,,,,,,,,,,,,,,,,,,,,,,,,,,,,,,,,,,,,,,,,,,,,,,,,,1560.0,150.0,131.98,127.63,110.0,37.0,36.24,376.0,57.0,46.44,1721.0,56.0,49.3,2870.0
Adin Hill,G,VGK                  VGK,28.0,2025,2030,6,"$37,500,000","$6,250,000",6250000.0,2024,8478499,exact,True,8478499,2024,Adin Hill,VGK,G,50.0,176413.0,,,,,,,,,,,,,,,,,,,,,,,,,,,,,,,,,,,,,,,,,,,,,,,,,,,,,,,,,,,1293.0,121.0,135.53,127.67,148.0,40.0,47.5,358.0,40.0,44.14,1524.0,41.0,43.89,2880.0
Jordan Binnington,G,STL                  STL,27.0,2021,2026,6,"$36,000,000","$6,000,000",6000000.0,2020,8476412,exact,True,8476412,2020,Jordan Binnington,STL,G,42.0,146860.0,,,,,,,,,,,,,,,,,,,,,,,,,,,,,,,,,,,,,,,,,,,,,,,,,,,,,,,,,,,1198.0,108.0,108.08,104.23,109.0,33.0,36.87,300.0,39.0,36.23,1253.0,36.0,34.97,2203.0
Jacob Markstrom,G,NJD                  NJD,29.0,2020,2025,6,"$36,000,000","$6,000,000",6000000.0,2019,8474593,exact,True,8474593,2019,Jacob Markstrom,VAN,G,43.0,153169.0,,,,,,,,,,,,,,,,,,,,,,,,,,,,,,,,,,,,,,,,,,,,,,,,,,,,,,,,,,,1409.0,117.0,118.03,114.64,107.0,32.0,33.65,354.0,44.0,42.69,1425.0,41.0,41.67,2529.0
Phillip Grubauer,G,SEA                  SEA,29.0,2021,2026,6,"$35,400,000","$5,900,000",5900000.0,2020,8475831,exact,True,8475831,2020,Philipp Grubauer,COL,G,40.0,142008.0,,,,,,,,,,,,,,,,,,,,,,,,,,,,,,,,,,,,,,,,,,,,,,,,,,,,,,,,,,,993.0,77.0,82.24,78.1,87.0,20.0,27.64,231.0,27.0,27.3,1044.0,30.0,27.29,1828.0
Logan Thompson,G,WAS                  WAS,27.0,2025,2030,6,"$35,100,000","$5,850,000",5850000.0,2024,8480313,exact,True,8480313,2024,Logan Thompson,WSH,G,43.0,152109.0,,,,,,,,,,,,,,,,,,,,,,,,,,,,,,,,,,,,,,,,,,,,,,,,,,,,,,,,,,,1172.0,105.0,130.96,122.97,155.0,32.0,50.3,342.0,33.0,42.76,1317.0,40.0,37.91,2579.0
Filip Gustavsson,G,MIN                  MIN,27.0,2026,2030,5,"$34,000,000","$6,800,000",6800000.0,2024,8479406,exact,True,8479406,2024,Filip Gustavsson,MIN,G,58.0,205415.0,,,,,,,,,,,,,,,,,,,,,,,,,,,,,,,,,,,,,,,,,,,,,,,,,,,,,,,,,,,1693.0,146.0,161.32,152.87,176.0,42.0,54.97,421.0,49.0,51.41,1984.0,55.0,54.94,3607.0
Linus Ullmark,G,OTT                  OTT,31.0,2025,2028,4,"$33,000,000","$8,250,000",8250000.0,2024,8476999,exact,True,8476999,2024,Linus Ullmark,OTT,G,44.0,148037.0,,,,,,,,,,,,,,,,,,,,,,,,,,,,,,,,,,,,,,,,,,,,,,,,,,,,,,,,,,,1230.0,112.0,125.84,116.86,150.0,37.0,48.76,319.0,36.0,40.2,1298.0,39.0,36.89,2446.0
Lukas Dostal,G,ANA                  ANA,25.0,2025,2029,5,"$32,500,000","$6,500,000",6500000.0,2024,8480843,exact,True,8480843,2024,Lukas Dostal,ANA,G,54.0,183459.0,,,,,,,,,,,,,,,,,,,,,,,,,,,,,,,,,,,,,,,,,,,,,,,,,,,,,,,,,,,1625.0,158.0,172.35,163.1,175.0,40.0,58.2,478.0,64.0,59.62,1845.0,54.0,54.52,3424.0
Elvis Merzlikins,G,CBJ                  CBJ,27.0,2022,2026,5,"$27,000,000","$5,400,000",5400000.0,2021,8478007,exact,True,8478007,2021,Elvis Merzlikins,CBJ,G,59.0,199207.0,,,,,,,,,,,,,,,,,,,,,,,,,,,,,,,,,,,,,,,,,,,,,,,,,,,,,,,,,,,1922.0,178.0,182.03,174.36,160.0,45.0,56.99,550.0,73.0,67.7,1874.0,60.0,57.35,3296.0
Tristan Jarry,G,EDM                  EDM,28.0,2023,2027,5,"$26,875,000","$5,375,000",5375000.0,2022,8477465,exact,True,8477465,2022,Tristan Jarry,PIT,G,47.0,159002.0,,,,,,,,,,,,,,,,,,,,,,,,,,,,,,,,,,,,,,,,,,,,,,,,,,,,,,,,,,,1414.0,128.0,125.18,120.48,105.0,38.0,36.68,403.0,59.0,48.57,1403.0,31.0,39.93,2589.0
MacKenzie Blackwood,G,COL                  COL,28.0,2025,2029,5,"$26,250,000","$5,250,000",5250000.0,2024,8478406,exact,True,8478406,2024,Mackenzie Blackwood,COL,G,56.0,193418.0,,,,,,,,,,,,,,,,,,,,,,,,,,,,,,,,,,,,,,,,,,,,,,,,,,,,,,,,,,,1550.0,137.0,150.32,143.31,159.0,34.0,49.43,421.0,39.0,52.83,1727.0,64.0,48.05,3209.0
Darcy Kuemper,G,LAK                  LAK,31.0,2022,2026,5,"$26,250,000","$5,250,000",5250000.0,2021,8475311,exact,True,8475311,2021,Darcy Kuemper,COL,G,57.0,195525.0,,,,,,,,,,,,,,,,,,,,,,,,,,,,,,,,,,,,,,,,,,,,,,,,,,,,,,,,,,,1755.0,138.0,158.97,148.04,160.0,46.0,54.3,464.0,44.0,56.61,1737.0,48.0,48.07,3079.0
Thatcher Demko,G,VAN                  VAN,29.0,2026,2028,3,"$25,500,000","$8,500,000",8500000.0,2024,8477967,exact,True,8477967,2024,Thatcher Demko,VAN,G,23.0,78118.0,,,,,,,,,,,,,,,,,,,,,,,,,,,,,,,,,,,,,,,,,,,,,,,,,,,,,,,,,,,569.0,63.0,64.44,60.87,80.0,19.0,25.7,163.0,24.0,20.48,645.0,20.0,18.27,1205.0
Joey Daccord,G,SEA                  SEA,28.0,2025,2029,5,"$25,000,000","$5,000,000",5000000.0,2024,8478916,exact,True,8478916,2024,Joey Daccord,SEA,G,57.0,197715.0,,,,,,,,,,,,,,,,,,,,,,,,,,,,,,,,,,,,,,,,,,,,,,,,,,,,,,,,,,,1600.0,151.0,170.05,160.1,199.0,42.0,63.56,418.0,47.0,52.43,1896.0,62.0,54.05,3495.0
Thatcher Demko,G,VAN                  VAN,26.0,2022,2025,5,"$25,000,000","$5,000,000",5000000.0,2021,8477967,exact,True,8477967,2021,Thatcher Demko,VAN,G,64.0,222039.0,,,,,,,,,,,,,,,,,,,,,,,,,,,,,,,,,,,,,,,,,,,,,,,,,,,,,,,,,,,1967.0,168.0,178.5,172.0,161.0,50.0,54.81,547.0,61.0,65.56,1954.0,57.0,58.13,3543.0
Karel Vejmelka,G,UTA                  UTA,28.0,2025,2029,5,"$23,750,000","$4,750,000",4750000.0,2024,8478872,exact,True,8478872,2024,Karel Vejmelka,UTA,G,58.0,202100.0,,,,,,,,,,,,,,,,,,,,,,,,,,,,,,,,,,,,,,,,,,,,,,,,,,,,,,,,,,,1509.0,145.0,159.18,152.71,163.0,57.0,56.0,450.0,42.0,55.62,1618.0,46.0,47.56,3154.0
Ukko-Pekka Luukkonen,G,BUF                  BUF,25.0,2024,2028,5,"$23,750,000","$4,750,000",4750000.0,2023,8480045,exact,True,8480045,2023,Ukko-Pekka Luukkonen,BUF,G,54.0,184874.0,,,,,,,,,,,,,,,,,,,,,,,,,,,,,,,,,,,,,,,,,,,,,,,,,,,,,,,,,,,1470.0,132.0,141.45,135.34,136.0,33.0,39.83,428.0,43.0,54.98,1611.0,56.0,46.65,3001.0
Igor Shesterkin,G,NYR                  NYR,25.0,2021,2024,4,"$22,666,667","$5,666,667",5666667.0,2020,8478048,exact,True,8478048,2020,Igor Shesterkin,NYR,G,35.0,113941.0,,,,,,,,,,,,,,,,,,,,,,,,,,,,,,,,,,,,,,,,,,,,,,,,,,,,,,,,,,,988.0,83.0,85.99,83.38,82.0,25.0,27.31,249.0,28.0,29.87,1030.0,30.0,28.81,1804.0
Kevin Lankinen,G,VAN                  VAN,29.0,2025,2029,5,"$22,500,000","$4,500,000",4500000.0,2024,8480947,exact,True,8480947,2024,Kevin Lankinen,VAN,G,51.0,181187.0,,,,,,,,,,,,,,,,,,,,,,,,,,,,,,,,,,,,,,,,,,,,,,,,,,,,,,,,,,,1345.0,132.0,132.09,126.28,134.0,29.0,42.41,376.0,41.0,47.58,1583.0,62.0,42.11,2928.0
Joonas Korpisalo,G,OTT                  OTT,29.0,2023,2027,5,"$20,000,000","$4,000,000",4000000.0,2022,8476914,exact,True,8476914,2022,Joonas Korpisalo,LAK,G,39.0,130317.0,,,,,,,,,,,,,,,,,,,,,,,,,,,,,,,,,,,,,,,,,,,,,,,,,,,,,,,,,,,1207.0,104.0,116.74,111.59,133.0,37.0,42.14,345.0,33.0,42.23,1183.0,34.0,32.37,2231.0
Juuse Saros,G,NSH                  NSH,25.0,2021,2024,4,"$20,000,000","$5,000,000",5000000.0,2020,8477424,exact,True,8477424,2020,Juuse Saros,NSH,G,36.0,123082.0,,,,,,,,,,,,,,,,,,,,,,,,,,,,,,,,,,,,,,,,,,,,,,,,,,,,,,,,,,,1071.0,78.0,91.15,87.13,77.0,25.0,27.85,255.0,29.0,31.31,1076.0,24.0,31.99,1849.0
Linus Ullmark,G,OTT                  OTT,27.0,2021,2024,4,"$20,000,000","$5,000,000",5000000.0,2020,8476999,exact,True,8476999,2020,Linus Ullmark,BUF,G,20.0,67025.0,,,,,,,,,,,,,,,,,,,,,,,,,,,,,,,,,,,,,,,,,,,,,,,,,,,,,,,,,,,591.0,49.0,45.43,44.02,37.0,13.0,11.6,116.0,20.0,14.66,662.0,16.0,19.18,1030.0
Spencer Knight,G,CHI                  CHI,24.0,2026,2028,3,"$17,500,000","$5,833,333",5833333.0,2024,8481519,exact,True,8481519,2024,Spencer Knight,CHI,G,38.0,132171.0,,,,,,,,,,,,,,,,,,,,,,,,,,,,,,,,,,,,,,,,,,,,,,,,,,,,,,,,,,,1012.0,100.0,106.9,101.97,125.0,26.0,39.12,281.0,28.0,34.72,1152.0,46.0,33.05,2072.0
Anthony Stolarz,G,TOR                  TOR,31.0,2026,2029,4,"$15,000,000","$3,750,000",3750000.0,2024,8476932,exact,True,8476932,2024,Anthony Stolarz,TOR,G,34.0,119214.0,,,,,,,,,,,,,,,,,,,,,,,,,,,,,,,,,,,,,,,,,,,,,,,,,,,,,,,,,,,955.0,71.0,96.78,89.92,111.0,20.0,34.58,248.0,27.0,31.81,1142.0,24.0,30.41,2133.0
Spencer Knight,G,CHI                  CHI,21.0,2023,2025,3,"$13,500,000","$4,500,000",4500000.0,2022,8481519,exact,True,8481519,2022,Spencer Knight,FLA,G,21.0,70125.0,,,,,,,,,,,,,,,,,,,,,,,,,,,,,,,,,,,,,,,,,,,,,,,,,,,,,,,,,,,627.0,62.0,57.52,55.0,59.0,14.0,20.43,161.0,19.0,19.66,613.0,29.0,17.43,1066.0
Jacob Markstrom,G,NJD                  NJD,35.0,2026,2027,2,"$12,000,000","$6,000,000",6000000.0,2024,8474593,exact,True,8474593,2024,Jacob Markstrom,NJD,G,49.0,174181.0,,,,,,,,,,,,,,,,,,,,,,,,,,,,,,,,,,,,,,,,,,,,,,,,,,,,,,,,,,,1214.0,121.0,124.43,117.33,124.0,21.0,39.27,355.0,40.0,43.81,1454.0,60.0,41.35,2677.0
Filip Gustavsson,G,MIN                  MIN,25.0,2023,2025,3,"$11,250,000","$3,750,000",3750000.0,2022,8479406,exact,True,8479406,2022,Filip Gustavsson,MIN,G,39.0,138656.0,,,,,,,,,,,,,,,,,,,,,,,,,,,,,,,,,,,,,,,,,,,,,,,,,,,,,,,,,,,1173.0,81.0,105.16,100.34,96.0,26.0,33.03,306.0,29.0,35.92,1247.0,26.0,36.21,2269.0
Joseph Woll,G,TOR                  TOR,25.0,2025,2027,3,"$11,000,000","$3,666,667",3666667.0,2024,8479361,exact,True,8479361,2024,Joseph Woll,TOR,G,42.0,146540.0,,,,,,,,,,,,,,,,,,,,,,,,,,,,,,,,,,,,,,,,,,,,,,,,,,,,,,,,,,,1216.0,111.0,127.85,120.4,145.0,24.0,48.57,333.0,42.0,40.97,1354.0,45.0,38.31,2558.0
Semyon Varlamov,G,NYI                  NYI,35.0,2023,2026,4,"$11,000,000","$2,750,000",2750000.0,2022,8473575,exact,True,8473575,2022,Semyon Varlamov,NYI,G,23.0,80084.0,,,,,,,,,,,,,,,,,,,,,,,,,,,,,,,,,,,,,,,,,,,,,,,,,,,,,,,,,,,689.0,60.0,63.55,61.15,58.0,12.0,16.65,196.0,25.0,24.74,731.0,23.0,22.17,1338.0
Adin Hill,G,VGK                  VGK,27.0,2023,2024,2,"$9,800,000","$4,900,000",4900000.0,2022,8478499,exact,True,8478499,2022,Adin Hill,VGK,G,27.0,89454.0,,,,,,,,,,,,,,,,,,,,,,,,,,,,,,,,,,,,,,,,,,,,,,,,,,,,,,,,,,,722.0,62.0,62.87,60.16,59.0,16.0,17.97,182.0,22.0,21.81,806.0,24.0,23.09,1489.0
Samuel Montembeault,G,MTL                  MTL,27.0,2024,2026,3,"$9,450,000","$3,150,000",3150000.0,2023,8478470,exact,True,8478470,2023,Sam Montembeault,MTL,G,41.0,145726.0,,,,,,,,,,,,,,,,,,,,,,,,,,,,,,,,,,,,,,,,,,,,,,,,,,,,,,,,,,,1307.0,127.0,130.34,124.11,151.0,32.0,50.37,313.0,49.0,39.47,1432.0,46.0,40.5,2685.0
Jake Allen,G,NJD                  NJD,34.0,2025,2029,5,"$9,000,000","$1,800,000",1800000.0,2024,8474596,exact,True,8474596,2024,Jake Allen,NJD,G,31.0,104290.0,,,,,,,,,,,,,,,,,,,,,,,,,,,,,,,,,,,,,,,,,,,,,,,,,,,,,,,,,,,821.0,77.0,95.42,87.87,122.0,23.0,42.34,215.0,33.0,27.29,910.0,21.0,25.79,1700.0
Charlie Lindgren,G,WAS                  WAS,31.0,2025,2027,3,"$9,000,000","$3,000,000",3000000.0,2024,8479292,exact,True,8479292,2024,Charlie Lindgren,WSH,G,39.0,137220.0,,,,,,,,,,,,,,,,,,,,,,,,,,,,,,,,,,,,,,,,,,,,,,,,,,,,,,,,,,,987.0,104.0,103.03,97.5,109.0,31.0,33.58,298.0,41.0,37.6,1126.0,32.0,31.84,2178.0
Petr Mrazek,G,ANA                  ANA,31.0,2024,2025,2,"$8,500,000","$4,250,000",4250000.0,2023,8475852,exact,True,8475852,2023,Petr Mrazek,CHI,G,56.0,189160.0,,,,,,,,,,,,,,,,,,,,,,,,,,,,,,,,,,,,,,,,,,,,,,,,,,,,,,,,,,,1725.0,160.0,161.6,154.77,168.0,34.0,53.59,437.0,64.0,54.16,1834.0,62.0,53.85,3366.0
Karel Vejmelka,G,UTA                  UTA,25.0,2022,2024,3,"$8,175,000","$2,725,000",2725000.0,2021,8478872,exact,True,8478872,2021,Karel Vejmelka,ARI,G,52.0,166394.0,,,,,,,,,,,,,,,,,,,,,,,,,,,,,,,,,,,,,,,,,,,,,,,,,,,,,,,,,,,1669.0,170.0,146.8,138.92,126.0,46.0,41.84,462.0,59.0,56.17,1676.0,65.0,48.79,2927.0
Pyotr Kochetkov,G,CAR                  CAR,23.0,2023,2026,4,"$8,000,000","$2,000,000",2000000.0,2022,8481611,exact,True,8481611,2022,Pyotr Kochetkov,CAR,G,24.0,84236.0,,,,,,,,,,,,,,,,,,,,,,,,,,,,,,,,,,,,,,,,,,,,,,,,,,,,,,,,,,,627.0,57.0,61.92,57.11,63.0,11.0,20.15,202.0,22.0,24.83,594.0,24.0,16.94,1142.0
Stuart Skinner,G,PIT                  PIT,24.0,2023,2025,3,"$7,800,000","$2,600,000",2600000.0,2022,8479973,exact,True,8479973,2022,Stuart Skinner,EDM,G,50.0,174185.0,,,,,,,,,,,,,,,,,,,,,,,,,,,,,,,,,,,,,,,,,,,,,,,,,,,,,,,,,,,1537.0,133.0,139.75,135.0,125.0,41.0,41.08,449.0,50.0,54.07,1513.0,42.0,44.6,2716.0
Joel Hofer,G,STL                  STL,24.0,2025,2026,2,"$6,800,000","$3,400,000",3400000.0,2024,8480981,exact,True,8480981,2024,Joel Hofer,STL,G,31.0,100729.0,,,,,,,,,,,,,,,,,,,,,,,,,,,,,,,,,,,,,,,,,,,,,,,,,,,,,,,,,,,767.0,74.0,69.66,66.82,63.0,13.0,19.27,218.0,33.0,26.29,859.0,28.0,24.1,1608.0
Daniel Vladar,G,PHI                  PHI,27.0,2025,2026,2,"$6,700,000","$3,350,000",3350000.0,2024,8478435,exact,True,8478435,2024,Dan Vladar,CGY,G,30.0,106862.0,,,,,,,,,,,,,,,,,,,,,,,,,,,,,,,,,,,,,,,,,,,,,,,,,,,,,,,,,,,810.0,83.0,83.91,80.19,86.0,18.0,27.92,233.0,35.0,29.29,905.0,30.0,26.7,1743.0
Alex Nedeljkovic,G,SJS                  SJS,30.0,2026,2027,2,"$6,000,000","$3,000,000",3000000.0,2024,8477968,exact,True,8477968,2024,Alex Nedeljkovic,PIT,G,38.0,129051.0,,,,,,,,,,,,,,,,,,,,,,,,,,,,,,,,,,,,,,,,,,,,,,,,,,,,,,,,,,,1054.0,112.0,111.02,104.73,126.0,32.0,41.39,297.0,37.0,36.92,1142.0,43.0,32.7,2127.0
Connor Ingram,G,EDM                  EDM,26.0,2023,2025,3,"$5,850,000","$1,950,000",1950000.0,2022,8478971,exact,True,8478971,2022,Connor Ingram,ARI,G,27.0,95200.0,,,,,,,,,,,,,,,,,,,,,,,,,,,,,,,,,,,,,,,,,,,,,,,,,,,,,,,,,,,960.0,89.0,92.68,87.91,87.0,24.0,28.17,296.0,33.0,36.31,904.0,32.0,28.2,1662.0
Arvid Söderblom,G,CHI                  CHI,25.0,2025,2026,2,"$5,500,000","$2,750,000",2750000.0,2024,8482821,exact,True,8482821,2024,Arvid Soderblom,CHI,G,36.0,125790.0,,,,,,,,,,,,,,,,,,,,,,,,,,,,,,,,,,,,,,,,,,,,,,,,,,,,,,,,,,,1087.0,111.0,111.96,106.11,119.0,23.0,37.08,294.0,40.0,38.44,1223.0,48.0,36.44,2187.0
Cameron Talbot,G,DET                  DET,36.0,2024,2025,2,"$5,000,000","$2,500,000",2500000.0,2023,8475660,exact,True,8475660,2023,Cam Talbot,LAK,G,54.0,186967.0,,,,,,,,,,,,,,,,,,,,,,,,,,,,,,,,,,,,,,,,,,,,,,,,,,,,,,,,,,,1491.0,130.0,140.74,132.62,145.0,37.0,48.9,381.0,43.0,47.35,1612.0,50.0,44.49,3021.0
Anthony Stolarz,G,TOR                  TOR,30.0,2024,2025,2,"$5,000,000","$2,500,000",2500000.0,2023,8476932,exact,True,8476932,2023,Anthony Stolarz,FLA,G,27.0,90387.0,,,,,,,,,,,,,,,,,,,,,,,,,,,,,,,,,,,,,,,,,,,,,,,,,,,,,,,,,,,684.0,51.0,71.07,66.61,88.0,20.0,28.18,179.0,12.0,22.33,755.0,19.0,20.56,1331.0
Alex Nedeljkovic,G,SJS                  SJS,28.0,2024,2025,2,"$5,000,000","$2,500,000",2500000.0,2023,8477968,exact,True,8477968,2023,Alex Nedeljkovic,PIT,G,38.0,123628.0,,,,,,,,,,,,,,,,,,,,,,,,,,,,,,,,,,,,,,,,,,,,,,,,,,,,,,,,,,,1039.0,102.0,98.7,93.87,89.0,28.0,29.02,281.0,41.0,35.64,1168.0,33.0,34.05,2138.0
MacKenzie Blackwood,G,COL                  COL,26.0,2023,2024,2,"$4,700,000","$2,350,000",2350000.0,2022,8478406,exact,True,8478406,2022,Mackenzie Blackwood,NJD,G,22.0,67533.0,,,,,,,,,,,,,,,,,,,,,,,,,,,,,,,,,,,,,,,,,,,,,,,,,,,,,,,,,,,563.0,60.0,59.14,56.14,67.0,17.0,21.08,174.0,21.0,21.1,563.0,22.0,16.96,1107.0
Anton Forsberg,G,LAK                  LAK,32.0,2025,2026,2,"$4,500,000","$2,250,000",2250000.0,2024,8476341,exact,True,8476341,2024,Anton Forsberg,OTT,G,30.0,100592.0,,,,,,,,,,,,,,,,,,,,,,,,,,,,,,,,,,,,,,,,,,,,,,,,,,,,,,,,,,,768.0,76.0,78.23,75.15,94.0,22.0,29.45,198.0,32.0,25.04,852.0,22.0,23.74,1639.0
Alex Lyon,G,BUF                  BUF,32.0,2025,2026,2,"$3,000,000","$1,500,000",1500000.0,2024,8479312,exact,True,8479312,2024,Alex Lyon,DET,G,30.0,93578.0,,,,,,,,,,,,,,,,,,,,,,,,,,,,,,,,,,,,,,,,,,,,,,,,,,,,,,,,,,,705.0,73.0,75.37,71.29,81.0,12.0,24.89,241.0,31.0,28.88,771.0,30.0,21.6,1520.0
Scott Wedgewood,G,COL                  COL,31.0,2024,2025,2,"$3,000,000","$1,500,000",1500000.0,2023,8475809,exact,True,8475809,2023,Scott Wedgewood,DAL,G,32.0,107348.0,,,,,,,,,,,,,,,,,,,,,,,,,,,,,,,,,,,,,,,,,,,,,,,,,,,,,,,,,,,844.0,85.0,75.63,73.18,81.0,27.0,26.67,192.0,24.0,23.61,944.0,34.0,25.35,1680.0
Casey DeSmith,G,DAL                  DAL,32.0,2024,2026,3,"$3,000,000","$1,000,000",1000000.0,2023,8479193,exact,True,8479193,2023,Casey DeSmith,VAN,G,29.0,99809.0,,,,,,,,,,,,,,,,,,,,,,,,,,,,,,,,,,,,,,,,,,,,,,,,,,,,,,,,,,,760.0,80.0,79.58,74.95,95.0,23.0,30.1,216.0,33.0,27.4,801.0,24.0,22.08,1564.0
Samuel Ersson,G,PHI                  PHI,23.0,2024,2025,2,"$2,900,000","$1,450,000",1450000.0,2023,8481035,exact,True,8481035,2023,Samuel Ersson,PHI,G,51.0,168568.0,,,,,,,,,,,,,,,,,,,,,,,,,,,,,,,,,,,,,,,,,,,,,,,,,,,,,,,,,,,1204.0,132.0,127.24,120.16,146.0,35.0,48.61,333.0,48.0,42.24,1327.0,49.0,36.39,2772.0
Frederik Andersen,G,CAR                  CAR,35.0,2025,2025,1,"$2,750,000","$2,750,000",2750000.0,2024,8475883,exact,True,8475883,2024,Frederik Andersen,CAR,G,22.0,79171.0,,,,,,,,,,,,,,,,,,,,,,,,,,,,,,,,,,,,,,,,,,,,,,,,,,,,,,,,,,,546.0,55.0,63.95,60.0,79.0,15.0,24.41,178.0,17.0,22.59,553.0,23.0,16.95,1075.0
Justus Annunen,G,NSH                  NSH,25.0,2026,2027,2,"$2,500,000","$1,250,000",1250000.0,2024,8481020,exact,True,8481020,2024,Justus Annunen,NSH,G,34.0,107389.0,,,,,,,,,,,,,,,,,,,,,,,,,,,,,,,,,,,,,,,,,,,,,,,,,,,,,,,,,,,814.0,95.0,85.9,81.5,87.0,16.0,27.79,256.0,34.0,31.63,874.0,45.0,26.48,1674.0
Scott Wedgewood,G,COL                  COL,33.0,2026,2026,1,"$2,500,000","$2,500,000",2500000.0,2024,8475809,exact,True,8475809,2024,Scott Wedgewood,COL,G,24.0,82385.0,,,,,,,,,,,,,,,,,,,,,,,,,,,,,,,,,,,,,,,,,,,,,,,,,,,,,,,,,,,578.0,53.0,56.17,53.82,58.0,12.0,18.22,157.0,14.0,19.48,652.0,27.0,18.47,1228.0
Ilya Samsonov,G,VGK                  VGK,27.0,2024,2024,1,"$1,800,000","$1,800,000",1800000.0,2023,8478492,exact,True,8478492,2023,Ilya Samsonov,TOR,G,40.0,138058.0,,,,,,,,,,,,,,,,,,,,,,,,,,,,,,,,,,,,,,,,,,,,,,,,,,,,,,,,,,,1087.0,120.0,111.86,107.41,136.0,35.0,44.63,272.0,41.0,32.97,1251.0,44.0,34.27,2320.0
Jonathan Quick,G,NYR                  NYR,39.0,2025,2025,1,"$1,550,000","$1,550,000",1550000.0,2024,8471734,exact,True,8471734,2024,Jonathan Quick,NYR,G,24.0,79541.0,,,,,,,,,,,,,,,,,,,,,,,,,,,,,,,,,,,,,,,,,,,,,,,,,,,,,,,,,,,657.0,70.0,64.62,62.48,62.0,13.0,19.09,202.0,27.0,24.84,713.0,30.0,20.7,1313.0
Vitek Vanecek,G,UTA                  UTA,29.0,2025,2025,1,"$1,500,000","$1,500,000",1500000.0,2024,8477970,exact,True,8477970,2024,Vitek Vanecek,FLA,G,25.0,83618.0,,,,,,,,,,,,,,,,,,,,,,,,,,,,,,,,,,,,,,,,,,,,,,,,,,,,,,,,,,,724.0,84.0,75.47,71.46,88.0,20.0,28.06,199.0,34.0,24.46,798.0,30.0,22.96,1483.0
Jonathan Quick,G,NYR                  NYR,38.0,2024,2024,1,"$1,300,000","$1,300,000",1300000.0,2023,8471734,exact,True,8471734,2023,Jonathan Quick,NYR,G,27.0,94964.0,,,,,,,,,,,,,,,,,,,,,,,,,,,,,,,,,,,,,,,,,,,,,,,,,,,,,,,,,,,771.0,69.0,78.84,75.41,84.0,12.0,26.62,219.0,34.0,27.52,846.0,23.0,24.7,1579.0
Daniil Tarasov,G,FLA                  FLA,26.0,2025,2025,1,"$1,050,000","$1,050,000",1050000.0,2024,8480193,exact,True,8480193,2024,Daniil Tarasov,CBJ,G,20.0,66025.0,,,,,,,,,,,,,,,,,,,,,,,,,,,,,,,,,,,,,,,,,,,,,,,,,,,,,,,,,,,544.0,65.0,60.64,57.12,66.0,11.0,19.85,186.0,30.0,23.58,570.0,24.0,17.21,1113.0
David Rittich,G,NYI                  NYI,32.0,2025,2025,1,"$1,000,000","$1,000,000",1000000.0,2024,8479496,exact,True,8479496,2024,David Rittich,LAK,G,34.0,111628.0,,,,,,,,,,,,,,,,,,,,,,,,,,,,,,,,,,,,,,,,,,,,,,,,,,,,,,,,,,,772.0,88.0,76.62,73.76,71.0,17.0,23.64,228.0,33.0,28.4,867.0,38.0,24.58,1670.0
Kevin Lankinen,G,VAN                  VAN,29.0,2024,2024,1,"$875,000","$875,000",875000.0,2023,8480947,exact,True,8480947,2023,Kevin Lankinen,NSH,G,24.0,71485.0,,,,,,,,,,,,,,,,,,,,,,,,,,,,,,,,,,,,,,,,,,,,,,,,,,,,,,,,,,,610.0,56.0,60.08,57.45,68.0,17.0,21.05,172.0,21.0,21.1,590.0,18.0,17.93,1148.0
James Reimer,G,OTT                  OTT,37.0,2025,2025,1,"$850,000","$850,000",850000.0,2024,8473503,exact,True,8473503,2024,James Reimer,BUF,G,24.0,81770.0,,,,,,,,,,,,,,,,,,,,,,,,,,,,,,,,,,,,,,,,,,,,,,,,,,,,,,,,,,,664.0,69.0,77.01,72.63,99.0,21.0,28.4,215.0,28.0,26.27,729.0,20.0,22.34,1424.0
